"year","K","nodeID","nodeLabel","nodeLat","nodeLong","raw_block","destination_role_rank","origin_role_rank","raw_in_strength","raw_out_strength","fitted_in_mean","fitted_out_mean","fitted_in_rank01","destination_core_rank","is_destination_core","is_regional_destination_core"
"2015",2,"1","Abai",47.028736,18.517633,1,2,2,0,580,5.60371100164184,9.20804597701122,0.497126436781609,26,FALSE,FALSE
"2015",2,"2","Abauj-Hegykozi",48.471017,21.2741752,1,2,2,0,391,5.60371100164184,9.20804597701122,0.497126436781609,100,FALSE,FALSE
"2015",2,"3","Adonyi",47.119574,18.8652611,1,2,2,0,627,5.60371100164184,9.20804597701122,0.497126436781609,109,FALSE,FALSE
"2015",2,"4","Ajkai",47.1068802,17.563957,1,2,2,0,981,5.60371100164184,9.20804597701122,0.497126436781609,118,FALSE,FALSE
"2015",2,"5","Aszodi",47.6523763,19.4759463,1,2,2,0,1342,5.60371100164184,9.20804597701122,0.497126436781609,127,FALSE,FALSE
"2015",2,"6","Bacsalmasi",46.123955,19.32633,1,2,2,0,397,5.60371100164184,9.20804597701122,0.497126436781609,136,FALSE,FALSE
"2015",2,"7","Bajai",46.1834182,18.9538158,1,2,2,968,2469,5.60371100164184,9.20804597701122,0.497126436781609,19,TRUE,TRUE
"2015",2,"8","Baktaloranthazai",47.997697,22.0766029,1,2,2,0,1054,5.60371100164184,9.20804597701122,0.497126436781609,155,FALSE,FALSE
"2015",2,"9","Balassagyarmati",48.078798,19.2938953,1,2,2,0,1391,5.60371100164184,9.20804597701122,0.497126436781609,166,FALSE,FALSE
"2015",2,"10","Balatonalmadi",47.0286976,18.0148627,1,2,2,0,923,5.60371100164184,9.20804597701122,0.497126436781609,27,FALSE,FALSE
"2015",2,"11","Balatonfoldvari",46.8497238,17.8794039,1,2,2,0,337,5.60371100164184,9.20804597701122,0.497126436781609,36,FALSE,FALSE
"2015",2,"12","Balatonfuredi",46.9564612,17.8889631,1,2,2,0,1057,5.60371100164184,9.20804597701122,0.497126436781609,46,FALSE,FALSE
"2015",2,"13","Balmazujvarosi",47.612435,21.343577,1,2,2,0,777,5.60371100164184,9.20804597701122,0.497126436781609,56,FALSE,FALSE
"2015",2,"14","Barcsi",45.959228,17.4666786,1,2,2,0,582,5.60371100164184,9.20804597701122,0.497126436781609,65,FALSE,FALSE
"2015",2,"15","Batonyterenyei",47.989222,19.828845,1,2,2,0,377,5.60371100164184,9.20804597701122,0.497126436781609,74,FALSE,FALSE
"2015",2,"16","Bekescsabai",46.6841987,21.0867872,1,2,2,0,3192,5.60371100164184,9.20804597701122,0.497126436781609,82,FALSE,FALSE
"2015",2,"17","Bekesi",46.6704899,21.0434996,1,2,2,0,1247,5.60371100164184,9.20804597701122,0.497126436781609,92,FALSE,FALSE
"2015",2,"18","Belapatfalvai",48.052725,20.348591,1,2,2,0,290,5.60371100164184,9.20804597701122,0.497126436781609,98,FALSE,FALSE
"2015",2,"19","Berettyoujfalui",47.233892,21.5340216,1,2,2,0,1389,5.60371100164184,9.20804597701122,0.497126436781609,99,FALSE,FALSE
"2015",2,"20","Bicskei",47.490759,18.6362719,1,2,2,0,1310,5.60371100164184,9.20804597701122,0.497126436781609,101,FALSE,FALSE
"2015",2,"21","Bodrogkozi",48.263291,21.8918689,1,2,2,0,270,5.60371100164184,9.20804597701122,0.497126436781609,102,FALSE,FALSE
"2015",2,"22","Bonyhadi",46.2986759,18.5305778,1,2,2,0,861,5.60371100164184,9.20804597701122,0.497126436781609,103,FALSE,FALSE
"2015",2,"23","Budaorsi",47.460753,18.9581146,1,2,2,387,5427,5.60371100164184,9.20804597701122,0.497126436781609,22,FALSE,FALSE
"2015",2,"24","Budapesti",47.4984056,19.0407578,2,1,1,190394,80642,1087.96571428572,460.811428571423,1,1,TRUE,FALSE
"2015",2,"25","Cegledi",47.1772081,19.7980311,1,2,2,0,4252,5.60371100164184,9.20804597701122,0.497126436781609,104,FALSE,FALSE
"2015",2,"26","Celldomolki",47.257515,17.1526399,1,2,2,0,767,5.60371100164184,9.20804597701122,0.497126436781609,105,FALSE,FALSE
"2015",2,"27","Csengeri",47.8350105,22.6822754,1,2,2,0,402,5.60371100164184,9.20804597701122,0.497126436781609,106,FALSE,FALSE
"2015",2,"28","Csepregi",47.401546,16.7081249,1,2,2,0,322,5.60371100164184,9.20804597701122,0.497126436781609,107,FALSE,FALSE
"2015",2,"29","Csongradi",46.710833,20.144575,1,2,2,0,683,5.60371100164184,9.20804597701122,0.497126436781609,108,FALSE,FALSE
"2015",2,"30","Csornai",47.601529,17.249978,1,2,2,0,887,5.60371100164184,9.20804597701122,0.497126436781609,110,FALSE,FALSE
"2015",2,"31","Csurgoi",46.260776,17.095325,1,2,2,0,373,5.60371100164184,9.20804597701122,0.497126436781609,111,FALSE,FALSE
"2015",2,"32","Dabasi",47.192283,19.330853,1,2,2,0,1031,5.60371100164184,9.20804597701122,0.497126436781609,112,FALSE,FALSE
"2015",2,"33","Debreceni",47.5299739,21.6393571,1,2,2,31754,9736,5.60371100164184,9.20804597701122,0.497126436781609,2,TRUE,TRUE
"2015",2,"34","Derecske-Letavertesi",47.3824608,21.891967,1,2,2,0,754,5.60371100164184,9.20804597701122,0.497126436781609,113,FALSE,FALSE
"2015",2,"35","Devecseri",47.106397,17.437279,1,2,2,0,261,5.60371100164184,9.20804597701122,0.497126436781609,114,FALSE,FALSE
"2015",2,"36","Dombovari",46.383295,18.131089,1,2,2,0,906,5.60371100164184,9.20804597701122,0.497126436781609,115,FALSE,FALSE
"2015",2,"37","Dorogi",47.7197439,18.7287817,1,2,2,0,1162,5.60371100164184,9.20804597701122,0.497126436781609,116,FALSE,FALSE
"2015",2,"38","Dunakeszi",47.6297228,19.1380528,1,2,2,0,3884,5.60371100164184,9.20804597701122,0.497126436781609,117,FALSE,FALSE
"2015",2,"39","Dunaujvarosi",46.980668,18.9127069,1,2,2,0,2452,5.60371100164184,9.20804597701122,0.497126436781609,18,TRUE,TRUE
"2015",2,"40","Edelenyi",48.2966608,20.7442671,1,2,2,0,745,5.60371100164184,9.20804597701122,0.497126436781609,119,FALSE,FALSE
"2015",2,"41","Egri",47.9031987,20.3731077,1,2,2,8565,4164,5.60371100164184,9.20804597701122,0.497126436781609,8,TRUE,TRUE
"2015",2,"42","Encsi",48.330768,21.1219603,1,2,2,0,616,5.60371100164184,9.20804597701122,0.497126436781609,120,FALSE,FALSE
"2015",2,"43","Enyingi",46.9296,18.242978,1,2,2,0,347,5.60371100164184,9.20804597701122,0.497126436781609,121,FALSE,FALSE
"2015",2,"44","Ercsi",47.24966,18.891059,1,2,2,0,685,5.60371100164184,9.20804597701122,0.497126436781609,122,FALSE,FALSE
"2015",2,"45","Erdi",47.3783095,18.9217973,1,2,2,0,4807,5.60371100164184,9.20804597701122,0.497126436781609,123,FALSE,FALSE
"2015",2,"46","Esztergomi",47.793308,18.7419333,1,2,2,0,1831,5.60371100164184,9.20804597701122,0.497126436781609,25,FALSE,FALSE
"2015",2,"47","Fehergyarmati",47.985063,22.517104,1,2,2,0,1207,5.60371100164184,9.20804597701122,0.497126436781609,124,FALSE,FALSE
"2015",2,"48","Fonyodi",46.749197,17.5558792,1,2,2,0,792,5.60371100164184,9.20804597701122,0.497126436781609,125,FALSE,FALSE
"2015",2,"49","Fuzesabonyi",47.750888,20.409611,1,2,2,0,862,5.60371100164184,9.20804597701122,0.497126436781609,126,FALSE,FALSE
"2015",2,"50","Gardonyi",47.1973503,18.6091412,1,2,2,0,824,5.60371100164184,9.20804597701122,0.497126436781609,128,FALSE,FALSE
"2015",2,"51","Godolloi",47.5975105,19.3480017,1,2,2,15766,5213,5.60371100164184,9.20804597701122,0.497126436781609,5,TRUE,TRUE
"2015",2,"52","Gyali",47.3808958,19.215712,1,2,2,0,1631,5.60371100164184,9.20804597701122,0.497126436781609,129,FALSE,FALSE
"2015",2,"53","Gyongyosi",47.775028,19.9280689,1,2,2,0,2806,5.60371100164184,9.20804597701122,0.497126436781609,130,FALSE,FALSE
"2015",2,"54","Gyori",47.684051,17.6351011,1,2,2,12506,6405,5.60371100164184,9.20804597701122,0.497126436781609,6,TRUE,TRUE
"2015",2,"55","Gyulai",46.642498,21.268809,1,2,2,0,1594,5.60371100164184,9.20804597701122,0.497126436781609,131,FALSE,FALSE
"2015",2,"56","Hajduboszormenyi",47.673238,21.5076172,1,2,2,0,1991,5.60371100164184,9.20804597701122,0.497126436781609,132,FALSE,FALSE
"2015",2,"57","Hajduhadhazi",47.68197,21.6685631,1,2,2,0,1532,5.60371100164184,9.20804597701122,0.497126436781609,133,FALSE,FALSE
"2015",2,"58","Hajduszoboszloi",47.443667,21.389719,1,2,2,0,1269,5.60371100164184,9.20804597701122,0.497126436781609,134,FALSE,FALSE
"2015",2,"59","Hatvani",47.668122,19.669901,1,2,2,0,1864,5.60371100164184,9.20804597701122,0.497126436781609,135,FALSE,FALSE
"2015",2,"60","Hevesi",47.5945238,20.2882213,1,2,2,0,793,5.60371100164184,9.20804597701122,0.497126436781609,137,FALSE,FALSE
"2015",2,"61","Hevizi",46.7905869,17.1843866,1,2,2,0,500,5.60371100164184,9.20804597701122,0.497126436781609,138,FALSE,FALSE
"2015",2,"62","Hodmezovasarhelyi",46.430411,20.3188298,1,2,2,0,1825,5.60371100164184,9.20804597701122,0.497126436781609,139,FALSE,FALSE
"2015",2,"63","Ibrany-Nagyhalaszi",48.134908,21.7187528,1,2,2,0,1159,5.60371100164184,9.20804597701122,0.497126436781609,140,FALSE,FALSE
"2015",2,"64","Janoshalmai",46.2967401,19.3228798,1,2,2,0,519,5.60371100164184,9.20804597701122,0.497126436781609,141,FALSE,FALSE
"2015",2,"65","Jaszberenyi",47.5006181,19.9147188,1,2,2,0,2716,5.60371100164184,9.20804597701122,0.497126436781609,142,FALSE,FALSE
"2015",2,"66","Kadarkuti",46.2311466,17.6157102,1,2,2,0,525,5.60371100164184,9.20804597701122,0.497126436781609,143,FALSE,FALSE
"2015",2,"67","Kalocsai",46.5334145,18.9856969,1,2,2,0,1543,5.60371100164184,9.20804597701122,0.497126436781609,144,FALSE,FALSE
"2015",2,"68","Kaposvari",46.36653,17.782483,1,2,2,8630,3214,5.60371100164184,9.20804597701122,0.497126436781609,12,TRUE,TRUE
"2015",2,"69","Kapuvar-Beledi",47.5935568,17.0249715,1,2,2,0,477,5.60371100164184,9.20804597701122,0.497126436781609,145,FALSE,FALSE
"2015",2,"70","Karcagi",47.316632,20.9220631,1,2,2,0,1182,5.60371100164184,9.20804597701122,0.497126436781609,146,FALSE,FALSE
"2015",2,"71","Kazincbarcikai",48.25317,20.6456512,1,2,2,0,1632,5.60371100164184,9.20804597701122,0.497126436781609,147,FALSE,FALSE
"2015",2,"72","Kecskemeti",46.9062092,19.6899774,1,2,2,380,6604,5.60371100164184,9.20804597701122,0.497126436781609,14,TRUE,TRUE
"2015",2,"73","Keszthelyi",46.7695893,17.2481444,1,2,2,0,1353,5.60371100164184,9.20804597701122,0.497126436781609,148,FALSE,FALSE
"2015",2,"74","Kisberi",47.501673,18.0269161,1,2,2,0,514,5.60371100164184,9.20804597701122,0.497126436781609,149,FALSE,FALSE
"2015",2,"75","Kiskorosi",46.620386,19.283827,1,2,2,0,1762,5.60371100164184,9.20804597701122,0.497126436781609,150,FALSE,FALSE
"2015",2,"76","Kiskunfelegyhazai",46.7050953,19.8499199,1,2,2,0,1600,5.60371100164184,9.20804597701122,0.497126436781609,151,FALSE,FALSE
"2015",2,"77","Kiskunhalasi",46.432037,19.4885269,1,2,2,0,1419,5.60371100164184,9.20804597701122,0.497126436781609,152,FALSE,FALSE
"2015",2,"78","Kiskunmajsai",46.492344,19.7368448,1,2,2,0,630,5.60371100164184,9.20804597701122,0.497126436781609,153,FALSE,FALSE
"2015",2,"79","Kisteleki",46.4696447,19.9803972,1,2,2,0,425,5.60371100164184,9.20804597701122,0.497126436781609,154,FALSE,FALSE
"2015",2,"80","Kisvardai",48.2264002,22.0846211,1,2,2,0,2193,5.60371100164184,9.20804597701122,0.497126436781609,156,FALSE,FALSE
"2015",2,"81","Komaromi",47.7434248,18.1191064,1,2,2,0,1164,5.60371100164184,9.20804597701122,0.497126436781609,157,FALSE,FALSE
"2015",2,"82","Komloi",47.600636,20.445412,1,2,2,0,819,5.60371100164184,9.20804597701122,0.497126436781609,158,FALSE,FALSE
"2015",2,"83","Kormendi",47.011113,16.6057156,1,2,2,0,607,5.60371100164184,9.20804597701122,0.497126436781609,159,FALSE,FALSE
"2015",2,"84","Koszegi",47.381935,16.552229,1,2,2,0,557,5.60371100164184,9.20804597701122,0.497126436781609,160,FALSE,FALSE
"2015",2,"85","Kunszentmartoni",46.841082,20.287233,1,2,2,0,881,5.60371100164184,9.20804597701122,0.497126436781609,161,FALSE,FALSE
"2015",2,"86","Kunszentmiklosi",47.026444,19.1227831,1,2,2,0,754,5.60371100164184,9.20804597701122,0.497126436781609,162,FALSE,FALSE
"2015",2,"87","Lengyeltoti",46.667049,17.6407711,1,2,2,0,205,5.60371100164184,9.20804597701122,0.497126436781609,163,FALSE,FALSE
"2015",2,"88","Lenti",46.623785,16.546001,1,2,2,0,588,5.60371100164184,9.20804597701122,0.497126436781609,164,FALSE,FALSE
"2015",2,"89","Letenyei",46.4337456,16.7221882,1,2,2,0,437,5.60371100164184,9.20804597701122,0.497126436781609,165,FALSE,FALSE
"2015",2,"90","Makoi",46.21498,20.47513,1,2,2,0,1290,5.60371100164184,9.20804597701122,0.497126436781609,167,FALSE,FALSE
"2015",2,"91","Marcali",46.582815,17.4119018,1,2,2,0,849,5.60371100164184,9.20804597701122,0.497126436781609,168,FALSE,FALSE
"2015",2,"92","Mateszalkai",47.943265,22.316904,1,2,2,0,1858,5.60371100164184,9.20804597701122,0.497126436781609,169,FALSE,FALSE
"2015",2,"93","Mezocsati",47.823541,20.9028038,1,2,2,0,298,5.60371100164184,9.20804597701122,0.497126436781609,170,FALSE,FALSE
"2015",2,"94","Mezokovacshazai",46.4071834,20.9241681,1,2,2,0,952,5.60371100164184,9.20804597701122,0.497126436781609,171,FALSE,FALSE
"2015",2,"95","Mezokovesdi",47.8068796,20.5650907,1,2,2,0,1407,5.60371100164184,9.20804597701122,0.497126436781609,172,FALSE,FALSE
"2015",2,"96","Mezoturi",47.00278,20.618465,1,2,2,0,902,5.60371100164184,9.20804597701122,0.497126436781609,173,FALSE,FALSE
"2015",2,"97","Miskolci",48.1043854,20.7913563,1,2,2,9882,8359,5.60371100164184,9.20804597701122,0.497126436781609,7,TRUE,TRUE
"2015",2,"98","Mohacsi",45.9959241,18.6798279,1,2,2,0,1295,5.60371100164184,9.20804597701122,0.497126436781609,174,FALSE,FALSE
"2015",2,"99","Monori",47.34754,19.448946,1,2,2,0,3588,5.60371100164184,9.20804597701122,0.497126436781609,175,FALSE,FALSE
"2015",2,"100","Morahalomi",46.217922,19.883719,1,2,2,0,823,5.60371100164184,9.20804597701122,0.497126436781609,28,FALSE,FALSE
"2015",2,"101","Mori",47.3717781,18.2085973,1,2,2,0,1150,5.60371100164184,9.20804597701122,0.497126436781609,29,FALSE,FALSE
"2015",2,"102","Mosonmagyarovari",47.8744063,17.2693897,1,2,2,0,2039,5.60371100164184,9.20804597701122,0.497126436781609,30,FALSE,FALSE
"2015",2,"103","Nagyatadi",46.23001,17.3574429,1,2,2,0,723,5.60371100164184,9.20804597701122,0.497126436781609,31,FALSE,FALSE
"2015",2,"104","Nagykalloi",47.875519,21.8460521,1,2,2,0,1514,5.60371100164184,9.20804597701122,0.497126436781609,32,FALSE,FALSE
"2015",2,"105","Nagykanizsai",46.455237,16.9953419,1,2,2,0,2203,5.60371100164184,9.20804597701122,0.497126436781609,33,FALSE,FALSE
"2015",2,"106","Nagykatai",47.4181175,19.7422453,1,2,2,0,1865,5.60371100164184,9.20804597701122,0.497126436781609,34,FALSE,FALSE
"2015",2,"107","Nyirbatori",47.835414,22.130289,1,2,2,0,1397,5.60371100164184,9.20804597701122,0.497126436781609,35,FALSE,FALSE
"2015",2,"108","Nyiregyhazai",47.9532583,21.7264647,1,2,2,5151,6186,5.60371100164184,9.20804597701122,0.497126436781609,11,TRUE,TRUE
"2015",2,"109","Oroshazai",46.5615338,20.6619204,1,2,2,1889,1787,5.60371100164184,9.20804597701122,0.497126436781609,13,TRUE,TRUE
"2015",2,"110","Oroszlanyi",47.4943329,18.3215448,1,2,2,0,873,5.60371100164184,9.20804597701122,0.497126436781609,37,FALSE,FALSE
"2015",2,"111","Ozdi",48.2195564,20.2869186,1,2,2,0,1263,5.60371100164184,9.20804597701122,0.497126436781609,38,FALSE,FALSE
"2015",2,"112","Oriszentpeteri",46.838954,16.4211574,1,2,2,0,158,5.60371100164184,9.20804597701122,0.497126436781609,39,FALSE,FALSE
"2015",2,"113","Pacsai",46.7226412,17.0096878,1,2,2,0,225,5.60371100164184,9.20804597701122,0.497126436781609,40,FALSE,FALSE
"2015",2,"114","Paksi",46.626368,18.8652409,1,2,2,0,1790,5.60371100164184,9.20804597701122,0.497126436781609,41,FALSE,FALSE
"2015",2,"115","Pannonhalmai",47.55021,17.754228,1,2,2,0,601,5.60371100164184,9.20804597701122,0.497126436781609,42,FALSE,FALSE
"2015",2,"116","Papai",47.3308153,17.4660302,1,2,2,0,1627,5.60371100164184,9.20804597701122,0.497126436781609,43,FALSE,FALSE
"2015",2,"117","Pasztoi",47.919562,19.6978939,1,2,2,0,840,5.60371100164184,9.20804597701122,0.497126436781609,44,FALSE,FALSE
"2015",2,"118","Pecsi",46.0713242,18.2331772,1,2,2,22747,7393,5.60371100164184,9.20804597701122,0.497126436781609,4,TRUE,TRUE
"2015",2,"119","Pecsvaradi",46.158114,18.422176,1,2,2,0,321,5.60371100164184,9.20804597701122,0.497126436781609,45,FALSE,FALSE
"2015",2,"120","Petervasarai",48.017941,20.1019849,1,2,2,0,337,5.60371100164184,9.20804597701122,0.497126436781609,47,FALSE,FALSE
"2015",2,"121","Pilisvorosvari",47.6212089,18.9111742,1,2,2,0,3972,5.60371100164184,9.20804597701122,0.497126436781609,48,FALSE,FALSE
"2015",2,"122","Polgari",47.866362,21.1242449,1,2,2,0,369,5.60371100164184,9.20804597701122,0.497126436781609,49,FALSE,FALSE
"2015",2,"123","Puspokladanyi",47.3176758,21.1165369,1,2,2,0,1326,5.60371100164184,9.20804597701122,0.497126436781609,50,FALSE,FALSE
"2015",2,"124","Rackevei",47.1611023,18.9455669,1,2,2,0,5521,5.60371100164184,9.20804597701122,0.497126436781609,51,FALSE,FALSE
"2015",2,"125","Retsagi",47.9278597,19.1372757,1,2,2,0,647,5.60371100164184,9.20804597701122,0.497126436781609,52,FALSE,FALSE
"2015",2,"126","Salgotarjani",48.0853167,19.7869357,1,2,2,0,1878,5.60371100164184,9.20804597701122,0.497126436781609,53,FALSE,FALSE
"2015",2,"127","Sarbogardi",46.887769,18.6193289,1,2,2,0,562,5.60371100164184,9.20804597701122,0.497126436781609,54,FALSE,FALSE
"2015",2,"128","Sarkadi",46.746283,21.3848669,1,2,2,0,555,5.60371100164184,9.20804597701122,0.497126436781609,55,FALSE,FALSE
"2015",2,"129","Sarospataki",48.318984,21.5663738,1,2,2,0,849,5.60371100164184,9.20804597701122,0.497126436781609,24,FALSE,FALSE
"2015",2,"130","Sarvari",47.2540616,16.9352309,1,2,2,0,1077,5.60371100164184,9.20804597701122,0.497126436781609,57,FALSE,FALSE
"2015",2,"131","Sasdi",46.2548488,18.1060595,1,2,2,0,293,5.60371100164184,9.20804597701122,0.497126436781609,58,FALSE,FALSE
"2015",2,"132","Satoraljaujhelyi",48.3941408,21.6559965,1,2,2,0,822,5.60371100164184,9.20804597701122,0.497126436781609,59,FALSE,FALSE
"2015",2,"133","Sellyei",45.8719698,17.8460989,1,2,2,0,204,5.60371100164184,9.20804597701122,0.497126436781609,60,FALSE,FALSE
"2015",2,"134","Siklosi",45.852147,18.2988281,1,2,2,0,754,5.60371100164184,9.20804597701122,0.497126436781609,61,FALSE,FALSE
"2015",2,"135","Siofoki",46.9057439,18.0525018,1,2,2,0,1189,5.60371100164184,9.20804597701122,0.497126436781609,62,FALSE,FALSE
"2015",2,"136","Sopron-Fertodi",47.684898,16.583053,1,2,2,10331,3067,5.60371100164184,9.20804597701122,0.497126436781609,10,TRUE,TRUE
"2015",2,"137","Sumegi",46.9775543,17.2819824,1,2,2,0,393,5.60371100164184,9.20804597701122,0.497126436781609,63,FALSE,FALSE
"2015",2,"138","Szarvasi",46.8595081,20.5595884,1,2,2,0,1420,5.60371100164184,9.20804597701122,0.497126436781609,21,FALSE,FALSE
"2015",2,"139","Szecsenyi",48.0811488,19.5197217,1,2,2,0,414,5.60371100164184,9.20804597701122,0.497126436781609,64,FALSE,FALSE
"2015",2,"140","Szegedi",46.2536169,20.1461345,1,2,2,28610,9193,5.60371100164184,9.20804597701122,0.497126436781609,3,TRUE,TRUE
"2015",2,"141","Szeghalomi",47.027309,21.166263,1,2,2,0,1057,5.60371100164184,9.20804597701122,0.497126436781609,66,FALSE,FALSE
"2015",2,"142","Szekesfehervari",47.1887157,18.4138088,1,2,2,0,5899,5.60371100164184,9.20804597701122,0.497126436781609,20,TRUE,TRUE
"2015",2,"143","Szekszardi",46.3485623,18.7019205,1,2,2,0,3247,5.60371100164184,9.20804597701122,0.497126436781609,67,FALSE,FALSE
"2015",2,"144","Szentendrei",47.6734712,19.07254,1,2,2,0,4638,5.60371100164184,9.20804597701122,0.497126436781609,68,FALSE,FALSE
"2015",2,"145","Szentesi",46.65192,20.2571842,1,2,2,0,1373,5.60371100164184,9.20804597701122,0.497126436781609,69,FALSE,FALSE
"2015",2,"146","Szentgotthardi",46.9527524,16.2737218,1,2,2,0,444,5.60371100164184,9.20804597701122,0.497126436781609,70,FALSE,FALSE
"2015",2,"147","Szentlorinci",46.040211,17.989775,1,2,2,0,332,5.60371100164184,9.20804597701122,0.497126436781609,71,FALSE,FALSE
"2015",2,"148","Szerencsi",48.162418,21.205206,1,2,2,0,1163,5.60371100164184,9.20804597701122,0.497126436781609,72,FALSE,FALSE
"2015",2,"149","Szigetvari",46.0482577,17.8123125,1,2,2,0,516,5.60371100164184,9.20804597701122,0.497126436781609,73,FALSE,FALSE
"2015",2,"150","Szikszoi",48.1949949,20.9294318,1,2,2,0,436,5.60371100164184,9.20804597701122,0.497126436781609,75,FALSE,FALSE
"2015",2,"151","Szobi",47.818012,18.8667731,1,2,2,0,333,5.60371100164184,9.20804597701122,0.497126436781609,76,FALSE,FALSE
"2015",2,"152","Szolnoki",47.174662,20.17628,1,2,2,1597,4278,5.60371100164184,9.20804597701122,0.497126436781609,15,TRUE,TRUE
"2015",2,"153","Szombathelyi",47.23514,16.6219178,1,2,2,0,4122,5.60371100164184,9.20804597701122,0.497126436781609,23,FALSE,FALSE
"2015",2,"154","Tabi",46.729486,18.0329558,1,2,2,0,227,5.60371100164184,9.20804597701122,0.497126436781609,77,FALSE,FALSE
"2015",2,"155","Tamasi",46.6295947,18.2846991,1,2,2,0,863,5.60371100164184,9.20804597701122,0.497126436781609,78,FALSE,FALSE
"2015",2,"156","Tapolcai",46.88289,17.4413581,1,2,2,0,1049,5.60371100164184,9.20804597701122,0.497126436781609,79,FALSE,FALSE
"2015",2,"157","Tatabanyai",47.5861869,18.3947662,1,2,2,908,3078,5.60371100164184,9.20804597701122,0.497126436781609,16,TRUE,TRUE
"2015",2,"158","Tatai",47.655255,18.3285248,1,2,2,0,1670,5.60371100164184,9.20804597701122,0.497126436781609,80,FALSE,FALSE
"2015",2,"159","Teti",47.515979,17.5168418,1,2,2,0,455,5.60371100164184,9.20804597701122,0.497126436781609,81,FALSE,FALSE
"2015",2,"160","Tiszafuredi",47.615345,20.7617821,1,2,2,0,926,5.60371100164184,9.20804597701122,0.497126436781609,83,FALSE,FALSE
"2015",2,"161","Tiszaujvarosi",47.92291,21.052195,1,2,2,0,1212,5.60371100164184,9.20804597701122,0.497126436781609,84,FALSE,FALSE
"2015",2,"162","Tiszavasvari",47.9511368,21.3687867,1,2,2,0,967,5.60371100164184,9.20804597701122,0.497126436781609,85,FALSE,FALSE
"2015",2,"163","Tokaji",48.119994,21.412563,1,2,2,0,356,5.60371100164184,9.20804597701122,0.497126436781609,86,FALSE,FALSE
"2015",2,"164","Torokszentmiklosi",47.180736,20.4182932,1,2,2,0,944,5.60371100164184,9.20804597701122,0.497126436781609,87,FALSE,FALSE
"2015",2,"165","Vaci",47.7754454,19.1377076,1,2,2,1411,2681,5.60371100164184,9.20804597701122,0.497126436781609,17,TRUE,TRUE
"2015",2,"166","Varpalotai",47.1973949,18.1396572,1,2,2,0,933,5.60371100164184,9.20804597701122,0.497126436781609,88,FALSE,FALSE
"2015",2,"167","Vasarosnamenyi",48.126772,22.318366,1,2,2,0,934,5.60371100164184,9.20804597701122,0.497126436781609,89,FALSE,FALSE
"2015",2,"168","Vasvari",47.051087,16.7985158,1,2,2,0,351,5.60371100164184,9.20804597701122,0.497126436781609,90,FALSE,FALSE
"2015",2,"169","Veresegyhazi",47.65714,19.284962,1,2,2,0,1628,5.60371100164184,9.20804597701122,0.497126436781609,91,FALSE,FALSE
"2015",2,"170","Veszpremi",47.092967,17.913785,1,2,2,9151,3586,5.60371100164184,9.20804597701122,0.497126436781609,9,TRUE,TRUE
"2015",2,"171","Zahonyi",48.406999,22.1745391,1,2,2,0,701,5.60371100164184,9.20804597701122,0.497126436781609,93,FALSE,FALSE
"2015",2,"172","Zalaegerszegi",46.845412,16.8472302,1,2,2,0,3438,5.60371100164184,9.20804597701122,0.497126436781609,94,FALSE,FALSE
"2015",2,"173","Zalakarosi",46.5605989,17.1230251,1,2,2,0,260,5.60371100164184,9.20804597701122,0.497126436781609,95,FALSE,FALSE
"2015",2,"174","Zalaszentgroti",46.947143,17.0790458,1,2,2,0,370,5.60371100164184,9.20804597701122,0.497126436781609,96,FALSE,FALSE
"2015",2,"175","Zirci",47.2630578,17.8725401,1,2,2,0,575,5.60371100164184,9.20804597701122,0.497126436781609,97,FALSE,FALSE
"2015",4,"1","Abai",47.028736,18.517633,2,3,3,0,580,0,9.59973421926911,0.445402298850575,26,FALSE,FALSE
"2015",4,"2","Abauj-Hegykozi",48.471017,21.2741752,2,3,3,0,391,0,9.59973421926911,0.445402298850575,100,FALSE,FALSE
"2015",4,"3","Adonyi",47.119574,18.8652611,2,3,3,0,627,0,9.59973421926911,0.445402298850575,109,FALSE,FALSE
"2015",4,"4","Ajkai",47.1068802,17.563957,3,3,4,0,981,0,3.51583673469388,0.445402298850575,118,FALSE,FALSE
"2015",4,"5","Aszodi",47.6523763,19.4759463,2,3,3,0,1342,0,9.59973421926911,0.445402298850575,127,FALSE,FALSE
"2015",4,"6","Bacsalmasi",46.123955,19.32633,3,3,4,0,397,0,3.51583673469388,0.445402298850575,136,FALSE,FALSE
"2015",4,"7","Bajai",46.1834182,18.9538158,4,2,2,968,2469,54.1692063492062,29.4730158730159,0.945402298850575,19,TRUE,TRUE
"2015",4,"8","Baktaloranthazai",47.997697,22.0766029,3,3,4,0,1054,0,3.51583673469388,0.445402298850575,155,FALSE,FALSE
"2015",4,"9","Balassagyarmati",48.078798,19.2938953,2,3,3,0,1391,0,9.59973421926911,0.445402298850575,166,FALSE,FALSE
"2015",4,"10","Balatonalmadi",47.0286976,18.0148627,2,3,3,0,923,0,9.59973421926911,0.445402298850575,27,FALSE,FALSE
"2015",4,"11","Balatonfoldvari",46.8497238,17.8794039,3,3,4,0,337,0,3.51583673469388,0.445402298850575,36,FALSE,FALSE
"2015",4,"12","Balatonfuredi",46.9564612,17.8889631,2,3,3,0,1057,0,9.59973421926911,0.445402298850575,46,FALSE,FALSE
"2015",4,"13","Balmazujvarosi",47.612435,21.343577,3,3,4,0,777,0,3.51583673469388,0.445402298850575,56,FALSE,FALSE
"2015",4,"14","Barcsi",45.959228,17.4666786,3,3,4,0,582,0,3.51583673469388,0.445402298850575,65,FALSE,FALSE
"2015",4,"15","Batonyterenyei",47.989222,19.828845,2,3,3,0,377,0,9.59973421926911,0.445402298850575,74,FALSE,FALSE
"2015",4,"16","Bekescsabai",46.6841987,21.0867872,2,3,3,0,3192,0,9.59973421926911,0.445402298850575,82,FALSE,FALSE
"2015",4,"17","Bekesi",46.6704899,21.0434996,2,3,3,0,1247,0,9.59973421926911,0.445402298850575,92,FALSE,FALSE
"2015",4,"18","Belapatfalvai",48.052725,20.348591,3,3,4,0,290,0,3.51583673469388,0.445402298850575,98,FALSE,FALSE
"2015",4,"19","Berettyoujfalui",47.233892,21.5340216,2,3,3,0,1389,0,9.59973421926911,0.445402298850575,99,FALSE,FALSE
"2015",4,"20","Bicskei",47.490759,18.6362719,2,3,3,0,1310,0,9.59973421926911,0.445402298850575,101,FALSE,FALSE
"2015",4,"21","Bodrogkozi",48.263291,21.8918689,3,3,4,0,270,0,3.51583673469388,0.445402298850575,102,FALSE,FALSE
"2015",4,"22","Bonyhadi",46.2986759,18.5305778,2,3,3,0,861,0,9.59973421926911,0.445402298850575,103,FALSE,FALSE
"2015",4,"23","Budaorsi",47.460753,18.9581146,4,2,2,387,5427,54.1692063492062,29.4730158730159,0.945402298850575,22,FALSE,FALSE
"2015",4,"24","Budapesti",47.4984056,19.0407578,1,1,1,190394,80642,1087.96571428571,460.811428571429,1,1,TRUE,FALSE
"2015",4,"25","Cegledi",47.1772081,19.7980311,2,3,3,0,4252,0,9.59973421926911,0.445402298850575,104,FALSE,FALSE
"2015",4,"26","Celldomolki",47.257515,17.1526399,3,3,4,0,767,0,3.51583673469388,0.445402298850575,105,FALSE,FALSE
"2015",4,"27","Csengeri",47.8350105,22.6822754,3,3,4,0,402,0,3.51583673469388,0.445402298850575,106,FALSE,FALSE
"2015",4,"28","Csepregi",47.401546,16.7081249,3,3,4,0,322,0,3.51583673469388,0.445402298850575,107,FALSE,FALSE
"2015",4,"29","Csongradi",46.710833,20.144575,2,3,3,0,683,0,9.59973421926911,0.445402298850575,108,FALSE,FALSE
"2015",4,"30","Csornai",47.601529,17.249978,3,3,4,0,887,0,3.51583673469388,0.445402298850575,110,FALSE,FALSE
"2015",4,"31","Csurgoi",46.260776,17.095325,3,3,4,0,373,0,3.51583673469388,0.445402298850575,111,FALSE,FALSE
"2015",4,"32","Dabasi",47.192283,19.330853,2,3,3,0,1031,0,9.59973421926911,0.445402298850575,112,FALSE,FALSE
"2015",4,"33","Debreceni",47.5299739,21.6393571,4,2,2,31754,9736,54.1692063492062,29.4730158730159,0.945402298850575,2,TRUE,TRUE
"2015",4,"34","Derecske-Letavertesi",47.3824608,21.891967,3,3,4,0,754,0,3.51583673469388,0.445402298850575,113,FALSE,FALSE
"2015",4,"35","Devecseri",47.106397,17.437279,3,3,4,0,261,0,3.51583673469388,0.445402298850575,114,FALSE,FALSE
"2015",4,"36","Dombovari",46.383295,18.131089,3,3,4,0,906,0,3.51583673469388,0.445402298850575,115,FALSE,FALSE
"2015",4,"37","Dorogi",47.7197439,18.7287817,2,3,3,0,1162,0,9.59973421926911,0.445402298850575,116,FALSE,FALSE
"2015",4,"38","Dunakeszi",47.6297228,19.1380528,2,3,3,0,3884,0,9.59973421926911,0.445402298850575,117,FALSE,FALSE
"2015",4,"39","Dunaujvarosi",46.980668,18.9127069,2,3,3,0,2452,0,9.59973421926911,0.445402298850575,18,TRUE,TRUE
"2015",4,"40","Edelenyi",48.2966608,20.7442671,2,3,3,0,745,0,9.59973421926911,0.445402298850575,119,FALSE,FALSE
"2015",4,"41","Egri",47.9031987,20.3731077,4,2,2,8565,4164,54.1692063492062,29.4730158730159,0.945402298850575,8,TRUE,TRUE
"2015",4,"42","Encsi",48.330768,21.1219603,3,3,4,0,616,0,3.51583673469388,0.445402298850575,120,FALSE,FALSE
"2015",4,"43","Enyingi",46.9296,18.242978,3,3,4,0,347,0,3.51583673469388,0.445402298850575,121,FALSE,FALSE
"2015",4,"44","Ercsi",47.24966,18.891059,2,3,3,0,685,0,9.59973421926911,0.445402298850575,122,FALSE,FALSE
"2015",4,"45","Erdi",47.3783095,18.9217973,2,3,3,0,4807,0,9.59973421926911,0.445402298850575,123,FALSE,FALSE
"2015",4,"46","Esztergomi",47.793308,18.7419333,2,3,3,0,1831,0,9.59973421926911,0.445402298850575,25,FALSE,FALSE
"2015",4,"47","Fehergyarmati",47.985063,22.517104,3,3,4,0,1207,0,3.51583673469388,0.445402298850575,124,FALSE,FALSE
"2015",4,"48","Fonyodi",46.749197,17.5558792,3,3,4,0,792,0,3.51583673469388,0.445402298850575,125,FALSE,FALSE
"2015",4,"49","Fuzesabonyi",47.750888,20.409611,2,3,3,0,862,0,9.59973421926911,0.445402298850575,126,FALSE,FALSE
"2015",4,"50","Gardonyi",47.1973503,18.6091412,2,3,3,0,824,0,9.59973421926911,0.445402298850575,128,FALSE,FALSE
"2015",4,"51","Godolloi",47.5975105,19.3480017,4,2,2,15766,5213,54.1692063492062,29.4730158730159,0.945402298850575,5,TRUE,TRUE
"2015",4,"52","Gyali",47.3808958,19.215712,2,3,3,0,1631,0,9.59973421926911,0.445402298850575,129,FALSE,FALSE
"2015",4,"53","Gyongyosi",47.775028,19.9280689,2,3,3,0,2806,0,9.59973421926911,0.445402298850575,130,FALSE,FALSE
"2015",4,"54","Gyori",47.684051,17.6351011,4,2,2,12506,6405,54.1692063492062,29.4730158730159,0.945402298850575,6,TRUE,TRUE
"2015",4,"55","Gyulai",46.642498,21.268809,2,3,3,0,1594,0,9.59973421926911,0.445402298850575,131,FALSE,FALSE
"2015",4,"56","Hajduboszormenyi",47.673238,21.5076172,3,3,4,0,1991,0,3.51583673469388,0.445402298850575,132,FALSE,FALSE
"2015",4,"57","Hajduhadhazi",47.68197,21.6685631,2,3,3,0,1532,0,9.59973421926911,0.445402298850575,133,FALSE,FALSE
"2015",4,"58","Hajduszoboszloi",47.443667,21.389719,2,3,3,0,1269,0,9.59973421926911,0.445402298850575,134,FALSE,FALSE
"2015",4,"59","Hatvani",47.668122,19.669901,2,3,3,0,1864,0,9.59973421926911,0.445402298850575,135,FALSE,FALSE
"2015",4,"60","Hevesi",47.5945238,20.2882213,2,3,3,0,793,0,9.59973421926911,0.445402298850575,137,FALSE,FALSE
"2015",4,"61","Hevizi",46.7905869,17.1843866,3,3,4,0,500,0,3.51583673469388,0.445402298850575,138,FALSE,FALSE
"2015",4,"62","Hodmezovasarhelyi",46.430411,20.3188298,2,3,3,0,1825,0,9.59973421926911,0.445402298850575,139,FALSE,FALSE
"2015",4,"63","Ibrany-Nagyhalaszi",48.134908,21.7187528,2,3,3,0,1159,0,9.59973421926911,0.445402298850575,140,FALSE,FALSE
"2015",4,"64","Janoshalmai",46.2967401,19.3228798,3,3,4,0,519,0,3.51583673469388,0.445402298850575,141,FALSE,FALSE
"2015",4,"65","Jaszberenyi",47.5006181,19.9147188,2,3,3,0,2716,0,9.59973421926911,0.445402298850575,142,FALSE,FALSE
"2015",4,"66","Kadarkuti",46.2311466,17.6157102,3,3,4,0,525,0,3.51583673469388,0.445402298850575,143,FALSE,FALSE
"2015",4,"67","Kalocsai",46.5334145,18.9856969,2,3,3,0,1543,0,9.59973421926911,0.445402298850575,144,FALSE,FALSE
"2015",4,"68","Kaposvari",46.36653,17.782483,4,2,2,8630,3214,54.1692063492062,29.4730158730159,0.945402298850575,12,TRUE,TRUE
"2015",4,"69","Kapuvar-Beledi",47.5935568,17.0249715,3,3,4,0,477,0,3.51583673469388,0.445402298850575,145,FALSE,FALSE
"2015",4,"70","Karcagi",47.316632,20.9220631,2,3,3,0,1182,0,9.59973421926911,0.445402298850575,146,FALSE,FALSE
"2015",4,"71","Kazincbarcikai",48.25317,20.6456512,3,3,4,0,1632,0,3.51583673469388,0.445402298850575,147,FALSE,FALSE
"2015",4,"72","Kecskemeti",46.9062092,19.6899774,4,2,2,380,6604,54.1692063492062,29.4730158730159,0.945402298850575,14,TRUE,TRUE
"2015",4,"73","Keszthelyi",46.7695893,17.2481444,2,3,3,0,1353,0,9.59973421926911,0.445402298850575,148,FALSE,FALSE
"2015",4,"74","Kisberi",47.501673,18.0269161,3,3,4,0,514,0,3.51583673469388,0.445402298850575,149,FALSE,FALSE
"2015",4,"75","Kiskorosi",46.620386,19.283827,2,3,3,0,1762,0,9.59973421926911,0.445402298850575,150,FALSE,FALSE
"2015",4,"76","Kiskunfelegyhazai",46.7050953,19.8499199,2,3,3,0,1600,0,9.59973421926911,0.445402298850575,151,FALSE,FALSE
"2015",4,"77","Kiskunhalasi",46.432037,19.4885269,2,3,3,0,1419,0,9.59973421926911,0.445402298850575,152,FALSE,FALSE
"2015",4,"78","Kiskunmajsai",46.492344,19.7368448,3,3,4,0,630,0,3.51583673469388,0.445402298850575,153,FALSE,FALSE
"2015",4,"79","Kisteleki",46.4696447,19.9803972,3,3,4,0,425,0,3.51583673469388,0.445402298850575,154,FALSE,FALSE
"2015",4,"80","Kisvardai",48.2264002,22.0846211,2,3,3,0,2193,0,9.59973421926911,0.445402298850575,156,FALSE,FALSE
"2015",4,"81","Komaromi",47.7434248,18.1191064,3,3,4,0,1164,0,3.51583673469388,0.445402298850575,157,FALSE,FALSE
"2015",4,"82","Komloi",47.600636,20.445412,3,3,4,0,819,0,3.51583673469388,0.445402298850575,158,FALSE,FALSE
"2015",4,"83","Kormendi",47.011113,16.6057156,3,3,4,0,607,0,3.51583673469388,0.445402298850575,159,FALSE,FALSE
"2015",4,"84","Koszegi",47.381935,16.552229,3,3,4,0,557,0,3.51583673469388,0.445402298850575,160,FALSE,FALSE
"2015",4,"85","Kunszentmartoni",46.841082,20.287233,2,3,3,0,881,0,9.59973421926911,0.445402298850575,161,FALSE,FALSE
"2015",4,"86","Kunszentmiklosi",47.026444,19.1227831,2,3,3,0,754,0,9.59973421926911,0.445402298850575,162,FALSE,FALSE
"2015",4,"87","Lengyeltoti",46.667049,17.6407711,3,3,4,0,205,0,3.51583673469388,0.445402298850575,163,FALSE,FALSE
"2015",4,"88","Lenti",46.623785,16.546001,2,3,3,0,588,0,9.59973421926911,0.445402298850575,164,FALSE,FALSE
"2015",4,"89","Letenyei",46.4337456,16.7221882,3,3,4,0,437,0,3.51583673469388,0.445402298850575,165,FALSE,FALSE
"2015",4,"90","Makoi",46.21498,20.47513,2,3,3,0,1290,0,9.59973421926911,0.445402298850575,167,FALSE,FALSE
"2015",4,"91","Marcali",46.582815,17.4119018,3,3,4,0,849,0,3.51583673469388,0.445402298850575,168,FALSE,FALSE
"2015",4,"92","Mateszalkai",47.943265,22.316904,2,3,3,0,1858,0,9.59973421926911,0.445402298850575,169,FALSE,FALSE
"2015",4,"93","Mezocsati",47.823541,20.9028038,3,3,4,0,298,0,3.51583673469388,0.445402298850575,170,FALSE,FALSE
"2015",4,"94","Mezokovacshazai",46.4071834,20.9241681,2,3,3,0,952,0,9.59973421926911,0.445402298850575,171,FALSE,FALSE
"2015",4,"95","Mezokovesdi",47.8068796,20.5650907,3,3,4,0,1407,0,3.51583673469388,0.445402298850575,172,FALSE,FALSE
"2015",4,"96","Mezoturi",47.00278,20.618465,2,3,3,0,902,0,9.59973421926911,0.445402298850575,173,FALSE,FALSE
"2015",4,"97","Miskolci",48.1043854,20.7913563,4,2,2,9882,8359,54.1692063492062,29.4730158730159,0.945402298850575,7,TRUE,TRUE
"2015",4,"98","Mohacsi",45.9959241,18.6798279,2,3,3,0,1295,0,9.59973421926911,0.445402298850575,174,FALSE,FALSE
"2015",4,"99","Monori",47.34754,19.448946,2,3,3,0,3588,0,9.59973421926911,0.445402298850575,175,FALSE,FALSE
"2015",4,"100","Morahalomi",46.217922,19.883719,3,3,4,0,823,0,3.51583673469388,0.445402298850575,28,FALSE,FALSE
"2015",4,"101","Mori",47.3717781,18.2085973,2,3,3,0,1150,0,9.59973421926911,0.445402298850575,29,FALSE,FALSE
"2015",4,"102","Mosonmagyarovari",47.8744063,17.2693897,2,3,3,0,2039,0,9.59973421926911,0.445402298850575,30,FALSE,FALSE
"2015",4,"103","Nagyatadi",46.23001,17.3574429,3,3,4,0,723,0,3.51583673469388,0.445402298850575,31,FALSE,FALSE
"2015",4,"104","Nagykalloi",47.875519,21.8460521,2,3,3,0,1514,0,9.59973421926911,0.445402298850575,32,FALSE,FALSE
"2015",4,"105","Nagykanizsai",46.455237,16.9953419,2,3,3,0,2203,0,9.59973421926911,0.445402298850575,33,FALSE,FALSE
"2015",4,"106","Nagykatai",47.4181175,19.7422453,2,3,3,0,1865,0,9.59973421926911,0.445402298850575,34,FALSE,FALSE
"2015",4,"107","Nyirbatori",47.835414,22.130289,2,3,3,0,1397,0,9.59973421926911,0.445402298850575,35,FALSE,FALSE
"2015",4,"108","Nyiregyhazai",47.9532583,21.7264647,4,2,2,5151,6186,54.1692063492062,29.4730158730159,0.945402298850575,11,TRUE,TRUE
"2015",4,"109","Oroshazai",46.5615338,20.6619204,4,2,2,1889,1787,54.1692063492062,29.4730158730159,0.945402298850575,13,TRUE,TRUE
"2015",4,"110","Oroszlanyi",47.4943329,18.3215448,2,3,3,0,873,0,9.59973421926911,0.445402298850575,37,FALSE,FALSE
"2015",4,"111","Ozdi",48.2195564,20.2869186,3,3,4,0,1263,0,3.51583673469388,0.445402298850575,38,FALSE,FALSE
"2015",4,"112","Oriszentpeteri",46.838954,16.4211574,3,3,4,0,158,0,3.51583673469388,0.445402298850575,39,FALSE,FALSE
"2015",4,"113","Pacsai",46.7226412,17.0096878,3,3,4,0,225,0,3.51583673469388,0.445402298850575,40,FALSE,FALSE
"2015",4,"114","Paksi",46.626368,18.8652409,2,3,3,0,1790,0,9.59973421926911,0.445402298850575,41,FALSE,FALSE
"2015",4,"115","Pannonhalmai",47.55021,17.754228,3,3,4,0,601,0,3.51583673469388,0.445402298850575,42,FALSE,FALSE
"2015",4,"116","Papai",47.3308153,17.4660302,2,3,3,0,1627,0,9.59973421926911,0.445402298850575,43,FALSE,FALSE
"2015",4,"117","Pasztoi",47.919562,19.6978939,3,3,4,0,840,0,3.51583673469388,0.445402298850575,44,FALSE,FALSE
"2015",4,"118","Pecsi",46.0713242,18.2331772,4,2,2,22747,7393,54.1692063492062,29.4730158730159,0.945402298850575,4,TRUE,TRUE
"2015",4,"119","Pecsvaradi",46.158114,18.422176,3,3,4,0,321,0,3.51583673469388,0.445402298850575,45,FALSE,FALSE
"2015",4,"120","Petervasarai",48.017941,20.1019849,3,3,4,0,337,0,3.51583673469388,0.445402298850575,47,FALSE,FALSE
"2015",4,"121","Pilisvorosvari",47.6212089,18.9111742,2,3,3,0,3972,0,9.59973421926911,0.445402298850575,48,FALSE,FALSE
"2015",4,"122","Polgari",47.866362,21.1242449,3,3,4,0,369,0,3.51583673469388,0.445402298850575,49,FALSE,FALSE
"2015",4,"123","Puspokladanyi",47.3176758,21.1165369,2,3,3,0,1326,0,9.59973421926911,0.445402298850575,50,FALSE,FALSE
"2015",4,"124","Rackevei",47.1611023,18.9455669,2,3,3,0,5521,0,9.59973421926911,0.445402298850575,51,FALSE,FALSE
"2015",4,"125","Retsagi",47.9278597,19.1372757,2,3,3,0,647,0,9.59973421926911,0.445402298850575,52,FALSE,FALSE
"2015",4,"126","Salgotarjani",48.0853167,19.7869357,2,3,3,0,1878,0,9.59973421926911,0.445402298850575,53,FALSE,FALSE
"2015",4,"127","Sarbogardi",46.887769,18.6193289,2,3,3,0,562,0,9.59973421926911,0.445402298850575,54,FALSE,FALSE
"2015",4,"128","Sarkadi",46.746283,21.3848669,3,3,4,0,555,0,3.51583673469388,0.445402298850575,55,FALSE,FALSE
"2015",4,"129","Sarospataki",48.318984,21.5663738,3,3,4,0,849,0,3.51583673469388,0.445402298850575,24,FALSE,FALSE
"2015",4,"130","Sarvari",47.2540616,16.9352309,3,3,4,0,1077,0,3.51583673469388,0.445402298850575,57,FALSE,FALSE
"2015",4,"131","Sasdi",46.2548488,18.1060595,3,3,4,0,293,0,3.51583673469388,0.445402298850575,58,FALSE,FALSE
"2015",4,"132","Satoraljaujhelyi",48.3941408,21.6559965,3,3,4,0,822,0,3.51583673469388,0.445402298850575,59,FALSE,FALSE
"2015",4,"133","Sellyei",45.8719698,17.8460989,3,3,4,0,204,0,3.51583673469388,0.445402298850575,60,FALSE,FALSE
"2015",4,"134","Siklosi",45.852147,18.2988281,2,3,3,0,754,0,9.59973421926911,0.445402298850575,61,FALSE,FALSE
"2015",4,"135","Siofoki",46.9057439,18.0525018,2,3,3,0,1189,0,9.59973421926911,0.445402298850575,62,FALSE,FALSE
"2015",4,"136","Sopron-Fertodi",47.684898,16.583053,4,2,2,10331,3067,54.1692063492062,29.4730158730159,0.945402298850575,10,TRUE,TRUE
"2015",4,"137","Sumegi",46.9775543,17.2819824,3,3,4,0,393,0,3.51583673469388,0.445402298850575,63,FALSE,FALSE
"2015",4,"138","Szarvasi",46.8595081,20.5595884,2,3,3,0,1420,0,9.59973421926911,0.445402298850575,21,FALSE,FALSE
"2015",4,"139","Szecsenyi",48.0811488,19.5197217,3,3,4,0,414,0,3.51583673469388,0.445402298850575,64,FALSE,FALSE
"2015",4,"140","Szegedi",46.2536169,20.1461345,4,2,2,28610,9193,54.1692063492062,29.4730158730159,0.945402298850575,3,TRUE,TRUE
"2015",4,"141","Szeghalomi",47.027309,21.166263,2,3,3,0,1057,0,9.59973421926911,0.445402298850575,66,FALSE,FALSE
"2015",4,"142","Szekesfehervari",47.1887157,18.4138088,2,3,3,0,5899,0,9.59973421926911,0.445402298850575,20,TRUE,TRUE
"2015",4,"143","Szekszardi",46.3485623,18.7019205,2,3,3,0,3247,0,9.59973421926911,0.445402298850575,67,FALSE,FALSE
"2015",4,"144","Szentendrei",47.6734712,19.07254,2,3,3,0,4638,0,9.59973421926911,0.445402298850575,68,FALSE,FALSE
"2015",4,"145","Szentesi",46.65192,20.2571842,2,3,3,0,1373,0,9.59973421926911,0.445402298850575,69,FALSE,FALSE
"2015",4,"146","Szentgotthardi",46.9527524,16.2737218,3,3,4,0,444,0,3.51583673469388,0.445402298850575,70,FALSE,FALSE
"2015",4,"147","Szentlorinci",46.040211,17.989775,3,3,4,0,332,0,3.51583673469388,0.445402298850575,71,FALSE,FALSE
"2015",4,"148","Szerencsi",48.162418,21.205206,2,3,3,0,1163,0,9.59973421926911,0.445402298850575,72,FALSE,FALSE
"2015",4,"149","Szigetvari",46.0482577,17.8123125,3,3,4,0,516,0,3.51583673469388,0.445402298850575,73,FALSE,FALSE
"2015",4,"150","Szikszoi",48.1949949,20.9294318,3,3,4,0,436,0,3.51583673469388,0.445402298850575,75,FALSE,FALSE
"2015",4,"151","Szobi",47.818012,18.8667731,2,3,3,0,333,0,9.59973421926911,0.445402298850575,76,FALSE,FALSE
"2015",4,"152","Szolnoki",47.174662,20.17628,4,2,2,1597,4278,54.1692063492062,29.4730158730159,0.945402298850575,15,TRUE,TRUE
"2015",4,"153","Szombathelyi",47.23514,16.6219178,2,3,3,0,4122,0,9.59973421926911,0.445402298850575,23,FALSE,FALSE
"2015",4,"154","Tabi",46.729486,18.0329558,3,3,4,0,227,0,3.51583673469388,0.445402298850575,77,FALSE,FALSE
"2015",4,"155","Tamasi",46.6295947,18.2846991,2,3,3,0,863,0,9.59973421926911,0.445402298850575,78,FALSE,FALSE
"2015",4,"156","Tapolcai",46.88289,17.4413581,2,3,3,0,1049,0,9.59973421926911,0.445402298850575,79,FALSE,FALSE
"2015",4,"157","Tatabanyai",47.5861869,18.3947662,4,2,2,908,3078,54.1692063492062,29.4730158730159,0.945402298850575,16,TRUE,TRUE
"2015",4,"158","Tatai",47.655255,18.3285248,2,3,3,0,1670,0,9.59973421926911,0.445402298850575,80,FALSE,FALSE
"2015",4,"159","Teti",47.515979,17.5168418,3,3,4,0,455,0,3.51583673469388,0.445402298850575,81,FALSE,FALSE
"2015",4,"160","Tiszafuredi",47.615345,20.7617821,2,3,3,0,926,0,9.59973421926911,0.445402298850575,83,FALSE,FALSE
"2015",4,"161","Tiszaujvarosi",47.92291,21.052195,2,3,3,0,1212,0,9.59973421926911,0.445402298850575,84,FALSE,FALSE
"2015",4,"162","Tiszavasvari",47.9511368,21.3687867,3,3,4,0,967,0,3.51583673469388,0.445402298850575,85,FALSE,FALSE
"2015",4,"163","Tokaji",48.119994,21.412563,3,3,4,0,356,0,3.51583673469388,0.445402298850575,86,FALSE,FALSE
"2015",4,"164","Torokszentmiklosi",47.180736,20.4182932,2,3,3,0,944,0,9.59973421926911,0.445402298850575,87,FALSE,FALSE
"2015",4,"165","Vaci",47.7754454,19.1377076,4,2,2,1411,2681,54.1692063492062,29.4730158730159,0.945402298850575,17,TRUE,TRUE
"2015",4,"166","Varpalotai",47.1973949,18.1396572,2,3,3,0,933,0,9.59973421926911,0.445402298850575,88,FALSE,FALSE
"2015",4,"167","Vasarosnamenyi",48.126772,22.318366,3,3,4,0,934,0,3.51583673469388,0.445402298850575,89,FALSE,FALSE
"2015",4,"168","Vasvari",47.051087,16.7985158,3,3,4,0,351,0,3.51583673469388,0.445402298850575,90,FALSE,FALSE
"2015",4,"169","Veresegyhazi",47.65714,19.284962,2,3,3,0,1628,0,9.59973421926911,0.445402298850575,91,FALSE,FALSE
"2015",4,"170","Veszpremi",47.092967,17.913785,4,2,2,9151,3586,54.1692063492062,29.4730158730159,0.945402298850575,9,TRUE,TRUE
"2015",4,"171","Zahonyi",48.406999,22.1745391,3,3,4,0,701,0,3.51583673469388,0.445402298850575,93,FALSE,FALSE
"2015",4,"172","Zalaegerszegi",46.845412,16.8472302,2,3,3,0,3438,0,9.59973421926911,0.445402298850575,94,FALSE,FALSE
"2015",4,"173","Zalakarosi",46.5605989,17.1230251,3,3,4,0,260,0,3.51583673469388,0.445402298850575,95,FALSE,FALSE
"2015",4,"174","Zalaszentgroti",46.947143,17.0790458,3,3,4,0,370,0,3.51583673469388,0.445402298850575,96,FALSE,FALSE
"2015",4,"175","Zirci",47.2630578,17.8725401,3,3,4,0,575,0,3.51583673469388,0.445402298850575,97,FALSE,FALSE
"2015",8,"1","Abai",47.028736,18.517633,7,4,5,0,580,0,8.032049689441,0.445402298850575,26,FALSE,FALSE
"2015",8,"2","Abauj-Hegykozi",48.471017,21.2741752,4,4,6,0,391,0,5.74267857142857,0.445402298850575,100,FALSE,FALSE
"2015",8,"3","Adonyi",47.119574,18.8652611,7,4,5,0,627,0,8.032049689441,0.445402298850575,109,FALSE,FALSE
"2015",8,"4","Ajkai",47.1068802,17.563957,4,4,6,0,981,0,5.74267857142857,0.445402298850575,118,FALSE,FALSE
"2015",8,"5","Aszodi",47.6523763,19.4759463,1,4,4,0,1342,0,14.6781714285714,0.445402298850575,127,FALSE,FALSE
"2015",8,"6","Bacsalmasi",46.123955,19.32633,8,4,8,0,397,0,2.15322751322751,0.445402298850575,136,FALSE,FALSE
"2015",8,"7","Bajai",46.1834182,18.9538158,3,3,3,968,2469,9.065,23.2214285714286,0.916666666666667,19,TRUE,TRUE
"2015",8,"8","Baktaloranthazai",47.997697,22.0766029,5,4,7,0,1054,0,3.59054945054945,0.445402298850575,155,FALSE,FALSE
"2015",8,"9","Balassagyarmati",48.078798,19.2938953,1,4,4,0,1391,0,14.6781714285714,0.445402298850575,166,FALSE,FALSE
"2015",8,"10","Balatonalmadi",47.0286976,18.0148627,7,4,5,0,923,0,8.032049689441,0.445402298850575,27,FALSE,FALSE
"2015",8,"11","Balatonfoldvari",46.8497238,17.8794039,4,4,6,0,337,0,5.74267857142857,0.445402298850575,36,FALSE,FALSE
"2015",8,"12","Balatonfuredi",46.9564612,17.8889631,4,4,6,0,1057,0,5.74267857142857,0.445402298850575,46,FALSE,FALSE
"2015",8,"13","Balmazujvarosi",47.612435,21.343577,8,4,8,0,777,0,2.15322751322751,0.445402298850575,56,FALSE,FALSE
"2015",8,"14","Barcsi",45.959228,17.4666786,8,4,8,0,582,0,2.15322751322751,0.445402298850575,65,FALSE,FALSE
"2015",8,"15","Batonyterenyei",47.989222,19.828845,7,4,5,0,377,0,8.032049689441,0.445402298850575,74,FALSE,FALSE
"2015",8,"16","Bekescsabai",46.6841987,21.0867872,7,4,5,0,3192,0,8.032049689441,0.445402298850575,82,FALSE,FALSE
"2015",8,"17","Bekesi",46.6704899,21.0434996,7,4,5,0,1247,0,8.032049689441,0.445402298850575,92,FALSE,FALSE
"2015",8,"18","Belapatfalvai",48.052725,20.348591,8,4,8,0,290,0,2.15322751322751,0.445402298850575,98,FALSE,FALSE
"2015",8,"19","Berettyoujfalui",47.233892,21.5340216,7,4,5,0,1389,0,8.032049689441,0.445402298850575,99,FALSE,FALSE
"2015",8,"20","Bicskei",47.490759,18.6362719,7,4,5,0,1310,0,8.032049689441,0.445402298850575,101,FALSE,FALSE
"2015",8,"21","Bodrogkozi",48.263291,21.8918689,8,4,8,0,270,0,2.15322751322751,0.445402298850575,102,FALSE,FALSE
"2015",8,"22","Bonyhadi",46.2986759,18.5305778,7,4,5,0,861,0,8.032049689441,0.445402298850575,103,FALSE,FALSE
"2015",8,"23","Budaorsi",47.460753,18.9581146,3,3,3,387,5427,9.065,23.2214285714286,0.916666666666667,22,FALSE,FALSE
"2015",8,"24","Budapesti",47.4984056,19.0407578,6,1,1,190394,80642,1087.96571428571,460.811428571429,1,1,TRUE,FALSE
"2015",8,"25","Cegledi",47.1772081,19.7980311,1,4,4,0,4252,0,14.6781714285714,0.445402298850575,104,FALSE,FALSE
"2015",8,"26","Celldomolki",47.257515,17.1526399,5,4,7,0,767,0,3.59054945054945,0.445402298850575,105,FALSE,FALSE
"2015",8,"27","Csengeri",47.8350105,22.6822754,8,4,8,0,402,0,2.15322751322751,0.445402298850575,106,FALSE,FALSE
"2015",8,"28","Csepregi",47.401546,16.7081249,8,4,8,0,322,0,2.15322751322751,0.445402298850575,107,FALSE,FALSE
"2015",8,"29","Csongradi",46.710833,20.144575,7,4,5,0,683,0,8.032049689441,0.445402298850575,108,FALSE,FALSE
"2015",8,"30","Csornai",47.601529,17.249978,5,4,7,0,887,0,3.59054945054945,0.445402298850575,110,FALSE,FALSE
"2015",8,"31","Csurgoi",46.260776,17.095325,8,4,8,0,373,0,2.15322751322751,0.445402298850575,111,FALSE,FALSE
"2015",8,"32","Dabasi",47.192283,19.330853,1,4,4,0,1031,0,14.6781714285714,0.445402298850575,112,FALSE,FALSE
"2015",8,"33","Debreceni",47.5299739,21.6393571,2,2,2,31754,9736,90.2525714285715,34.4742857142857,0.968390804597701,2,TRUE,TRUE
"2015",8,"34","Derecske-Letavertesi",47.3824608,21.891967,5,4,7,0,754,0,3.59054945054945,0.445402298850575,113,FALSE,FALSE
"2015",8,"35","Devecseri",47.106397,17.437279,8,4,8,0,261,0,2.15322751322751,0.445402298850575,114,FALSE,FALSE
"2015",8,"36","Dombovari",46.383295,18.131089,5,4,7,0,906,0,3.59054945054945,0.445402298850575,115,FALSE,FALSE
"2015",8,"37","Dorogi",47.7197439,18.7287817,1,4,4,0,1162,0,14.6781714285714,0.445402298850575,116,FALSE,FALSE
"2015",8,"38","Dunakeszi",47.6297228,19.1380528,1,4,4,0,3884,0,14.6781714285714,0.445402298850575,117,FALSE,FALSE
"2015",8,"39","Dunaujvarosi",46.980668,18.9127069,1,4,4,0,2452,0,14.6781714285714,0.445402298850575,18,TRUE,TRUE
"2015",8,"40","Edelenyi",48.2966608,20.7442671,7,4,5,0,745,0,8.032049689441,0.445402298850575,119,FALSE,FALSE
"2015",8,"41","Egri",47.9031987,20.3731077,2,2,2,8565,4164,90.2525714285715,34.4742857142857,0.968390804597701,8,TRUE,TRUE
"2015",8,"42","Encsi",48.330768,21.1219603,8,4,8,0,616,0,2.15322751322751,0.445402298850575,120,FALSE,FALSE
"2015",8,"43","Enyingi",46.9296,18.242978,5,4,7,0,347,0,3.59054945054945,0.445402298850575,121,FALSE,FALSE
"2015",8,"44","Ercsi",47.24966,18.891059,7,4,5,0,685,0,8.032049689441,0.445402298850575,122,FALSE,FALSE
"2015",8,"45","Erdi",47.3783095,18.9217973,1,4,4,0,4807,0,14.6781714285714,0.445402298850575,123,FALSE,FALSE
"2015",8,"46","Esztergomi",47.793308,18.7419333,7,4,5,0,1831,0,8.032049689441,0.445402298850575,25,FALSE,FALSE
"2015",8,"47","Fehergyarmati",47.985063,22.517104,4,4,6,0,1207,0,5.74267857142857,0.445402298850575,124,FALSE,FALSE
"2015",8,"48","Fonyodi",46.749197,17.5558792,5,4,7,0,792,0,3.59054945054945,0.445402298850575,125,FALSE,FALSE
"2015",8,"49","Fuzesabonyi",47.750888,20.409611,4,4,6,0,862,0,5.74267857142857,0.445402298850575,126,FALSE,FALSE
"2015",8,"50","Gardonyi",47.1973503,18.6091412,7,4,5,0,824,0,8.032049689441,0.445402298850575,128,FALSE,FALSE
"2015",8,"51","Godolloi",47.5975105,19.3480017,2,2,2,15766,5213,90.2525714285715,34.4742857142857,0.968390804597701,5,TRUE,TRUE
"2015",8,"52","Gyali",47.3808958,19.215712,7,4,5,0,1631,0,8.032049689441,0.445402298850575,129,FALSE,FALSE
"2015",8,"53","Gyongyosi",47.775028,19.9280689,7,4,5,0,2806,0,8.032049689441,0.445402298850575,130,FALSE,FALSE
"2015",8,"54","Gyori",47.684051,17.6351011,2,2,2,12506,6405,90.2525714285715,34.4742857142857,0.968390804597701,6,TRUE,TRUE
"2015",8,"55","Gyulai",46.642498,21.268809,7,4,5,0,1594,0,8.032049689441,0.445402298850575,131,FALSE,FALSE
"2015",8,"56","Hajduboszormenyi",47.673238,21.5076172,4,4,6,0,1991,0,5.74267857142857,0.445402298850575,132,FALSE,FALSE
"2015",8,"57","Hajduhadhazi",47.68197,21.6685631,7,4,5,0,1532,0,8.032049689441,0.445402298850575,133,FALSE,FALSE
"2015",8,"58","Hajduszoboszloi",47.443667,21.389719,4,4,6,0,1269,0,5.74267857142857,0.445402298850575,134,FALSE,FALSE
"2015",8,"59","Hatvani",47.668122,19.669901,1,4,4,0,1864,0,14.6781714285714,0.445402298850575,135,FALSE,FALSE
"2015",8,"60","Hevesi",47.5945238,20.2882213,4,4,6,0,793,0,5.74267857142857,0.445402298850575,137,FALSE,FALSE
"2015",8,"61","Hevizi",46.7905869,17.1843866,5,4,7,0,500,0,3.59054945054945,0.445402298850575,138,FALSE,FALSE
"2015",8,"62","Hodmezovasarhelyi",46.430411,20.3188298,1,4,4,0,1825,0,14.6781714285714,0.445402298850575,139,FALSE,FALSE
"2015",8,"63","Ibrany-Nagyhalaszi",48.134908,21.7187528,4,4,6,0,1159,0,5.74267857142857,0.445402298850575,140,FALSE,FALSE
"2015",8,"64","Janoshalmai",46.2967401,19.3228798,8,4,8,0,519,0,2.15322751322751,0.445402298850575,141,FALSE,FALSE
"2015",8,"65","Jaszberenyi",47.5006181,19.9147188,1,4,4,0,2716,0,14.6781714285714,0.445402298850575,142,FALSE,FALSE
"2015",8,"66","Kadarkuti",46.2311466,17.6157102,4,4,6,0,525,0,5.74267857142857,0.445402298850575,143,FALSE,FALSE
"2015",8,"67","Kalocsai",46.5334145,18.9856969,7,4,5,0,1543,0,8.032049689441,0.445402298850575,144,FALSE,FALSE
"2015",8,"68","Kaposvari",46.36653,17.782483,2,2,2,8630,3214,90.2525714285715,34.4742857142857,0.968390804597701,12,TRUE,TRUE
"2015",8,"69","Kapuvar-Beledi",47.5935568,17.0249715,8,4,8,0,477,0,2.15322751322751,0.445402298850575,145,FALSE,FALSE
"2015",8,"70","Karcagi",47.316632,20.9220631,4,4,6,0,1182,0,5.74267857142857,0.445402298850575,146,FALSE,FALSE
"2015",8,"71","Kazincbarcikai",48.25317,20.6456512,4,4,6,0,1632,0,5.74267857142857,0.445402298850575,147,FALSE,FALSE
"2015",8,"72","Kecskemeti",46.9062092,19.6899774,3,3,3,380,6604,9.065,23.2214285714286,0.916666666666667,14,TRUE,TRUE
"2015",8,"73","Keszthelyi",46.7695893,17.2481444,7,4,5,0,1353,0,8.032049689441,0.445402298850575,148,FALSE,FALSE
"2015",8,"74","Kisberi",47.501673,18.0269161,5,4,7,0,514,0,3.59054945054945,0.445402298850575,149,FALSE,FALSE
"2015",8,"75","Kiskorosi",46.620386,19.283827,7,4,5,0,1762,0,8.032049689441,0.445402298850575,150,FALSE,FALSE
"2015",8,"76","Kiskunfelegyhazai",46.7050953,19.8499199,1,4,4,0,1600,0,14.6781714285714,0.445402298850575,151,FALSE,FALSE
"2015",8,"77","Kiskunhalasi",46.432037,19.4885269,4,4,6,0,1419,0,5.74267857142857,0.445402298850575,152,FALSE,FALSE
"2015",8,"78","Kiskunmajsai",46.492344,19.7368448,5,4,7,0,630,0,3.59054945054945,0.445402298850575,153,FALSE,FALSE
"2015",8,"79","Kisteleki",46.4696447,19.9803972,4,4,6,0,425,0,5.74267857142857,0.445402298850575,154,FALSE,FALSE
"2015",8,"80","Kisvardai",48.2264002,22.0846211,7,4,5,0,2193,0,8.032049689441,0.445402298850575,156,FALSE,FALSE
"2015",8,"81","Komaromi",47.7434248,18.1191064,4,4,6,0,1164,0,5.74267857142857,0.445402298850575,157,FALSE,FALSE
"2015",8,"82","Komloi",47.600636,20.445412,4,4,6,0,819,0,5.74267857142857,0.445402298850575,158,FALSE,FALSE
"2015",8,"83","Kormendi",47.011113,16.6057156,8,4,8,0,607,0,2.15322751322751,0.445402298850575,159,FALSE,FALSE
"2015",8,"84","Koszegi",47.381935,16.552229,5,4,7,0,557,0,3.59054945054945,0.445402298850575,160,FALSE,FALSE
"2015",8,"85","Kunszentmartoni",46.841082,20.287233,1,4,4,0,881,0,14.6781714285714,0.445402298850575,161,FALSE,FALSE
"2015",8,"86","Kunszentmiklosi",47.026444,19.1227831,7,4,5,0,754,0,8.032049689441,0.445402298850575,162,FALSE,FALSE
"2015",8,"87","Lengyeltoti",46.667049,17.6407711,8,4,8,0,205,0,2.15322751322751,0.445402298850575,163,FALSE,FALSE
"2015",8,"88","Lenti",46.623785,16.546001,4,4,6,0,588,0,5.74267857142857,0.445402298850575,164,FALSE,FALSE
"2015",8,"89","Letenyei",46.4337456,16.7221882,8,4,8,0,437,0,2.15322751322751,0.445402298850575,165,FALSE,FALSE
"2015",8,"90","Makoi",46.21498,20.47513,7,4,5,0,1290,0,8.032049689441,0.445402298850575,167,FALSE,FALSE
"2015",8,"91","Marcali",46.582815,17.4119018,4,4,6,0,849,0,5.74267857142857,0.445402298850575,168,FALSE,FALSE
"2015",8,"92","Mateszalkai",47.943265,22.316904,7,4,5,0,1858,0,8.032049689441,0.445402298850575,169,FALSE,FALSE
"2015",8,"93","Mezocsati",47.823541,20.9028038,8,4,8,0,298,0,2.15322751322751,0.445402298850575,170,FALSE,FALSE
"2015",8,"94","Mezokovacshazai",46.4071834,20.9241681,7,4,5,0,952,0,8.032049689441,0.445402298850575,171,FALSE,FALSE
"2015",8,"95","Mezokovesdi",47.8068796,20.5650907,4,4,6,0,1407,0,5.74267857142857,0.445402298850575,172,FALSE,FALSE
"2015",8,"96","Mezoturi",47.00278,20.618465,7,4,5,0,902,0,8.032049689441,0.445402298850575,173,FALSE,FALSE
"2015",8,"97","Miskolci",48.1043854,20.7913563,2,2,2,9882,8359,90.2525714285715,34.4742857142857,0.968390804597701,7,TRUE,TRUE
"2015",8,"98","Mohacsi",45.9959241,18.6798279,4,4,6,0,1295,0,5.74267857142857,0.445402298850575,174,FALSE,FALSE
"2015",8,"99","Monori",47.34754,19.448946,1,4,4,0,3588,0,14.6781714285714,0.445402298850575,175,FALSE,FALSE
"2015",8,"100","Morahalomi",46.217922,19.883719,5,4,7,0,823,0,3.59054945054945,0.445402298850575,28,FALSE,FALSE
"2015",8,"101","Mori",47.3717781,18.2085973,7,4,5,0,1150,0,8.032049689441,0.445402298850575,29,FALSE,FALSE
"2015",8,"102","Mosonmagyarovari",47.8744063,17.2693897,1,4,4,0,2039,0,14.6781714285714,0.445402298850575,30,FALSE,FALSE
"2015",8,"103","Nagyatadi",46.23001,17.3574429,5,4,7,0,723,0,3.59054945054945,0.445402298850575,31,FALSE,FALSE
"2015",8,"104","Nagykalloi",47.875519,21.8460521,4,4,6,0,1514,0,5.74267857142857,0.445402298850575,32,FALSE,FALSE
"2015",8,"105","Nagykanizsai",46.455237,16.9953419,7,4,5,0,2203,0,8.032049689441,0.445402298850575,33,FALSE,FALSE
"2015",8,"106","Nagykatai",47.4181175,19.7422453,1,4,4,0,1865,0,14.6781714285714,0.445402298850575,34,FALSE,FALSE
"2015",8,"107","Nyirbatori",47.835414,22.130289,7,4,5,0,1397,0,8.032049689441,0.445402298850575,35,FALSE,FALSE
"2015",8,"108","Nyiregyhazai",47.9532583,21.7264647,3,3,3,5151,6186,9.065,23.2214285714286,0.916666666666667,11,TRUE,TRUE
"2015",8,"109","Oroshazai",46.5615338,20.6619204,3,3,3,1889,1787,9.065,23.2214285714286,0.916666666666667,13,TRUE,TRUE
"2015",8,"110","Oroszlanyi",47.4943329,18.3215448,7,4,5,0,873,0,8.032049689441,0.445402298850575,37,FALSE,FALSE
"2015",8,"111","Ozdi",48.2195564,20.2869186,4,4,6,0,1263,0,5.74267857142857,0.445402298850575,38,FALSE,FALSE
"2015",8,"112","Oriszentpeteri",46.838954,16.4211574,8,4,8,0,158,0,2.15322751322751,0.445402298850575,39,FALSE,FALSE
"2015",8,"113","Pacsai",46.7226412,17.0096878,8,4,8,0,225,0,2.15322751322751,0.445402298850575,40,FALSE,FALSE
"2015",8,"114","Paksi",46.626368,18.8652409,7,4,5,0,1790,0,8.032049689441,0.445402298850575,41,FALSE,FALSE
"2015",8,"115","Pannonhalmai",47.55021,17.754228,4,4,6,0,601,0,5.74267857142857,0.445402298850575,42,FALSE,FALSE
"2015",8,"116","Papai",47.3308153,17.4660302,7,4,5,0,1627,0,8.032049689441,0.445402298850575,43,FALSE,FALSE
"2015",8,"117","Pasztoi",47.919562,19.6978939,4,4,6,0,840,0,5.74267857142857,0.445402298850575,44,FALSE,FALSE
"2015",8,"118","Pecsi",46.0713242,18.2331772,2,2,2,22747,7393,90.2525714285715,34.4742857142857,0.968390804597701,4,TRUE,TRUE
"2015",8,"119","Pecsvaradi",46.158114,18.422176,5,4,7,0,321,0,3.59054945054945,0.445402298850575,45,FALSE,FALSE
"2015",8,"120","Petervasarai",48.017941,20.1019849,5,4,7,0,337,0,3.59054945054945,0.445402298850575,47,FALSE,FALSE
"2015",8,"121","Pilisvorosvari",47.6212089,18.9111742,1,4,4,0,3972,0,14.6781714285714,0.445402298850575,48,FALSE,FALSE
"2015",8,"122","Polgari",47.866362,21.1242449,8,4,8,0,369,0,2.15322751322751,0.445402298850575,49,FALSE,FALSE
"2015",8,"123","Puspokladanyi",47.3176758,21.1165369,7,4,5,0,1326,0,8.032049689441,0.445402298850575,50,FALSE,FALSE
"2015",8,"124","Rackevei",47.1611023,18.9455669,1,4,4,0,5521,0,14.6781714285714,0.445402298850575,51,FALSE,FALSE
"2015",8,"125","Retsagi",47.9278597,19.1372757,7,4,5,0,647,0,8.032049689441,0.445402298850575,52,FALSE,FALSE
"2015",8,"126","Salgotarjani",48.0853167,19.7869357,1,4,4,0,1878,0,14.6781714285714,0.445402298850575,53,FALSE,FALSE
"2015",8,"127","Sarbogardi",46.887769,18.6193289,7,4,5,0,562,0,8.032049689441,0.445402298850575,54,FALSE,FALSE
"2015",8,"128","Sarkadi",46.746283,21.3848669,5,4,7,0,555,0,3.59054945054945,0.445402298850575,55,FALSE,FALSE
"2015",8,"129","Sarospataki",48.318984,21.5663738,4,4,6,0,849,0,5.74267857142857,0.445402298850575,24,FALSE,FALSE
"2015",8,"130","Sarvari",47.2540616,16.9352309,5,4,7,0,1077,0,3.59054945054945,0.445402298850575,57,FALSE,FALSE
"2015",8,"131","Sasdi",46.2548488,18.1060595,8,4,8,0,293,0,2.15322751322751,0.445402298850575,58,FALSE,FALSE
"2015",8,"132","Satoraljaujhelyi",48.3941408,21.6559965,5,4,7,0,822,0,3.59054945054945,0.445402298850575,59,FALSE,FALSE
"2015",8,"133","Sellyei",45.8719698,17.8460989,8,4,8,0,204,0,2.15322751322751,0.445402298850575,60,FALSE,FALSE
"2015",8,"134","Siklosi",45.852147,18.2988281,4,4,6,0,754,0,5.74267857142857,0.445402298850575,61,FALSE,FALSE
"2015",8,"135","Siofoki",46.9057439,18.0525018,1,4,4,0,1189,0,14.6781714285714,0.445402298850575,62,FALSE,FALSE
"2015",8,"136","Sopron-Fertodi",47.684898,16.583053,2,2,2,10331,3067,90.2525714285715,34.4742857142857,0.968390804597701,10,TRUE,TRUE
"2015",8,"137","Sumegi",46.9775543,17.2819824,8,4,8,0,393,0,2.15322751322751,0.445402298850575,63,FALSE,FALSE
"2015",8,"138","Szarvasi",46.8595081,20.5595884,1,4,4,0,1420,0,14.6781714285714,0.445402298850575,21,FALSE,FALSE
"2015",8,"139","Szecsenyi",48.0811488,19.5197217,5,4,7,0,414,0,3.59054945054945,0.445402298850575,64,FALSE,FALSE
"2015",8,"140","Szegedi",46.2536169,20.1461345,2,2,2,28610,9193,90.2525714285715,34.4742857142857,0.968390804597701,3,TRUE,TRUE
"2015",8,"141","Szeghalomi",47.027309,21.166263,4,4,6,0,1057,0,5.74267857142857,0.445402298850575,66,FALSE,FALSE
"2015",8,"142","Szekesfehervari",47.1887157,18.4138088,1,4,4,0,5899,0,14.6781714285714,0.445402298850575,20,TRUE,TRUE
"2015",8,"143","Szekszardi",46.3485623,18.7019205,7,4,5,0,3247,0,8.032049689441,0.445402298850575,67,FALSE,FALSE
"2015",8,"144","Szentendrei",47.6734712,19.07254,1,4,4,0,4638,0,14.6781714285714,0.445402298850575,68,FALSE,FALSE
"2015",8,"145","Szentesi",46.65192,20.2571842,1,4,4,0,1373,0,14.6781714285714,0.445402298850575,69,FALSE,FALSE
"2015",8,"146","Szentgotthardi",46.9527524,16.2737218,8,4,8,0,444,0,2.15322751322751,0.445402298850575,70,FALSE,FALSE
"2015",8,"147","Szentlorinci",46.040211,17.989775,8,4,8,0,332,0,2.15322751322751,0.445402298850575,71,FALSE,FALSE
"2015",8,"148","Szerencsi",48.162418,21.205206,7,4,5,0,1163,0,8.032049689441,0.445402298850575,72,FALSE,FALSE
"2015",8,"149","Szigetvari",46.0482577,17.8123125,5,4,7,0,516,0,3.59054945054945,0.445402298850575,73,FALSE,FALSE
"2015",8,"150","Szikszoi",48.1949949,20.9294318,8,4,8,0,436,0,2.15322751322751,0.445402298850575,75,FALSE,FALSE
"2015",8,"151","Szobi",47.818012,18.8667731,7,4,5,0,333,0,8.032049689441,0.445402298850575,76,FALSE,FALSE
"2015",8,"152","Szolnoki",47.174662,20.17628,3,3,3,1597,4278,9.065,23.2214285714286,0.916666666666667,15,TRUE,TRUE
"2015",8,"153","Szombathelyi",47.23514,16.6219178,7,4,5,0,4122,0,8.032049689441,0.445402298850575,23,FALSE,FALSE
"2015",8,"154","Tabi",46.729486,18.0329558,8,4,8,0,227,0,2.15322751322751,0.445402298850575,77,FALSE,FALSE
"2015",8,"155","Tamasi",46.6295947,18.2846991,7,4,5,0,863,0,8.032049689441,0.445402298850575,78,FALSE,FALSE
"2015",8,"156","Tapolcai",46.88289,17.4413581,4,4,6,0,1049,0,5.74267857142857,0.445402298850575,79,FALSE,FALSE
"2015",8,"157","Tatabanyai",47.5861869,18.3947662,3,3,3,908,3078,9.065,23.2214285714286,0.916666666666667,16,TRUE,TRUE
"2015",8,"158","Tatai",47.655255,18.3285248,7,4,5,0,1670,0,8.032049689441,0.445402298850575,80,FALSE,FALSE
"2015",8,"159","Teti",47.515979,17.5168418,5,4,7,0,455,0,3.59054945054945,0.445402298850575,81,FALSE,FALSE
"2015",8,"160","Tiszafuredi",47.615345,20.7617821,7,4,5,0,926,0,8.032049689441,0.445402298850575,83,FALSE,FALSE
"2015",8,"161","Tiszaujvarosi",47.92291,21.052195,4,4,6,0,1212,0,5.74267857142857,0.445402298850575,84,FALSE,FALSE
"2015",8,"162","Tiszavasvari",47.9511368,21.3687867,4,4,6,0,967,0,5.74267857142857,0.445402298850575,85,FALSE,FALSE
"2015",8,"163","Tokaji",48.119994,21.412563,5,4,7,0,356,0,3.59054945054945,0.445402298850575,86,FALSE,FALSE
"2015",8,"164","Torokszentmiklosi",47.180736,20.4182932,7,4,5,0,944,0,8.032049689441,0.445402298850575,87,FALSE,FALSE
"2015",8,"165","Vaci",47.7754454,19.1377076,3,3,3,1411,2681,9.065,23.2214285714286,0.916666666666667,17,TRUE,TRUE
"2015",8,"166","Varpalotai",47.1973949,18.1396572,7,4,5,0,933,0,8.032049689441,0.445402298850575,88,FALSE,FALSE
"2015",8,"167","Vasarosnamenyi",48.126772,22.318366,5,4,7,0,934,0,3.59054945054945,0.445402298850575,89,FALSE,FALSE
"2015",8,"168","Vasvari",47.051087,16.7985158,5,4,7,0,351,0,3.59054945054945,0.445402298850575,90,FALSE,FALSE
"2015",8,"169","Veresegyhazi",47.65714,19.284962,1,4,4,0,1628,0,14.6781714285714,0.445402298850575,91,FALSE,FALSE
"2015",8,"170","Veszpremi",47.092967,17.913785,2,2,2,9151,3586,90.2525714285715,34.4742857142857,0.968390804597701,9,TRUE,TRUE
"2015",8,"171","Zahonyi",48.406999,22.1745391,4,4,6,0,701,0,5.74267857142857,0.445402298850575,93,FALSE,FALSE
"2015",8,"172","Zalaegerszegi",46.845412,16.8472302,7,4,5,0,3438,0,8.032049689441,0.445402298850575,94,FALSE,FALSE
"2015",8,"173","Zalakarosi",46.5605989,17.1230251,8,4,8,0,260,0,2.15322751322751,0.445402298850575,95,FALSE,FALSE
"2015",8,"174","Zalaszentgroti",46.947143,17.0790458,5,4,7,0,370,0,3.59054945054945,0.445402298850575,96,FALSE,FALSE
"2015",8,"175","Zirci",47.2630578,17.8725401,5,4,7,0,575,0,3.59054945054945,0.445402298850575,97,FALSE,FALSE
"2015",13,"1","Abai",47.028736,18.517633,10,4,5,0,580,0,9.53348571428571,0.445402298850575,26,FALSE,FALSE
"2015",13,"2","Abauj-Hegykozi",48.471017,21.2741752,8,4,8,0,391,0,5.94323809523809,0.445402298850575,100,FALSE,FALSE
"2015",13,"3","Adonyi",47.119574,18.8652611,11,4,7,0,627,0,6.24462585034014,0.445402298850575,109,FALSE,FALSE
"2015",13,"4","Ajkai",47.1068802,17.563957,13,4,9,0,981,0,5.56571428571428,0.445402298850575,118,FALSE,FALSE
"2015",13,"5","Aszodi",47.6523763,19.4759463,3,4,6,0,1342,0,8.56685714285715,0.445402298850575,127,FALSE,FALSE
"2015",13,"6","Bacsalmasi",46.123955,19.32633,2,4,13,0,397,0,1.944,0.445402298850575,136,FALSE,FALSE
"2015",13,"7","Bajai",46.1834182,18.9538158,1,3,4,968,2469,9.065,23.2214285714286,0.916666666666667,19,TRUE,TRUE
"2015",13,"8","Baktaloranthazai",47.997697,22.0766029,12,4,10,0,1054,0,3.7672380952381,0.445402298850575,155,FALSE,FALSE
"2015",13,"9","Balassagyarmati",48.078798,19.2938953,3,4,6,0,1391,0,8.56685714285715,0.445402298850575,166,FALSE,FALSE
"2015",13,"10","Balatonalmadi",47.0286976,18.0148627,11,4,7,0,923,0,6.24462585034014,0.445402298850575,27,FALSE,FALSE
"2015",13,"11","Balatonfoldvari",46.8497238,17.8794039,13,4,9,0,337,0,5.56571428571428,0.445402298850575,36,FALSE,FALSE
"2015",13,"12","Balatonfuredi",46.9564612,17.8889631,8,4,8,0,1057,0,5.94323809523809,0.445402298850575,46,FALSE,FALSE
"2015",13,"13","Balmazujvarosi",47.612435,21.343577,4,4,12,0,777,0,2.4147619047619,0.445402298850575,56,FALSE,FALSE
"2015",13,"14","Barcsi",45.959228,17.4666786,4,4,12,0,582,0,2.4147619047619,0.445402298850575,65,FALSE,FALSE
"2015",13,"15","Batonyterenyei",47.989222,19.828845,10,4,5,0,377,0,9.53348571428571,0.445402298850575,74,FALSE,FALSE
"2015",13,"16","Bekescsabai",46.6841987,21.0867872,10,4,5,0,3192,0,9.53348571428571,0.445402298850575,82,FALSE,FALSE
"2015",13,"17","Bekesi",46.6704899,21.0434996,11,4,7,0,1247,0,6.24462585034014,0.445402298850575,92,FALSE,FALSE
"2015",13,"18","Belapatfalvai",48.052725,20.348591,4,4,12,0,290,0,2.4147619047619,0.445402298850575,98,FALSE,FALSE
"2015",13,"19","Berettyoujfalui",47.233892,21.5340216,11,4,7,0,1389,0,6.24462585034014,0.445402298850575,99,FALSE,FALSE
"2015",13,"20","Bicskei",47.490759,18.6362719,10,4,5,0,1310,0,9.53348571428571,0.445402298850575,101,FALSE,FALSE
"2015",13,"21","Bodrogkozi",48.263291,21.8918689,2,4,13,0,270,0,1.944,0.445402298850575,102,FALSE,FALSE
"2015",13,"22","Bonyhadi",46.2986759,18.5305778,11,4,7,0,861,0,6.24462585034014,0.445402298850575,103,FALSE,FALSE
"2015",13,"23","Budaorsi",47.460753,18.9581146,1,3,4,387,5427,9.065,23.2214285714286,0.916666666666667,22,FALSE,FALSE
"2015",13,"24","Budapesti",47.4984056,19.0407578,6,1,1,190394,80642,1087.96571428572,460.811428571429,1,1,TRUE,FALSE
"2015",13,"25","Cegledi",47.1772081,19.7980311,5,4,3,0,4252,0,23.8451428571429,0.445402298850575,104,FALSE,FALSE
"2015",13,"26","Celldomolki",47.257515,17.1526399,12,4,10,0,767,0,3.7672380952381,0.445402298850575,105,FALSE,FALSE
"2015",13,"27","Csengeri",47.8350105,22.6822754,2,4,13,0,402,0,1.944,0.445402298850575,106,FALSE,FALSE
"2015",13,"28","Csepregi",47.401546,16.7081249,4,4,12,0,322,0,2.4147619047619,0.445402298850575,107,FALSE,FALSE
"2015",13,"29","Csongradi",46.710833,20.144575,11,4,7,0,683,0,6.24462585034014,0.445402298850575,108,FALSE,FALSE
"2015",13,"30","Csornai",47.601529,17.249978,9,4,11,0,887,0,3.34961038961039,0.445402298850575,110,FALSE,FALSE
"2015",13,"31","Csurgoi",46.260776,17.095325,4,4,12,0,373,0,2.4147619047619,0.445402298850575,111,FALSE,FALSE
"2015",13,"32","Dabasi",47.192283,19.330853,3,4,6,0,1031,0,8.56685714285715,0.445402298850575,112,FALSE,FALSE
"2015",13,"33","Debreceni",47.5299739,21.6393571,7,2,2,31754,9736,90.2525714285716,34.4742857142857,0.968390804597701,2,TRUE,TRUE
"2015",13,"34","Derecske-Letavertesi",47.3824608,21.891967,9,4,11,0,754,0,3.34961038961039,0.445402298850575,113,FALSE,FALSE
"2015",13,"35","Devecseri",47.106397,17.437279,4,4,12,0,261,0,2.4147619047619,0.445402298850575,114,FALSE,FALSE
"2015",13,"36","Dombovari",46.383295,18.131089,12,4,10,0,906,0,3.7672380952381,0.445402298850575,115,FALSE,FALSE
"2015",13,"37","Dorogi",47.7197439,18.7287817,3,4,6,0,1162,0,8.56685714285715,0.445402298850575,116,FALSE,FALSE
"2015",13,"38","Dunakeszi",47.6297228,19.1380528,5,4,3,0,3884,0,23.8451428571429,0.445402298850575,117,FALSE,FALSE
"2015",13,"39","Dunaujvarosi",46.980668,18.9127069,5,4,3,0,2452,0,23.8451428571429,0.445402298850575,18,TRUE,TRUE
"2015",13,"40","Edelenyi",48.2966608,20.7442671,11,4,7,0,745,0,6.24462585034014,0.445402298850575,119,FALSE,FALSE
"2015",13,"41","Egri",47.9031987,20.3731077,7,2,2,8565,4164,90.2525714285716,34.4742857142857,0.968390804597701,8,TRUE,TRUE
"2015",13,"42","Encsi",48.330768,21.1219603,4,4,12,0,616,0,2.4147619047619,0.445402298850575,120,FALSE,FALSE
"2015",13,"43","Enyingi",46.9296,18.242978,12,4,10,0,347,0,3.7672380952381,0.445402298850575,121,FALSE,FALSE
"2015",13,"44","Ercsi",47.24966,18.891059,11,4,7,0,685,0,6.24462585034014,0.445402298850575,122,FALSE,FALSE
"2015",13,"45","Erdi",47.3783095,18.9217973,5,4,3,0,4807,0,23.8451428571429,0.445402298850575,123,FALSE,FALSE
"2015",13,"46","Esztergomi",47.793308,18.7419333,11,4,7,0,1831,0,6.24462585034014,0.445402298850575,25,FALSE,FALSE
"2015",13,"47","Fehergyarmati",47.985063,22.517104,13,4,9,0,1207,0,5.56571428571428,0.445402298850575,124,FALSE,FALSE
"2015",13,"48","Fonyodi",46.749197,17.5558792,12,4,10,0,792,0,3.7672380952381,0.445402298850575,125,FALSE,FALSE
"2015",13,"49","Fuzesabonyi",47.750888,20.409611,8,4,8,0,862,0,5.94323809523809,0.445402298850575,126,FALSE,FALSE
"2015",13,"50","Gardonyi",47.1973503,18.6091412,10,4,5,0,824,0,9.53348571428571,0.445402298850575,128,FALSE,FALSE
"2015",13,"51","Godolloi",47.5975105,19.3480017,7,2,2,15766,5213,90.2525714285716,34.4742857142857,0.968390804597701,5,TRUE,TRUE
"2015",13,"52","Gyali",47.3808958,19.215712,10,4,5,0,1631,0,9.53348571428571,0.445402298850575,129,FALSE,FALSE
"2015",13,"53","Gyongyosi",47.775028,19.9280689,10,4,5,0,2806,0,9.53348571428571,0.445402298850575,130,FALSE,FALSE
"2015",13,"54","Gyori",47.684051,17.6351011,7,2,2,12506,6405,90.2525714285716,34.4742857142857,0.968390804597701,6,TRUE,TRUE
"2015",13,"55","Gyulai",46.642498,21.268809,10,4,5,0,1594,0,9.53348571428571,0.445402298850575,131,FALSE,FALSE
"2015",13,"56","Hajduboszormenyi",47.673238,21.5076172,13,4,9,0,1991,0,5.56571428571428,0.445402298850575,132,FALSE,FALSE
"2015",13,"57","Hajduhadhazi",47.68197,21.6685631,11,4,7,0,1532,0,6.24462585034014,0.445402298850575,133,FALSE,FALSE
"2015",13,"58","Hajduszoboszloi",47.443667,21.389719,8,4,8,0,1269,0,5.94323809523809,0.445402298850575,134,FALSE,FALSE
"2015",13,"59","Hatvani",47.668122,19.669901,3,4,6,0,1864,0,8.56685714285715,0.445402298850575,135,FALSE,FALSE
"2015",13,"60","Hevesi",47.5945238,20.2882213,8,4,8,0,793,0,5.94323809523809,0.445402298850575,137,FALSE,FALSE
"2015",13,"61","Hevizi",46.7905869,17.1843866,9,4,11,0,500,0,3.34961038961039,0.445402298850575,138,FALSE,FALSE
"2015",13,"62","Hodmezovasarhelyi",46.430411,20.3188298,3,4,6,0,1825,0,8.56685714285715,0.445402298850575,139,FALSE,FALSE
"2015",13,"63","Ibrany-Nagyhalaszi",48.134908,21.7187528,8,4,8,0,1159,0,5.94323809523809,0.445402298850575,140,FALSE,FALSE
"2015",13,"64","Janoshalmai",46.2967401,19.3228798,4,4,12,0,519,0,2.4147619047619,0.445402298850575,141,FALSE,FALSE
"2015",13,"65","Jaszberenyi",47.5006181,19.9147188,5,4,3,0,2716,0,23.8451428571429,0.445402298850575,142,FALSE,FALSE
"2015",13,"66","Kadarkuti",46.2311466,17.6157102,13,4,9,0,525,0,5.56571428571428,0.445402298850575,143,FALSE,FALSE
"2015",13,"67","Kalocsai",46.5334145,18.9856969,11,4,7,0,1543,0,6.24462585034014,0.445402298850575,144,FALSE,FALSE
"2015",13,"68","Kaposvari",46.36653,17.782483,7,2,2,8630,3214,90.2525714285716,34.4742857142857,0.968390804597701,12,TRUE,TRUE
"2015",13,"69","Kapuvar-Beledi",47.5935568,17.0249715,4,4,12,0,477,0,2.4147619047619,0.445402298850575,145,FALSE,FALSE
"2015",13,"70","Karcagi",47.316632,20.9220631,8,4,8,0,1182,0,5.94323809523809,0.445402298850575,146,FALSE,FALSE
"2015",13,"71","Kazincbarcikai",48.25317,20.6456512,13,4,9,0,1632,0,5.56571428571428,0.445402298850575,147,FALSE,FALSE
"2015",13,"72","Kecskemeti",46.9062092,19.6899774,1,3,4,380,6604,9.065,23.2214285714286,0.916666666666667,14,TRUE,TRUE
"2015",13,"73","Keszthelyi",46.7695893,17.2481444,10,4,5,0,1353,0,9.53348571428571,0.445402298850575,148,FALSE,FALSE
"2015",13,"74","Kisberi",47.501673,18.0269161,12,4,10,0,514,0,3.7672380952381,0.445402298850575,149,FALSE,FALSE
"2015",13,"75","Kiskorosi",46.620386,19.283827,10,4,5,0,1762,0,9.53348571428571,0.445402298850575,150,FALSE,FALSE
"2015",13,"76","Kiskunfelegyhazai",46.7050953,19.8499199,3,4,6,0,1600,0,8.56685714285715,0.445402298850575,151,FALSE,FALSE
"2015",13,"77","Kiskunhalasi",46.432037,19.4885269,8,4,8,0,1419,0,5.94323809523809,0.445402298850575,152,FALSE,FALSE
"2015",13,"78","Kiskunmajsai",46.492344,19.7368448,9,4,11,0,630,0,3.34961038961039,0.445402298850575,153,FALSE,FALSE
"2015",13,"79","Kisteleki",46.4696447,19.9803972,13,4,9,0,425,0,5.56571428571428,0.445402298850575,154,FALSE,FALSE
"2015",13,"80","Kisvardai",48.2264002,22.0846211,11,4,7,0,2193,0,6.24462585034014,0.445402298850575,156,FALSE,FALSE
"2015",13,"81","Komaromi",47.7434248,18.1191064,13,4,9,0,1164,0,5.56571428571428,0.445402298850575,157,FALSE,FALSE
"2015",13,"82","Komloi",47.600636,20.445412,13,4,9,0,819,0,5.56571428571428,0.445402298850575,158,FALSE,FALSE
"2015",13,"83","Kormendi",47.011113,16.6057156,2,4,13,0,607,0,1.944,0.445402298850575,159,FALSE,FALSE
"2015",13,"84","Koszegi",47.381935,16.552229,9,4,11,0,557,0,3.34961038961039,0.445402298850575,160,FALSE,FALSE
"2015",13,"85","Kunszentmartoni",46.841082,20.287233,3,4,6,0,881,0,8.56685714285715,0.445402298850575,161,FALSE,FALSE
"2015",13,"86","Kunszentmiklosi",47.026444,19.1227831,10,4,5,0,754,0,9.53348571428571,0.445402298850575,162,FALSE,FALSE
"2015",13,"87","Lengyeltoti",46.667049,17.6407711,2,4,13,0,205,0,1.944,0.445402298850575,163,FALSE,FALSE
"2015",13,"88","Lenti",46.623785,16.546001,8,4,8,0,588,0,5.94323809523809,0.445402298850575,164,FALSE,FALSE
"2015",13,"89","Letenyei",46.4337456,16.7221882,2,4,13,0,437,0,1.944,0.445402298850575,165,FALSE,FALSE
"2015",13,"90","Makoi",46.21498,20.47513,10,4,5,0,1290,0,9.53348571428571,0.445402298850575,167,FALSE,FALSE
"2015",13,"91","Marcali",46.582815,17.4119018,13,4,9,0,849,0,5.56571428571428,0.445402298850575,168,FALSE,FALSE
"2015",13,"92","Mateszalkai",47.943265,22.316904,10,4,5,0,1858,0,9.53348571428571,0.445402298850575,169,FALSE,FALSE
"2015",13,"93","Mezocsati",47.823541,20.9028038,2,4,13,0,298,0,1.944,0.445402298850575,170,FALSE,FALSE
"2015",13,"94","Mezokovacshazai",46.4071834,20.9241681,11,4,7,0,952,0,6.24462585034014,0.445402298850575,171,FALSE,FALSE
"2015",13,"95","Mezokovesdi",47.8068796,20.5650907,13,4,9,0,1407,0,5.56571428571428,0.445402298850575,172,FALSE,FALSE
"2015",13,"96","Mezoturi",47.00278,20.618465,10,4,5,0,902,0,9.53348571428571,0.445402298850575,173,FALSE,FALSE
"2015",13,"97","Miskolci",48.1043854,20.7913563,7,2,2,9882,8359,90.2525714285716,34.4742857142857,0.968390804597701,7,TRUE,TRUE
"2015",13,"98","Mohacsi",45.9959241,18.6798279,8,4,8,0,1295,0,5.94323809523809,0.445402298850575,174,FALSE,FALSE
"2015",13,"99","Monori",47.34754,19.448946,5,4,3,0,3588,0,23.8451428571429,0.445402298850575,175,FALSE,FALSE
"2015",13,"100","Morahalomi",46.217922,19.883719,12,4,10,0,823,0,3.7672380952381,0.445402298850575,28,FALSE,FALSE
"2015",13,"101","Mori",47.3717781,18.2085973,11,4,7,0,1150,0,6.24462585034014,0.445402298850575,29,FALSE,FALSE
"2015",13,"102","Mosonmagyarovari",47.8744063,17.2693897,3,4,6,0,2039,0,8.56685714285715,0.445402298850575,30,FALSE,FALSE
"2015",13,"103","Nagyatadi",46.23001,17.3574429,12,4,10,0,723,0,3.7672380952381,0.445402298850575,31,FALSE,FALSE
"2015",13,"104","Nagykalloi",47.875519,21.8460521,8,4,8,0,1514,0,5.94323809523809,0.445402298850575,32,FALSE,FALSE
"2015",13,"105","Nagykanizsai",46.455237,16.9953419,10,4,5,0,2203,0,9.53348571428571,0.445402298850575,33,FALSE,FALSE
"2015",13,"106","Nagykatai",47.4181175,19.7422453,3,4,6,0,1865,0,8.56685714285715,0.445402298850575,34,FALSE,FALSE
"2015",13,"107","Nyirbatori",47.835414,22.130289,11,4,7,0,1397,0,6.24462585034014,0.445402298850575,35,FALSE,FALSE
"2015",13,"108","Nyiregyhazai",47.9532583,21.7264647,1,3,4,5151,6186,9.065,23.2214285714286,0.916666666666667,11,TRUE,TRUE
"2015",13,"109","Oroshazai",46.5615338,20.6619204,1,3,4,1889,1787,9.065,23.2214285714286,0.916666666666667,13,TRUE,TRUE
"2015",13,"110","Oroszlanyi",47.4943329,18.3215448,10,4,5,0,873,0,9.53348571428571,0.445402298850575,37,FALSE,FALSE
"2015",13,"111","Ozdi",48.2195564,20.2869186,13,4,9,0,1263,0,5.56571428571428,0.445402298850575,38,FALSE,FALSE
"2015",13,"112","Oriszentpeteri",46.838954,16.4211574,2,4,13,0,158,0,1.944,0.445402298850575,39,FALSE,FALSE
"2015",13,"113","Pacsai",46.7226412,17.0096878,4,4,12,0,225,0,2.4147619047619,0.445402298850575,40,FALSE,FALSE
"2015",13,"114","Paksi",46.626368,18.8652409,10,4,5,0,1790,0,9.53348571428571,0.445402298850575,41,FALSE,FALSE
"2015",13,"115","Pannonhalmai",47.55021,17.754228,13,4,9,0,601,0,5.56571428571428,0.445402298850575,42,FALSE,FALSE
"2015",13,"116","Papai",47.3308153,17.4660302,10,4,5,0,1627,0,9.53348571428571,0.445402298850575,43,FALSE,FALSE
"2015",13,"117","Pasztoi",47.919562,19.6978939,13,4,9,0,840,0,5.56571428571428,0.445402298850575,44,FALSE,FALSE
"2015",13,"118","Pecsi",46.0713242,18.2331772,7,2,2,22747,7393,90.2525714285716,34.4742857142857,0.968390804597701,4,TRUE,TRUE
"2015",13,"119","Pecsvaradi",46.158114,18.422176,9,4,11,0,321,0,3.34961038961039,0.445402298850575,45,FALSE,FALSE
"2015",13,"120","Petervasarai",48.017941,20.1019849,9,4,11,0,337,0,3.34961038961039,0.445402298850575,47,FALSE,FALSE
"2015",13,"121","Pilisvorosvari",47.6212089,18.9111742,5,4,3,0,3972,0,23.8451428571429,0.445402298850575,48,FALSE,FALSE
"2015",13,"122","Polgari",47.866362,21.1242449,4,4,12,0,369,0,2.4147619047619,0.445402298850575,49,FALSE,FALSE
"2015",13,"123","Puspokladanyi",47.3176758,21.1165369,11,4,7,0,1326,0,6.24462585034014,0.445402298850575,50,FALSE,FALSE
"2015",13,"124","Rackevei",47.1611023,18.9455669,5,4,3,0,5521,0,23.8451428571429,0.445402298850575,51,FALSE,FALSE
"2015",13,"125","Retsagi",47.9278597,19.1372757,10,4,5,0,647,0,9.53348571428571,0.445402298850575,52,FALSE,FALSE
"2015",13,"126","Salgotarjani",48.0853167,19.7869357,3,4,6,0,1878,0,8.56685714285715,0.445402298850575,53,FALSE,FALSE
"2015",13,"127","Sarbogardi",46.887769,18.6193289,11,4,7,0,562,0,6.24462585034014,0.445402298850575,54,FALSE,FALSE
"2015",13,"128","Sarkadi",46.746283,21.3848669,12,4,10,0,555,0,3.7672380952381,0.445402298850575,55,FALSE,FALSE
"2015",13,"129","Sarospataki",48.318984,21.5663738,13,4,9,0,849,0,5.56571428571428,0.445402298850575,24,FALSE,FALSE
"2015",13,"130","Sarvari",47.2540616,16.9352309,9,4,11,0,1077,0,3.34961038961039,0.445402298850575,57,FALSE,FALSE
"2015",13,"131","Sasdi",46.2548488,18.1060595,2,4,13,0,293,0,1.944,0.445402298850575,58,FALSE,FALSE
"2015",13,"132","Satoraljaujhelyi",48.3941408,21.6559965,12,4,10,0,822,0,3.7672380952381,0.445402298850575,59,FALSE,FALSE
"2015",13,"133","Sellyei",45.8719698,17.8460989,2,4,13,0,204,0,1.944,0.445402298850575,60,FALSE,FALSE
"2015",13,"134","Siklosi",45.852147,18.2988281,8,4,8,0,754,0,5.94323809523809,0.445402298850575,61,FALSE,FALSE
"2015",13,"135","Siofoki",46.9057439,18.0525018,3,4,6,0,1189,0,8.56685714285715,0.445402298850575,62,FALSE,FALSE
"2015",13,"136","Sopron-Fertodi",47.684898,16.583053,7,2,2,10331,3067,90.2525714285716,34.4742857142857,0.968390804597701,10,TRUE,TRUE
"2015",13,"137","Sumegi",46.9775543,17.2819824,2,4,13,0,393,0,1.944,0.445402298850575,63,FALSE,FALSE
"2015",13,"138","Szarvasi",46.8595081,20.5595884,3,4,6,0,1420,0,8.56685714285715,0.445402298850575,21,FALSE,FALSE
"2015",13,"139","Szecsenyi",48.0811488,19.5197217,9,4,11,0,414,0,3.34961038961039,0.445402298850575,64,FALSE,FALSE
"2015",13,"140","Szegedi",46.2536169,20.1461345,7,2,2,28610,9193,90.2525714285716,34.4742857142857,0.968390804597701,3,TRUE,TRUE
"2015",13,"141","Szeghalomi",47.027309,21.166263,8,4,8,0,1057,0,5.94323809523809,0.445402298850575,66,FALSE,FALSE
"2015",13,"142","Szekesfehervari",47.1887157,18.4138088,5,4,3,0,5899,0,23.8451428571429,0.445402298850575,20,TRUE,TRUE
"2015",13,"143","Szekszardi",46.3485623,18.7019205,10,4,5,0,3247,0,9.53348571428571,0.445402298850575,67,FALSE,FALSE
"2015",13,"144","Szentendrei",47.6734712,19.07254,5,4,3,0,4638,0,23.8451428571429,0.445402298850575,68,FALSE,FALSE
"2015",13,"145","Szentesi",46.65192,20.2571842,3,4,6,0,1373,0,8.56685714285715,0.445402298850575,69,FALSE,FALSE
"2015",13,"146","Szentgotthardi",46.9527524,16.2737218,2,4,13,0,444,0,1.944,0.445402298850575,70,FALSE,FALSE
"2015",13,"147","Szentlorinci",46.040211,17.989775,2,4,13,0,332,0,1.944,0.445402298850575,71,FALSE,FALSE
"2015",13,"148","Szerencsi",48.162418,21.205206,11,4,7,0,1163,0,6.24462585034014,0.445402298850575,72,FALSE,FALSE
"2015",13,"149","Szigetvari",46.0482577,17.8123125,9,4,11,0,516,0,3.34961038961039,0.445402298850575,73,FALSE,FALSE
"2015",13,"150","Szikszoi",48.1949949,20.9294318,2,4,13,0,436,0,1.944,0.445402298850575,75,FALSE,FALSE
"2015",13,"151","Szobi",47.818012,18.8667731,11,4,7,0,333,0,6.24462585034014,0.445402298850575,76,FALSE,FALSE
"2015",13,"152","Szolnoki",47.174662,20.17628,1,3,4,1597,4278,9.065,23.2214285714286,0.916666666666667,15,TRUE,TRUE
"2015",13,"153","Szombathelyi",47.23514,16.6219178,10,4,5,0,4122,0,9.53348571428571,0.445402298850575,23,FALSE,FALSE
"2015",13,"154","Tabi",46.729486,18.0329558,2,4,13,0,227,0,1.944,0.445402298850575,77,FALSE,FALSE
"2015",13,"155","Tamasi",46.6295947,18.2846991,11,4,7,0,863,0,6.24462585034014,0.445402298850575,78,FALSE,FALSE
"2015",13,"156","Tapolcai",46.88289,17.4413581,8,4,8,0,1049,0,5.94323809523809,0.445402298850575,79,FALSE,FALSE
"2015",13,"157","Tatabanyai",47.5861869,18.3947662,1,3,4,908,3078,9.065,23.2214285714286,0.916666666666667,16,TRUE,TRUE
"2015",13,"158","Tatai",47.655255,18.3285248,10,4,5,0,1670,0,9.53348571428571,0.445402298850575,80,FALSE,FALSE
"2015",13,"159","Teti",47.515979,17.5168418,9,4,11,0,455,0,3.34961038961039,0.445402298850575,81,FALSE,FALSE
"2015",13,"160","Tiszafuredi",47.615345,20.7617821,10,4,5,0,926,0,9.53348571428571,0.445402298850575,83,FALSE,FALSE
"2015",13,"161","Tiszaujvarosi",47.92291,21.052195,8,4,8,0,1212,0,5.94323809523809,0.445402298850575,84,FALSE,FALSE
"2015",13,"162","Tiszavasvari",47.9511368,21.3687867,13,4,9,0,967,0,5.56571428571428,0.445402298850575,85,FALSE,FALSE
"2015",13,"163","Tokaji",48.119994,21.412563,12,4,10,0,356,0,3.7672380952381,0.445402298850575,86,FALSE,FALSE
"2015",13,"164","Torokszentmiklosi",47.180736,20.4182932,11,4,7,0,944,0,6.24462585034014,0.445402298850575,87,FALSE,FALSE
"2015",13,"165","Vaci",47.7754454,19.1377076,1,3,4,1411,2681,9.065,23.2214285714286,0.916666666666667,17,TRUE,TRUE
"2015",13,"166","Varpalotai",47.1973949,18.1396572,10,4,5,0,933,0,9.53348571428571,0.445402298850575,88,FALSE,FALSE
"2015",13,"167","Vasarosnamenyi",48.126772,22.318366,12,4,10,0,934,0,3.7672380952381,0.445402298850575,89,FALSE,FALSE
"2015",13,"168","Vasvari",47.051087,16.7985158,12,4,10,0,351,0,3.7672380952381,0.445402298850575,90,FALSE,FALSE
"2015",13,"169","Veresegyhazi",47.65714,19.284962,3,4,6,0,1628,0,8.56685714285715,0.445402298850575,91,FALSE,FALSE
"2015",13,"170","Veszpremi",47.092967,17.913785,7,2,2,9151,3586,90.2525714285716,34.4742857142857,0.968390804597701,9,TRUE,TRUE
"2015",13,"171","Zahonyi",48.406999,22.1745391,13,4,9,0,701,0,5.56571428571428,0.445402298850575,93,FALSE,FALSE
"2015",13,"172","Zalaegerszegi",46.845412,16.8472302,10,4,5,0,3438,0,9.53348571428571,0.445402298850575,94,FALSE,FALSE
"2015",13,"173","Zalakarosi",46.5605989,17.1230251,4,4,12,0,260,0,2.4147619047619,0.445402298850575,95,FALSE,FALSE
"2015",13,"174","Zalaszentgroti",46.947143,17.0790458,12,4,10,0,370,0,3.7672380952381,0.445402298850575,96,FALSE,FALSE
"2015",13,"175","Zirci",47.2630578,17.8725401,12,4,10,0,575,0,3.7672380952381,0.445402298850575,97,FALSE,FALSE
"2018",2,"1","Abai",47.028736,18.517633,1,2,2,0,0,5.917996715928,9.72374384236479,0.497126436781609,26,FALSE,FALSE
"2018",2,"2","Abauj-Hegykozi",48.471017,21.2741752,1,2,2,0,0,5.917996715928,9.72374384236479,0.497126436781609,100,FALSE,FALSE
"2018",2,"3","Adonyi",47.119574,18.8652611,1,2,2,0,0,5.917996715928,9.72374384236479,0.497126436781609,109,FALSE,FALSE
"2018",2,"4","Ajkai",47.1068802,17.563957,1,2,2,0,1563,5.917996715928,9.72374384236479,0.497126436781609,118,FALSE,FALSE
"2018",2,"5","Aszodi",47.6523763,19.4759463,1,2,2,0,1711,5.917996715928,9.72374384236479,0.497126436781609,127,FALSE,FALSE
"2018",2,"6","Bacsalmasi",46.123955,19.32633,1,2,2,0,567,5.917996715928,9.72374384236479,0.497126436781609,136,FALSE,FALSE
"2018",2,"7","Bajai",46.1834182,18.9538158,1,2,2,663,2688,5.917996715928,9.72374384236479,0.497126436781609,19,TRUE,TRUE
"2018",2,"8","Baktaloranthazai",47.997697,22.0766029,1,2,2,0,877,5.917996715928,9.72374384236479,0.497126436781609,155,FALSE,FALSE
"2018",2,"9","Balassagyarmati",48.078798,19.2938953,1,2,2,0,1590,5.917996715928,9.72374384236479,0.497126436781609,166,FALSE,FALSE
"2018",2,"10","Balatonalmadi",47.0286976,18.0148627,1,2,2,0,1219,5.917996715928,9.72374384236479,0.497126436781609,27,FALSE,FALSE
"2018",2,"11","Balatonfoldvari",46.8497238,17.8794039,1,2,2,0,0,5.917996715928,9.72374384236479,0.497126436781609,36,FALSE,FALSE
"2018",2,"12","Balatonfuredi",46.9564612,17.8889631,1,2,2,0,1098,5.917996715928,9.72374384236479,0.497126436781609,46,FALSE,FALSE
"2018",2,"13","Balmazujvarosi",47.612435,21.343577,1,2,2,0,1079,5.917996715928,9.72374384236479,0.497126436781609,56,FALSE,FALSE
"2018",2,"14","Barcsi",45.959228,17.4666786,1,2,2,0,749,5.917996715928,9.72374384236479,0.497126436781609,65,FALSE,FALSE
"2018",2,"15","Batonyterenyei",47.989222,19.828845,1,2,2,0,605,5.917996715928,9.72374384236479,0.497126436781609,74,FALSE,FALSE
"2018",2,"16","Bekescsabai",46.6841987,21.0867872,1,2,2,0,3968,5.917996715928,9.72374384236479,0.497126436781609,82,FALSE,FALSE
"2018",2,"17","Bekesi",46.6704899,21.0434996,1,2,2,0,1452,5.917996715928,9.72374384236479,0.497126436781609,92,FALSE,FALSE
"2018",2,"18","Belapatfalvai",48.052725,20.348591,1,2,2,0,277,5.917996715928,9.72374384236479,0.497126436781609,98,FALSE,FALSE
"2018",2,"19","Berettyoujfalui",47.233892,21.5340216,1,2,2,0,1381,5.917996715928,9.72374384236479,0.497126436781609,99,FALSE,FALSE
"2018",2,"20","Bicskei",47.490759,18.6362719,1,2,2,0,1553,5.917996715928,9.72374384236479,0.497126436781609,101,FALSE,FALSE
"2018",2,"21","Bodrogkozi",48.263291,21.8918689,1,2,2,0,0,5.917996715928,9.72374384236479,0.497126436781609,102,FALSE,FALSE
"2018",2,"22","Bonyhadi",46.2986759,18.5305778,1,2,2,0,994,5.917996715928,9.72374384236479,0.497126436781609,103,FALSE,FALSE
"2018",2,"23","Budaorsi",47.460753,18.9581146,1,2,2,368,0,5.917996715928,9.72374384236479,0.497126436781609,22,FALSE,FALSE
"2018",2,"24","Budapesti",47.4984056,19.0407578,2,1,1,205401,89516,1173.71999999999,511.52,1,1,TRUE,FALSE
"2018",2,"25","Cegledi",47.1772081,19.7980311,1,2,2,0,3499,5.917996715928,9.72374384236479,0.497126436781609,104,FALSE,FALSE
"2018",2,"26","Celldomolki",47.257515,17.1526399,1,2,2,0,757,5.917996715928,9.72374384236479,0.497126436781609,105,FALSE,FALSE
"2018",2,"27","Csengeri",47.8350105,22.6822754,1,2,2,0,448,5.917996715928,9.72374384236479,0.497126436781609,106,FALSE,FALSE
"2018",2,"28","Csepregi",47.401546,16.7081249,1,2,2,0,0,5.917996715928,9.72374384236479,0.497126436781609,107,FALSE,FALSE
"2018",2,"29","Csongradi",46.710833,20.144575,1,2,2,0,689,5.917996715928,9.72374384236479,0.497126436781609,108,FALSE,FALSE
"2018",2,"30","Csornai",47.601529,17.249978,1,2,2,0,1009,5.917996715928,9.72374384236479,0.497126436781609,110,FALSE,FALSE
"2018",2,"31","Csurgoi",46.260776,17.095325,1,2,2,0,533,5.917996715928,9.72374384236479,0.497126436781609,111,FALSE,FALSE
"2018",2,"32","Dabasi",47.192283,19.330853,1,2,2,0,1699,5.917996715928,9.72374384236479,0.497126436781609,112,FALSE,FALSE
"2018",2,"33","Debreceni",47.5299739,21.6393571,1,2,2,29679,11805,5.917996715928,9.72374384236479,0.497126436781609,2,TRUE,TRUE
"2018",2,"34","Derecske-Letavertesi",47.3824608,21.891967,1,2,2,0,0,5.917996715928,9.72374384236479,0.497126436781609,113,FALSE,FALSE
"2018",2,"35","Devecseri",47.106397,17.437279,1,2,2,0,342,5.917996715928,9.72374384236479,0.497126436781609,114,FALSE,FALSE
"2018",2,"36","Dombovari",46.383295,18.131089,1,2,2,0,1256,5.917996715928,9.72374384236479,0.497126436781609,115,FALSE,FALSE
"2018",2,"37","Dorogi",47.7197439,18.7287817,1,2,2,0,0,5.917996715928,9.72374384236479,0.497126436781609,116,FALSE,FALSE
"2018",2,"38","Dunakeszi",47.6297228,19.1380528,1,2,2,0,5247,5.917996715928,9.72374384236479,0.497126436781609,117,FALSE,FALSE
"2018",2,"39","Dunaujvarosi",46.980668,18.9127069,1,2,2,2490,3423,5.917996715928,9.72374384236479,0.497126436781609,18,TRUE,TRUE
"2018",2,"40","Edelenyi",48.2966608,20.7442671,1,2,2,0,858,5.917996715928,9.72374384236479,0.497126436781609,119,FALSE,FALSE
"2018",2,"41","Egri",47.9031987,20.3731077,1,2,2,13301,5067,5.917996715928,9.72374384236479,0.497126436781609,8,TRUE,TRUE
"2018",2,"42","Encsi",48.330768,21.1219603,1,2,2,0,645,5.917996715928,9.72374384236479,0.497126436781609,120,FALSE,FALSE
"2018",2,"43","Enyingi",46.9296,18.242978,1,2,2,0,522,5.917996715928,9.72374384236479,0.497126436781609,121,FALSE,FALSE
"2018",2,"44","Ercsi",47.24966,18.891059,1,2,2,0,0,5.917996715928,9.72374384236479,0.497126436781609,122,FALSE,FALSE
"2018",2,"45","Erdi",47.3783095,18.9217973,1,2,2,0,7527,5.917996715928,9.72374384236479,0.497126436781609,123,FALSE,FALSE
"2018",2,"46","Esztergomi",47.793308,18.7419333,1,2,2,0,3875,5.917996715928,9.72374384236479,0.497126436781609,25,FALSE,FALSE
"2018",2,"47","Fehergyarmati",47.985063,22.517104,1,2,2,0,1418,5.917996715928,9.72374384236479,0.497126436781609,124,FALSE,FALSE
"2018",2,"48","Fonyodi",46.749197,17.5558792,1,2,2,0,1224,5.917996715928,9.72374384236479,0.497126436781609,125,FALSE,FALSE
"2018",2,"49","Fuzesabonyi",47.750888,20.409611,1,2,2,0,1044,5.917996715928,9.72374384236479,0.497126436781609,126,FALSE,FALSE
"2018",2,"50","Gardonyi",47.1973503,18.6091412,1,2,2,0,1503,5.917996715928,9.72374384236479,0.497126436781609,128,FALSE,FALSE
"2018",2,"51","Godolloi",47.5975105,19.3480017,1,2,2,16384,8238,5.917996715928,9.72374384236479,0.497126436781609,5,TRUE,TRUE
"2018",2,"52","Gyali",47.3808958,19.215712,1,2,2,0,1759,5.917996715928,9.72374384236479,0.497126436781609,129,FALSE,FALSE
"2018",2,"53","Gyongyosi",47.775028,19.9280689,1,2,2,0,3453,5.917996715928,9.72374384236479,0.497126436781609,130,FALSE,FALSE
"2018",2,"54","Gyori",47.684051,17.6351011,1,2,2,17761,8436,5.917996715928,9.72374384236479,0.497126436781609,6,TRUE,TRUE
"2018",2,"55","Gyulai",46.642498,21.268809,1,2,2,0,1892,5.917996715928,9.72374384236479,0.497126436781609,131,FALSE,FALSE
"2018",2,"56","Hajduboszormenyi",47.673238,21.5076172,1,2,2,0,1827,5.917996715928,9.72374384236479,0.497126436781609,132,FALSE,FALSE
"2018",2,"57","Hajduhadhazi",47.68197,21.6685631,1,2,2,0,667,5.917996715928,9.72374384236479,0.497126436781609,133,FALSE,FALSE
"2018",2,"58","Hajduszoboszloi",47.443667,21.389719,1,2,2,0,1882,5.917996715928,9.72374384236479,0.497126436781609,134,FALSE,FALSE
"2018",2,"59","Hatvani",47.668122,19.669901,1,2,2,0,2148,5.917996715928,9.72374384236479,0.497126436781609,135,FALSE,FALSE
"2018",2,"60","Hevesi",47.5945238,20.2882213,1,2,2,0,1036,5.917996715928,9.72374384236479,0.497126436781609,137,FALSE,FALSE
"2018",2,"61","Hevizi",46.7905869,17.1843866,1,2,2,0,0,5.917996715928,9.72374384236479,0.497126436781609,138,FALSE,FALSE
"2018",2,"62","Hodmezovasarhelyi",46.430411,20.3188298,1,2,2,0,2167,5.917996715928,9.72374384236479,0.497126436781609,139,FALSE,FALSE
"2018",2,"63","Ibrany-Nagyhalaszi",48.134908,21.7187528,1,2,2,0,0,5.917996715928,9.72374384236479,0.497126436781609,140,FALSE,FALSE
"2018",2,"64","Janoshalmai",46.2967401,19.3228798,1,2,2,0,612,5.917996715928,9.72374384236479,0.497126436781609,141,FALSE,FALSE
"2018",2,"65","Jaszberenyi",47.5006181,19.9147188,1,2,2,0,2326,5.917996715928,9.72374384236479,0.497126436781609,142,FALSE,FALSE
"2018",2,"66","Kadarkuti",46.2311466,17.6157102,1,2,2,0,0,5.917996715928,9.72374384236479,0.497126436781609,143,FALSE,FALSE
"2018",2,"67","Kalocsai",46.5334145,18.9856969,1,2,2,0,1913,5.917996715928,9.72374384236479,0.497126436781609,144,FALSE,FALSE
"2018",2,"68","Kaposvari",46.36653,17.782483,1,2,2,4806,4913,5.917996715928,9.72374384236479,0.497126436781609,12,TRUE,TRUE
"2018",2,"69","Kapuvar-Beledi",47.5935568,17.0249715,1,2,2,0,0,5.917996715928,9.72374384236479,0.497126436781609,145,FALSE,FALSE
"2018",2,"70","Karcagi",47.316632,20.9220631,1,2,2,0,1384,5.917996715928,9.72374384236479,0.497126436781609,146,FALSE,FALSE
"2018",2,"71","Kazincbarcikai",48.25317,20.6456512,1,2,2,0,2139,5.917996715928,9.72374384236479,0.497126436781609,147,FALSE,FALSE
"2018",2,"72","Kecskemeti",46.9062092,19.6899774,1,2,2,6573,7701,5.917996715928,9.72374384236479,0.497126436781609,14,TRUE,TRUE
"2018",2,"73","Keszthelyi",46.7695893,17.2481444,1,2,2,0,2069,5.917996715928,9.72374384236479,0.497126436781609,148,FALSE,FALSE
"2018",2,"74","Kisberi",47.501673,18.0269161,1,2,2,0,604,5.917996715928,9.72374384236479,0.497126436781609,149,FALSE,FALSE
"2018",2,"75","Kiskorosi",46.620386,19.283827,1,2,2,0,1983,5.917996715928,9.72374384236479,0.497126436781609,150,FALSE,FALSE
"2018",2,"76","Kiskunfelegyhazai",46.7050953,19.8499199,1,2,2,0,0,5.917996715928,9.72374384236479,0.497126436781609,151,FALSE,FALSE
"2018",2,"77","Kiskunhalasi",46.432037,19.4885269,1,2,2,0,1886,5.917996715928,9.72374384236479,0.497126436781609,152,FALSE,FALSE
"2018",2,"78","Kiskunmajsai",46.492344,19.7368448,1,2,2,0,637,5.917996715928,9.72374384236479,0.497126436781609,153,FALSE,FALSE
"2018",2,"79","Kisteleki",46.4696447,19.9803972,1,2,2,0,533,5.917996715928,9.72374384236479,0.497126436781609,154,FALSE,FALSE
"2018",2,"80","Kisvardai",48.2264002,22.0846211,1,2,2,0,3111,5.917996715928,9.72374384236479,0.497126436781609,156,FALSE,FALSE
"2018",2,"81","Komaromi",47.7434248,18.1191064,1,2,2,0,1439,5.917996715928,9.72374384236479,0.497126436781609,157,FALSE,FALSE
"2018",2,"82","Komloi",47.600636,20.445412,1,2,2,0,851,5.917996715928,9.72374384236479,0.497126436781609,158,FALSE,FALSE
"2018",2,"83","Kormendi",47.011113,16.6057156,1,2,2,0,947,5.917996715928,9.72374384236479,0.497126436781609,159,FALSE,FALSE
"2018",2,"84","Koszegi",47.381935,16.552229,1,2,2,0,945,5.917996715928,9.72374384236479,0.497126436781609,160,FALSE,FALSE
"2018",2,"85","Kunszentmartoni",46.841082,20.287233,1,2,2,0,1102,5.917996715928,9.72374384236479,0.497126436781609,161,FALSE,FALSE
"2018",2,"86","Kunszentmiklosi",47.026444,19.1227831,1,2,2,0,875,5.917996715928,9.72374384236479,0.497126436781609,162,FALSE,FALSE
"2018",2,"87","Lengyeltoti",46.667049,17.6407711,1,2,2,0,0,5.917996715928,9.72374384236479,0.497126436781609,163,FALSE,FALSE
"2018",2,"88","Lenti",46.623785,16.546001,1,2,2,0,589,5.917996715928,9.72374384236479,0.497126436781609,164,FALSE,FALSE
"2018",2,"89","Letenyei",46.4337456,16.7221882,1,2,2,0,515,5.917996715928,9.72374384236479,0.497126436781609,165,FALSE,FALSE
"2018",2,"90","Makoi",46.21498,20.47513,1,2,2,0,1499,5.917996715928,9.72374384236479,0.497126436781609,167,FALSE,FALSE
"2018",2,"91","Marcali",46.582815,17.4119018,1,2,2,0,1122,5.917996715928,9.72374384236479,0.497126436781609,168,FALSE,FALSE
"2018",2,"92","Mateszalkai",47.943265,22.316904,1,2,2,0,2323,5.917996715928,9.72374384236479,0.497126436781609,169,FALSE,FALSE
"2018",2,"93","Mezocsati",47.823541,20.9028038,1,2,2,0,337,5.917996715928,9.72374384236479,0.497126436781609,170,FALSE,FALSE
"2018",2,"94","Mezokovacshazai",46.4071834,20.9241681,1,2,2,0,1067,5.917996715928,9.72374384236479,0.497126436781609,171,FALSE,FALSE
"2018",2,"95","Mezokovesdi",47.8068796,20.5650907,1,2,2,0,1720,5.917996715928,9.72374384236479,0.497126436781609,172,FALSE,FALSE
"2018",2,"96","Mezoturi",47.00278,20.618465,1,2,2,0,934,5.917996715928,9.72374384236479,0.497126436781609,173,FALSE,FALSE
"2018",2,"97","Miskolci",48.1043854,20.7913563,1,2,2,11549,10970,5.917996715928,9.72374384236479,0.497126436781609,7,TRUE,TRUE
"2018",2,"98","Mohacsi",45.9959241,18.6798279,1,2,2,0,1104,5.917996715928,9.72374384236479,0.497126436781609,174,FALSE,FALSE
"2018",2,"99","Monori",47.34754,19.448946,1,2,2,0,2724,5.917996715928,9.72374384236479,0.497126436781609,175,FALSE,FALSE
"2018",2,"100","Morahalomi",46.217922,19.883719,1,2,2,0,0,5.917996715928,9.72374384236479,0.497126436781609,28,FALSE,FALSE
"2018",2,"101","Mori",47.3717781,18.2085973,1,2,2,0,1491,5.917996715928,9.72374384236479,0.497126436781609,29,FALSE,FALSE
"2018",2,"102","Mosonmagyarovari",47.8744063,17.2693897,1,2,2,0,2327,5.917996715928,9.72374384236479,0.497126436781609,30,FALSE,FALSE
"2018",2,"103","Nagyatadi",46.23001,17.3574429,1,2,2,0,911,5.917996715928,9.72374384236479,0.497126436781609,31,FALSE,FALSE
"2018",2,"104","Nagykalloi",47.875519,21.8460521,1,2,2,0,1225,5.917996715928,9.72374384236479,0.497126436781609,32,FALSE,FALSE
"2018",2,"105","Nagykanizsai",46.455237,16.9953419,1,2,2,0,2919,5.917996715928,9.72374384236479,0.497126436781609,33,FALSE,FALSE
"2018",2,"106","Nagykatai",47.4181175,19.7422453,1,2,2,0,2665,5.917996715928,9.72374384236479,0.497126436781609,34,FALSE,FALSE
"2018",2,"107","Nyirbatori",47.835414,22.130289,1,2,2,0,1539,5.917996715928,9.72374384236479,0.497126436781609,35,FALSE,FALSE
"2018",2,"108","Nyiregyhazai",47.9532583,21.7264647,1,2,2,4134,0,5.917996715928,9.72374384236479,0.497126436781609,11,TRUE,TRUE
"2018",2,"109","Oroshazai",46.5615338,20.6619204,1,2,2,2031,0,5.917996715928,9.72374384236479,0.497126436781609,13,TRUE,TRUE
"2018",2,"110","Oroszlanyi",47.4943329,18.3215448,1,2,2,0,1019,5.917996715928,9.72374384236479,0.497126436781609,37,FALSE,FALSE
"2018",2,"111","Ozdi",48.2195564,20.2869186,1,2,2,0,1323,5.917996715928,9.72374384236479,0.497126436781609,38,FALSE,FALSE
"2018",2,"112","Oriszentpeteri",46.838954,16.4211574,1,2,2,0,0,5.917996715928,9.72374384236479,0.497126436781609,39,FALSE,FALSE
"2018",2,"113","Pacsai",46.7226412,17.0096878,1,2,2,0,0,5.917996715928,9.72374384236479,0.497126436781609,40,FALSE,FALSE
"2018",2,"114","Paksi",46.626368,18.8652409,1,2,2,0,2214,5.917996715928,9.72374384236479,0.497126436781609,41,FALSE,FALSE
"2018",2,"115","Pannonhalmai",47.55021,17.754228,1,2,2,0,0,5.917996715928,9.72374384236479,0.497126436781609,42,FALSE,FALSE
"2018",2,"116","Papai",47.3308153,17.4660302,1,2,2,0,1989,5.917996715928,9.72374384236479,0.497126436781609,43,FALSE,FALSE
"2018",2,"117","Pasztoi",47.919562,19.6978939,1,2,2,0,1074,5.917996715928,9.72374384236479,0.497126436781609,44,FALSE,FALSE
"2018",2,"118","Pecsi",46.0713242,18.2331772,1,2,2,26138,8596,5.917996715928,9.72374384236479,0.497126436781609,4,TRUE,TRUE
"2018",2,"119","Pecsvaradi",46.158114,18.422176,1,2,2,0,352,5.917996715928,9.72374384236479,0.497126436781609,45,FALSE,FALSE
"2018",2,"120","Petervasarai",48.017941,20.1019849,1,2,2,0,640,5.917996715928,9.72374384236479,0.497126436781609,47,FALSE,FALSE
"2018",2,"121","Pilisvorosvari",47.6212089,18.9111742,1,2,2,0,3585,5.917996715928,9.72374384236479,0.497126436781609,48,FALSE,FALSE
"2018",2,"122","Polgari",47.866362,21.1242449,1,2,2,0,0,5.917996715928,9.72374384236479,0.497126436781609,49,FALSE,FALSE
"2018",2,"123","Puspokladanyi",47.3176758,21.1165369,1,2,2,0,1324,5.917996715928,9.72374384236479,0.497126436781609,50,FALSE,FALSE
"2018",2,"124","Rackevei",47.1611023,18.9455669,1,2,2,0,1417,5.917996715928,9.72374384236479,0.497126436781609,51,FALSE,FALSE
"2018",2,"125","Retsagi",47.9278597,19.1372757,1,2,2,0,1040,5.917996715928,9.72374384236479,0.497126436781609,52,FALSE,FALSE
"2018",2,"126","Salgotarjani",48.0853167,19.7869357,1,2,2,0,2324,5.917996715928,9.72374384236479,0.497126436781609,53,FALSE,FALSE
"2018",2,"127","Sarbogardi",46.887769,18.6193289,1,2,2,0,892,5.917996715928,9.72374384236479,0.497126436781609,54,FALSE,FALSE
"2018",2,"128","Sarkadi",46.746283,21.3848669,1,2,2,0,720,5.917996715928,9.72374384236479,0.497126436781609,55,FALSE,FALSE
"2018",2,"129","Sarospataki",48.318984,21.5663738,1,2,2,18,1122,5.917996715928,9.72374384236479,0.497126436781609,24,FALSE,FALSE
"2018",2,"130","Sarvari",47.2540616,16.9352309,1,2,2,0,1221,5.917996715928,9.72374384236479,0.497126436781609,57,FALSE,FALSE
"2018",2,"131","Sasdi",46.2548488,18.1060595,1,2,2,0,0,5.917996715928,9.72374384236479,0.497126436781609,58,FALSE,FALSE
"2018",2,"132","Satoraljaujhelyi",48.3941408,21.6559965,1,2,2,0,989,5.917996715928,9.72374384236479,0.497126436781609,59,FALSE,FALSE
"2018",2,"133","Sellyei",45.8719698,17.8460989,1,2,2,0,245,5.917996715928,9.72374384236479,0.497126436781609,60,FALSE,FALSE
"2018",2,"134","Siklosi",45.852147,18.2988281,1,2,2,0,1088,5.917996715928,9.72374384236479,0.497126436781609,61,FALSE,FALSE
"2018",2,"135","Siofoki",46.9057439,18.0525018,1,2,2,0,2204,5.917996715928,9.72374384236479,0.497126436781609,62,FALSE,FALSE
"2018",2,"136","Sopron-Fertodi",47.684898,16.583053,1,2,2,3201,0,5.917996715928,9.72374384236479,0.497126436781609,10,TRUE,TRUE
"2018",2,"137","Sumegi",46.9775543,17.2819824,1,2,2,0,518,5.917996715928,9.72374384236479,0.497126436781609,63,FALSE,FALSE
"2018",2,"138","Szarvasi",46.8595081,20.5595884,1,2,2,0,1085,5.917996715928,9.72374384236479,0.497126436781609,21,FALSE,FALSE
"2018",2,"139","Szecsenyi",48.0811488,19.5197217,1,2,2,0,653,5.917996715928,9.72374384236479,0.497126436781609,64,FALSE,FALSE
"2018",2,"140","Szegedi",46.2536169,20.1461345,1,2,2,28237,10680,5.917996715928,9.72374384236479,0.497126436781609,3,TRUE,TRUE
"2018",2,"141","Szeghalomi",47.027309,21.166263,1,2,2,0,0,5.917996715928,9.72374384236479,0.497126436781609,66,FALSE,FALSE
"2018",2,"142","Szekesfehervari",47.1887157,18.4138088,1,2,2,0,7363,5.917996715928,9.72374384236479,0.497126436781609,20,TRUE,TRUE
"2018",2,"143","Szekszardi",46.3485623,18.7019205,1,2,2,0,2518,5.917996715928,9.72374384236479,0.497126436781609,67,FALSE,FALSE
"2018",2,"144","Szentendrei",47.6734712,19.07254,1,2,2,0,5210,5.917996715928,9.72374384236479,0.497126436781609,68,FALSE,FALSE
"2018",2,"145","Szentesi",46.65192,20.2571842,1,2,2,0,1550,5.917996715928,9.72374384236479,0.497126436781609,69,FALSE,FALSE
"2018",2,"146","Szentgotthardi",46.9527524,16.2737218,1,2,2,0,387,5.917996715928,9.72374384236479,0.497126436781609,70,FALSE,FALSE
"2018",2,"147","Szentlorinci",46.040211,17.989775,1,2,2,0,421,5.917996715928,9.72374384236479,0.497126436781609,71,FALSE,FALSE
"2018",2,"148","Szerencsi",48.162418,21.205206,1,2,2,0,1407,5.917996715928,9.72374384236479,0.497126436781609,72,FALSE,FALSE
"2018",2,"149","Szigetvari",46.0482577,17.8123125,1,2,2,0,779,5.917996715928,9.72374384236479,0.497126436781609,73,FALSE,FALSE
"2018",2,"150","Szikszoi",48.1949949,20.9294318,1,2,2,0,572,5.917996715928,9.72374384236479,0.497126436781609,75,FALSE,FALSE
"2018",2,"151","Szobi",47.818012,18.8667731,1,2,2,0,1013,5.917996715928,9.72374384236479,0.497126436781609,76,FALSE,FALSE
"2018",2,"152","Szolnoki",47.174662,20.17628,1,2,2,0,5505,5.917996715928,9.72374384236479,0.497126436781609,15,TRUE,TRUE
"2018",2,"153","Szombathelyi",47.23514,16.6219178,1,2,2,0,4680,5.917996715928,9.72374384236479,0.497126436781609,23,FALSE,FALSE
"2018",2,"154","Tabi",46.729486,18.0329558,1,2,2,0,308,5.917996715928,9.72374384236479,0.497126436781609,77,FALSE,FALSE
"2018",2,"155","Tamasi",46.6295947,18.2846991,1,2,2,0,983,5.917996715928,9.72374384236479,0.497126436781609,78,FALSE,FALSE
"2018",2,"156","Tapolcai",46.88289,17.4413581,1,2,2,0,1306,5.917996715928,9.72374384236479,0.497126436781609,79,FALSE,FALSE
"2018",2,"157","Tatabanyai",47.5861869,18.3947662,1,2,2,1219,3351,5.917996715928,9.72374384236479,0.497126436781609,16,TRUE,TRUE
"2018",2,"158","Tatai",47.655255,18.3285248,1,2,2,0,1811,5.917996715928,9.72374384236479,0.497126436781609,80,FALSE,FALSE
"2018",2,"159","Teti",47.515979,17.5168418,1,2,2,0,382,5.917996715928,9.72374384236479,0.497126436781609,81,FALSE,FALSE
"2018",2,"160","Tiszafuredi",47.615345,20.7617821,1,2,2,0,656,5.917996715928,9.72374384236479,0.497126436781609,83,FALSE,FALSE
"2018",2,"161","Tiszaujvarosi",47.92291,21.052195,1,2,2,0,1466,5.917996715928,9.72374384236479,0.497126436781609,84,FALSE,FALSE
"2018",2,"162","Tiszavasvari",47.9511368,21.3687867,1,2,2,0,822,5.917996715928,9.72374384236479,0.497126436781609,85,FALSE,FALSE
"2018",2,"163","Tokaji",48.119994,21.412563,1,2,2,0,495,5.917996715928,9.72374384236479,0.497126436781609,86,FALSE,FALSE
"2018",2,"164","Torokszentmiklosi",47.180736,20.4182932,1,2,2,0,1107,5.917996715928,9.72374384236479,0.497126436781609,87,FALSE,FALSE
"2018",2,"165","Vaci",47.7754454,19.1377076,1,2,2,1617,3373,5.917996715928,9.72374384236479,0.497126436781609,17,TRUE,TRUE
"2018",2,"166","Varpalotai",47.1973949,18.1396572,1,2,2,0,1152,5.917996715928,9.72374384236479,0.497126436781609,88,FALSE,FALSE
"2018",2,"167","Vasarosnamenyi",48.126772,22.318366,1,2,2,0,1374,5.917996715928,9.72374384236479,0.497126436781609,89,FALSE,FALSE
"2018",2,"168","Vasvari",47.051087,16.7985158,1,2,2,0,376,5.917996715928,9.72374384236479,0.497126436781609,90,FALSE,FALSE
"2018",2,"169","Veresegyhazi",47.65714,19.284962,1,2,2,0,0,5.917996715928,9.72374384236479,0.497126436781609,91,FALSE,FALSE
"2018",2,"170","Veszpremi",47.092967,17.913785,1,2,2,10034,4130,5.917996715928,9.72374384236479,0.497126436781609,9,TRUE,TRUE
"2018",2,"171","Zahonyi",48.406999,22.1745391,1,2,2,0,811,5.917996715928,9.72374384236479,0.497126436781609,93,FALSE,FALSE
"2018",2,"172","Zalaegerszegi",46.845412,16.8472302,1,2,2,0,4161,5.917996715928,9.72374384236479,0.497126436781609,94,FALSE,FALSE
"2018",2,"173","Zalakarosi",46.5605989,17.1230251,1,2,2,0,0,5.917996715928,9.72374384236479,0.497126436781609,95,FALSE,FALSE
"2018",2,"174","Zalaszentgroti",46.947143,17.0790458,1,2,2,0,459,5.917996715928,9.72374384236479,0.497126436781609,96,FALSE,FALSE
"2018",2,"175","Zirci",47.2630578,17.8725401,1,2,2,0,629,5.917996715928,9.72374384236479,0.497126436781609,97,FALSE,FALSE
"2018",4,"1","Abai",47.028736,18.517633,1,3,4,0,0,1.98653061224493,0,0.841954022988506,26,FALSE,FALSE
"2018",4,"2","Abauj-Hegykozi",48.471017,21.2741752,1,3,4,0,0,1.98653061224493,0,0.841954022988506,100,FALSE,FALSE
"2018",4,"3","Adonyi",47.119574,18.8652611,1,3,4,0,0,1.98653061224493,0,0.841954022988506,109,FALSE,FALSE
"2018",4,"4","Ajkai",47.1068802,17.563957,4,4,3,0,1563,0.0292588614393132,8.825134264232,0.379310344827586,118,FALSE,FALSE
"2018",4,"5","Aszodi",47.6523763,19.4759463,4,4,3,0,1711,0.0292588614393132,8.825134264232,0.379310344827586,127,FALSE,FALSE
"2018",4,"6","Bacsalmasi",46.123955,19.32633,4,4,3,0,567,0.0292588614393132,8.825134264232,0.379310344827586,136,FALSE,FALSE
"2018",4,"7","Bajai",46.1834182,18.9538158,4,4,3,663,2688,0.0292588614393132,8.825134264232,0.379310344827586,19,TRUE,TRUE
"2018",4,"8","Baktaloranthazai",47.997697,22.0766029,4,4,3,0,877,0.0292588614393132,8.825134264232,0.379310344827586,155,FALSE,FALSE
"2018",4,"9","Balassagyarmati",48.078798,19.2938953,4,4,3,0,1590,0.0292588614393132,8.825134264232,0.379310344827586,166,FALSE,FALSE
"2018",4,"10","Balatonalmadi",47.0286976,18.0148627,4,4,3,0,1219,0.0292588614393132,8.825134264232,0.379310344827586,27,FALSE,FALSE
"2018",4,"11","Balatonfoldvari",46.8497238,17.8794039,1,3,4,0,0,1.98653061224493,0,0.841954022988506,36,FALSE,FALSE
"2018",4,"12","Balatonfuredi",46.9564612,17.8889631,4,4,3,0,1098,0.0292588614393132,8.825134264232,0.379310344827586,46,FALSE,FALSE
"2018",4,"13","Balmazujvarosi",47.612435,21.343577,4,4,3,0,1079,0.0292588614393132,8.825134264232,0.379310344827586,56,FALSE,FALSE
"2018",4,"14","Barcsi",45.959228,17.4666786,4,4,3,0,749,0.0292588614393132,8.825134264232,0.379310344827586,65,FALSE,FALSE
"2018",4,"15","Batonyterenyei",47.989222,19.828845,4,4,3,0,605,0.0292588614393132,8.825134264232,0.379310344827586,74,FALSE,FALSE
"2018",4,"16","Bekescsabai",46.6841987,21.0867872,4,4,3,0,3968,0.0292588614393132,8.825134264232,0.379310344827586,82,FALSE,FALSE
"2018",4,"17","Bekesi",46.6704899,21.0434996,4,4,3,0,1452,0.0292588614393132,8.825134264232,0.379310344827586,92,FALSE,FALSE
"2018",4,"18","Belapatfalvai",48.052725,20.348591,4,4,3,0,277,0.0292588614393132,8.825134264232,0.379310344827586,98,FALSE,FALSE
"2018",4,"19","Berettyoujfalui",47.233892,21.5340216,4,4,3,0,1381,0.0292588614393132,8.825134264232,0.379310344827586,99,FALSE,FALSE
"2018",4,"20","Bicskei",47.490759,18.6362719,4,4,3,0,1553,0.0292588614393132,8.825134264232,0.379310344827586,101,FALSE,FALSE
"2018",4,"21","Bodrogkozi",48.263291,21.8918689,1,3,4,0,0,1.98653061224493,0,0.841954022988506,102,FALSE,FALSE
"2018",4,"22","Bonyhadi",46.2986759,18.5305778,4,4,3,0,994,0.0292588614393132,8.825134264232,0.379310344827586,103,FALSE,FALSE
"2018",4,"23","Budaorsi",47.460753,18.9581146,1,3,4,368,0,1.98653061224493,0,0.841954022988506,22,FALSE,FALSE
"2018",4,"24","Budapesti",47.4984056,19.0407578,3,1,1,205401,89516,1173.72,511.519999999998,1,1,TRUE,FALSE
"2018",4,"25","Cegledi",47.1772081,19.7980311,4,4,3,0,3499,0.0292588614393132,8.825134264232,0.379310344827586,104,FALSE,FALSE
"2018",4,"26","Celldomolki",47.257515,17.1526399,4,4,3,0,757,0.0292588614393132,8.825134264232,0.379310344827586,105,FALSE,FALSE
"2018",4,"27","Csengeri",47.8350105,22.6822754,4,4,3,0,448,0.0292588614393132,8.825134264232,0.379310344827586,106,FALSE,FALSE
"2018",4,"28","Csepregi",47.401546,16.7081249,1,3,4,0,0,1.98653061224493,0,0.841954022988506,107,FALSE,FALSE
"2018",4,"29","Csongradi",46.710833,20.144575,4,4,3,0,689,0.0292588614393132,8.825134264232,0.379310344827586,108,FALSE,FALSE
"2018",4,"30","Csornai",47.601529,17.249978,4,4,3,0,1009,0.0292588614393132,8.825134264232,0.379310344827586,110,FALSE,FALSE
"2018",4,"31","Csurgoi",46.260776,17.095325,4,4,3,0,533,0.0292588614393132,8.825134264232,0.379310344827586,111,FALSE,FALSE
"2018",4,"32","Dabasi",47.192283,19.330853,4,4,3,0,1699,0.0292588614393132,8.825134264232,0.379310344827586,112,FALSE,FALSE
"2018",4,"33","Debreceni",47.5299739,21.6393571,2,2,2,29679,11805,74.6320879120878,39.8606593406595,0.959770114942529,2,TRUE,TRUE
"2018",4,"34","Derecske-Letavertesi",47.3824608,21.891967,1,3,4,0,0,1.98653061224493,0,0.841954022988506,113,FALSE,FALSE
"2018",4,"35","Devecseri",47.106397,17.437279,4,4,3,0,342,0.0292588614393132,8.825134264232,0.379310344827586,114,FALSE,FALSE
"2018",4,"36","Dombovari",46.383295,18.131089,4,4,3,0,1256,0.0292588614393132,8.825134264232,0.379310344827586,115,FALSE,FALSE
"2018",4,"37","Dorogi",47.7197439,18.7287817,1,3,4,0,0,1.98653061224493,0,0.841954022988506,116,FALSE,FALSE
"2018",4,"38","Dunakeszi",47.6297228,19.1380528,4,4,3,0,5247,0.0292588614393132,8.825134264232,0.379310344827586,117,FALSE,FALSE
"2018",4,"39","Dunaujvarosi",46.980668,18.9127069,2,2,2,2490,3423,74.6320879120878,39.8606593406595,0.959770114942529,18,TRUE,TRUE
"2018",4,"40","Edelenyi",48.2966608,20.7442671,4,4,3,0,858,0.0292588614393132,8.825134264232,0.379310344827586,119,FALSE,FALSE
"2018",4,"41","Egri",47.9031987,20.3731077,2,2,2,13301,5067,74.6320879120878,39.8606593406595,0.959770114942529,8,TRUE,TRUE
"2018",4,"42","Encsi",48.330768,21.1219603,4,4,3,0,645,0.0292588614393132,8.825134264232,0.379310344827586,120,FALSE,FALSE
"2018",4,"43","Enyingi",46.9296,18.242978,4,4,3,0,522,0.0292588614393132,8.825134264232,0.379310344827586,121,FALSE,FALSE
"2018",4,"44","Ercsi",47.24966,18.891059,1,3,4,0,0,1.98653061224493,0,0.841954022988506,122,FALSE,FALSE
"2018",4,"45","Erdi",47.3783095,18.9217973,4,4,3,0,7527,0.0292588614393132,8.825134264232,0.379310344827586,123,FALSE,FALSE
"2018",4,"46","Esztergomi",47.793308,18.7419333,4,4,3,0,3875,0.0292588614393132,8.825134264232,0.379310344827586,25,FALSE,FALSE
"2018",4,"47","Fehergyarmati",47.985063,22.517104,4,4,3,0,1418,0.0292588614393132,8.825134264232,0.379310344827586,124,FALSE,FALSE
"2018",4,"48","Fonyodi",46.749197,17.5558792,4,4,3,0,1224,0.0292588614393132,8.825134264232,0.379310344827586,125,FALSE,FALSE
"2018",4,"49","Fuzesabonyi",47.750888,20.409611,4,4,3,0,1044,0.0292588614393132,8.825134264232,0.379310344827586,126,FALSE,FALSE
"2018",4,"50","Gardonyi",47.1973503,18.6091412,4,4,3,0,1503,0.0292588614393132,8.825134264232,0.379310344827586,128,FALSE,FALSE
"2018",4,"51","Godolloi",47.5975105,19.3480017,2,2,2,16384,8238,74.6320879120878,39.8606593406595,0.959770114942529,5,TRUE,TRUE
"2018",4,"52","Gyali",47.3808958,19.215712,4,4,3,0,1759,0.0292588614393132,8.825134264232,0.379310344827586,129,FALSE,FALSE
"2018",4,"53","Gyongyosi",47.775028,19.9280689,4,4,3,0,3453,0.0292588614393132,8.825134264232,0.379310344827586,130,FALSE,FALSE
"2018",4,"54","Gyori",47.684051,17.6351011,2,2,2,17761,8436,74.6320879120878,39.8606593406595,0.959770114942529,6,TRUE,TRUE
"2018",4,"55","Gyulai",46.642498,21.268809,4,4,3,0,1892,0.0292588614393132,8.825134264232,0.379310344827586,131,FALSE,FALSE
"2018",4,"56","Hajduboszormenyi",47.673238,21.5076172,4,4,3,0,1827,0.0292588614393132,8.825134264232,0.379310344827586,132,FALSE,FALSE
"2018",4,"57","Hajduhadhazi",47.68197,21.6685631,4,4,3,0,667,0.0292588614393132,8.825134264232,0.379310344827586,133,FALSE,FALSE
"2018",4,"58","Hajduszoboszloi",47.443667,21.389719,4,4,3,0,1882,0.0292588614393132,8.825134264232,0.379310344827586,134,FALSE,FALSE
"2018",4,"59","Hatvani",47.668122,19.669901,4,4,3,0,2148,0.0292588614393132,8.825134264232,0.379310344827586,135,FALSE,FALSE
"2018",4,"60","Hevesi",47.5945238,20.2882213,4,4,3,0,1036,0.0292588614393132,8.825134264232,0.379310344827586,137,FALSE,FALSE
"2018",4,"61","Hevizi",46.7905869,17.1843866,1,3,4,0,0,1.98653061224493,0,0.841954022988506,138,FALSE,FALSE
"2018",4,"62","Hodmezovasarhelyi",46.430411,20.3188298,4,4,3,0,2167,0.0292588614393132,8.825134264232,0.379310344827586,139,FALSE,FALSE
"2018",4,"63","Ibrany-Nagyhalaszi",48.134908,21.7187528,1,3,4,0,0,1.98653061224493,0,0.841954022988506,140,FALSE,FALSE
"2018",4,"64","Janoshalmai",46.2967401,19.3228798,4,4,3,0,612,0.0292588614393132,8.825134264232,0.379310344827586,141,FALSE,FALSE
"2018",4,"65","Jaszberenyi",47.5006181,19.9147188,4,4,3,0,2326,0.0292588614393132,8.825134264232,0.379310344827586,142,FALSE,FALSE
"2018",4,"66","Kadarkuti",46.2311466,17.6157102,1,3,4,0,0,1.98653061224493,0,0.841954022988506,143,FALSE,FALSE
"2018",4,"67","Kalocsai",46.5334145,18.9856969,4,4,3,0,1913,0.0292588614393132,8.825134264232,0.379310344827586,144,FALSE,FALSE
"2018",4,"68","Kaposvari",46.36653,17.782483,2,2,2,4806,4913,74.6320879120878,39.8606593406595,0.959770114942529,12,TRUE,TRUE
"2018",4,"69","Kapuvar-Beledi",47.5935568,17.0249715,1,3,4,0,0,1.98653061224493,0,0.841954022988506,145,FALSE,FALSE
"2018",4,"70","Karcagi",47.316632,20.9220631,4,4,3,0,1384,0.0292588614393132,8.825134264232,0.379310344827586,146,FALSE,FALSE
"2018",4,"71","Kazincbarcikai",48.25317,20.6456512,4,4,3,0,2139,0.0292588614393132,8.825134264232,0.379310344827586,147,FALSE,FALSE
"2018",4,"72","Kecskemeti",46.9062092,19.6899774,2,2,2,6573,7701,74.6320879120878,39.8606593406595,0.959770114942529,14,TRUE,TRUE
"2018",4,"73","Keszthelyi",46.7695893,17.2481444,4,4,3,0,2069,0.0292588614393132,8.825134264232,0.379310344827586,148,FALSE,FALSE
"2018",4,"74","Kisberi",47.501673,18.0269161,4,4,3,0,604,0.0292588614393132,8.825134264232,0.379310344827586,149,FALSE,FALSE
"2018",4,"75","Kiskorosi",46.620386,19.283827,4,4,3,0,1983,0.0292588614393132,8.825134264232,0.379310344827586,150,FALSE,FALSE
"2018",4,"76","Kiskunfelegyhazai",46.7050953,19.8499199,1,3,4,0,0,1.98653061224493,0,0.841954022988506,151,FALSE,FALSE
"2018",4,"77","Kiskunhalasi",46.432037,19.4885269,4,4,3,0,1886,0.0292588614393132,8.825134264232,0.379310344827586,152,FALSE,FALSE
"2018",4,"78","Kiskunmajsai",46.492344,19.7368448,4,4,3,0,637,0.0292588614393132,8.825134264232,0.379310344827586,153,FALSE,FALSE
"2018",4,"79","Kisteleki",46.4696447,19.9803972,4,4,3,0,533,0.0292588614393132,8.825134264232,0.379310344827586,154,FALSE,FALSE
"2018",4,"80","Kisvardai",48.2264002,22.0846211,4,4,3,0,3111,0.0292588614393132,8.825134264232,0.379310344827586,156,FALSE,FALSE
"2018",4,"81","Komaromi",47.7434248,18.1191064,4,4,3,0,1439,0.0292588614393132,8.825134264232,0.379310344827586,157,FALSE,FALSE
"2018",4,"82","Komloi",47.600636,20.445412,4,4,3,0,851,0.0292588614393132,8.825134264232,0.379310344827586,158,FALSE,FALSE
"2018",4,"83","Kormendi",47.011113,16.6057156,4,4,3,0,947,0.0292588614393132,8.825134264232,0.379310344827586,159,FALSE,FALSE
"2018",4,"84","Koszegi",47.381935,16.552229,4,4,3,0,945,0.0292588614393132,8.825134264232,0.379310344827586,160,FALSE,FALSE
"2018",4,"85","Kunszentmartoni",46.841082,20.287233,4,4,3,0,1102,0.0292588614393132,8.825134264232,0.379310344827586,161,FALSE,FALSE
"2018",4,"86","Kunszentmiklosi",47.026444,19.1227831,4,4,3,0,875,0.0292588614393132,8.825134264232,0.379310344827586,162,FALSE,FALSE
"2018",4,"87","Lengyeltoti",46.667049,17.6407711,1,3,4,0,0,1.98653061224493,0,0.841954022988506,163,FALSE,FALSE
"2018",4,"88","Lenti",46.623785,16.546001,4,4,3,0,589,0.0292588614393132,8.825134264232,0.379310344827586,164,FALSE,FALSE
"2018",4,"89","Letenyei",46.4337456,16.7221882,4,4,3,0,515,0.0292588614393132,8.825134264232,0.379310344827586,165,FALSE,FALSE
"2018",4,"90","Makoi",46.21498,20.47513,4,4,3,0,1499,0.0292588614393132,8.825134264232,0.379310344827586,167,FALSE,FALSE
"2018",4,"91","Marcali",46.582815,17.4119018,4,4,3,0,1122,0.0292588614393132,8.825134264232,0.379310344827586,168,FALSE,FALSE
"2018",4,"92","Mateszalkai",47.943265,22.316904,4,4,3,0,2323,0.0292588614393132,8.825134264232,0.379310344827586,169,FALSE,FALSE
"2018",4,"93","Mezocsati",47.823541,20.9028038,4,4,3,0,337,0.0292588614393132,8.825134264232,0.379310344827586,170,FALSE,FALSE
"2018",4,"94","Mezokovacshazai",46.4071834,20.9241681,4,4,3,0,1067,0.0292588614393132,8.825134264232,0.379310344827586,171,FALSE,FALSE
"2018",4,"95","Mezokovesdi",47.8068796,20.5650907,4,4,3,0,1720,0.0292588614393132,8.825134264232,0.379310344827586,172,FALSE,FALSE
"2018",4,"96","Mezoturi",47.00278,20.618465,4,4,3,0,934,0.0292588614393132,8.825134264232,0.379310344827586,173,FALSE,FALSE
"2018",4,"97","Miskolci",48.1043854,20.7913563,2,2,2,11549,10970,74.6320879120878,39.8606593406595,0.959770114942529,7,TRUE,TRUE
"2018",4,"98","Mohacsi",45.9959241,18.6798279,4,4,3,0,1104,0.0292588614393132,8.825134264232,0.379310344827586,174,FALSE,FALSE
"2018",4,"99","Monori",47.34754,19.448946,4,4,3,0,2724,0.0292588614393132,8.825134264232,0.379310344827586,175,FALSE,FALSE
"2018",4,"100","Morahalomi",46.217922,19.883719,1,3,4,0,0,1.98653061224493,0,0.841954022988506,28,FALSE,FALSE
"2018",4,"101","Mori",47.3717781,18.2085973,4,4,3,0,1491,0.0292588614393132,8.825134264232,0.379310344827586,29,FALSE,FALSE
"2018",4,"102","Mosonmagyarovari",47.8744063,17.2693897,4,4,3,0,2327,0.0292588614393132,8.825134264232,0.379310344827586,30,FALSE,FALSE
"2018",4,"103","Nagyatadi",46.23001,17.3574429,4,4,3,0,911,0.0292588614393132,8.825134264232,0.379310344827586,31,FALSE,FALSE
"2018",4,"104","Nagykalloi",47.875519,21.8460521,4,4,3,0,1225,0.0292588614393132,8.825134264232,0.379310344827586,32,FALSE,FALSE
"2018",4,"105","Nagykanizsai",46.455237,16.9953419,4,4,3,0,2919,0.0292588614393132,8.825134264232,0.379310344827586,33,FALSE,FALSE
"2018",4,"106","Nagykatai",47.4181175,19.7422453,4,4,3,0,2665,0.0292588614393132,8.825134264232,0.379310344827586,34,FALSE,FALSE
"2018",4,"107","Nyirbatori",47.835414,22.130289,4,4,3,0,1539,0.0292588614393132,8.825134264232,0.379310344827586,35,FALSE,FALSE
"2018",4,"108","Nyiregyhazai",47.9532583,21.7264647,1,3,4,4134,0,1.98653061224493,0,0.841954022988506,11,TRUE,TRUE
"2018",4,"109","Oroshazai",46.5615338,20.6619204,1,3,4,2031,0,1.98653061224493,0,0.841954022988506,13,TRUE,TRUE
"2018",4,"110","Oroszlanyi",47.4943329,18.3215448,4,4,3,0,1019,0.0292588614393132,8.825134264232,0.379310344827586,37,FALSE,FALSE
"2018",4,"111","Ozdi",48.2195564,20.2869186,4,4,3,0,1323,0.0292588614393132,8.825134264232,0.379310344827586,38,FALSE,FALSE
"2018",4,"112","Oriszentpeteri",46.838954,16.4211574,1,3,4,0,0,1.98653061224493,0,0.841954022988506,39,FALSE,FALSE
"2018",4,"113","Pacsai",46.7226412,17.0096878,1,3,4,0,0,1.98653061224493,0,0.841954022988506,40,FALSE,FALSE
"2018",4,"114","Paksi",46.626368,18.8652409,4,4,3,0,2214,0.0292588614393132,8.825134264232,0.379310344827586,41,FALSE,FALSE
"2018",4,"115","Pannonhalmai",47.55021,17.754228,1,3,4,0,0,1.98653061224493,0,0.841954022988506,42,FALSE,FALSE
"2018",4,"116","Papai",47.3308153,17.4660302,4,4,3,0,1989,0.0292588614393132,8.825134264232,0.379310344827586,43,FALSE,FALSE
"2018",4,"117","Pasztoi",47.919562,19.6978939,4,4,3,0,1074,0.0292588614393132,8.825134264232,0.379310344827586,44,FALSE,FALSE
"2018",4,"118","Pecsi",46.0713242,18.2331772,2,2,2,26138,8596,74.6320879120878,39.8606593406595,0.959770114942529,4,TRUE,TRUE
"2018",4,"119","Pecsvaradi",46.158114,18.422176,4,4,3,0,352,0.0292588614393132,8.825134264232,0.379310344827586,45,FALSE,FALSE
"2018",4,"120","Petervasarai",48.017941,20.1019849,4,4,3,0,640,0.0292588614393132,8.825134264232,0.379310344827586,47,FALSE,FALSE
"2018",4,"121","Pilisvorosvari",47.6212089,18.9111742,4,4,3,0,3585,0.0292588614393132,8.825134264232,0.379310344827586,48,FALSE,FALSE
"2018",4,"122","Polgari",47.866362,21.1242449,1,3,4,0,0,1.98653061224493,0,0.841954022988506,49,FALSE,FALSE
"2018",4,"123","Puspokladanyi",47.3176758,21.1165369,4,4,3,0,1324,0.0292588614393132,8.825134264232,0.379310344827586,50,FALSE,FALSE
"2018",4,"124","Rackevei",47.1611023,18.9455669,4,4,3,0,1417,0.0292588614393132,8.825134264232,0.379310344827586,51,FALSE,FALSE
"2018",4,"125","Retsagi",47.9278597,19.1372757,4,4,3,0,1040,0.0292588614393132,8.825134264232,0.379310344827586,52,FALSE,FALSE
"2018",4,"126","Salgotarjani",48.0853167,19.7869357,4,4,3,0,2324,0.0292588614393132,8.825134264232,0.379310344827586,53,FALSE,FALSE
"2018",4,"127","Sarbogardi",46.887769,18.6193289,4,4,3,0,892,0.0292588614393132,8.825134264232,0.379310344827586,54,FALSE,FALSE
"2018",4,"128","Sarkadi",46.746283,21.3848669,4,4,3,0,720,0.0292588614393132,8.825134264232,0.379310344827586,55,FALSE,FALSE
"2018",4,"129","Sarospataki",48.318984,21.5663738,4,4,3,18,1122,0.0292588614393132,8.825134264232,0.379310344827586,24,FALSE,FALSE
"2018",4,"130","Sarvari",47.2540616,16.9352309,4,4,3,0,1221,0.0292588614393132,8.825134264232,0.379310344827586,57,FALSE,FALSE
"2018",4,"131","Sasdi",46.2548488,18.1060595,1,3,4,0,0,1.98653061224493,0,0.841954022988506,58,FALSE,FALSE
"2018",4,"132","Satoraljaujhelyi",48.3941408,21.6559965,4,4,3,0,989,0.0292588614393132,8.825134264232,0.379310344827586,59,FALSE,FALSE
"2018",4,"133","Sellyei",45.8719698,17.8460989,4,4,3,0,245,0.0292588614393132,8.825134264232,0.379310344827586,60,FALSE,FALSE
"2018",4,"134","Siklosi",45.852147,18.2988281,4,4,3,0,1088,0.0292588614393132,8.825134264232,0.379310344827586,61,FALSE,FALSE
"2018",4,"135","Siofoki",46.9057439,18.0525018,4,4,3,0,2204,0.0292588614393132,8.825134264232,0.379310344827586,62,FALSE,FALSE
"2018",4,"136","Sopron-Fertodi",47.684898,16.583053,1,3,4,3201,0,1.98653061224493,0,0.841954022988506,10,TRUE,TRUE
"2018",4,"137","Sumegi",46.9775543,17.2819824,4,4,3,0,518,0.0292588614393132,8.825134264232,0.379310344827586,63,FALSE,FALSE
"2018",4,"138","Szarvasi",46.8595081,20.5595884,4,4,3,0,1085,0.0292588614393132,8.825134264232,0.379310344827586,21,FALSE,FALSE
"2018",4,"139","Szecsenyi",48.0811488,19.5197217,4,4,3,0,653,0.0292588614393132,8.825134264232,0.379310344827586,64,FALSE,FALSE
"2018",4,"140","Szegedi",46.2536169,20.1461345,2,2,2,28237,10680,74.6320879120878,39.8606593406595,0.959770114942529,3,TRUE,TRUE
"2018",4,"141","Szeghalomi",47.027309,21.166263,1,3,4,0,0,1.98653061224493,0,0.841954022988506,66,FALSE,FALSE
"2018",4,"142","Szekesfehervari",47.1887157,18.4138088,4,4,3,0,7363,0.0292588614393132,8.825134264232,0.379310344827586,20,TRUE,TRUE
"2018",4,"143","Szekszardi",46.3485623,18.7019205,4,4,3,0,2518,0.0292588614393132,8.825134264232,0.379310344827586,67,FALSE,FALSE
"2018",4,"144","Szentendrei",47.6734712,19.07254,4,4,3,0,5210,0.0292588614393132,8.825134264232,0.379310344827586,68,FALSE,FALSE
"2018",4,"145","Szentesi",46.65192,20.2571842,4,4,3,0,1550,0.0292588614393132,8.825134264232,0.379310344827586,69,FALSE,FALSE
"2018",4,"146","Szentgotthardi",46.9527524,16.2737218,4,4,3,0,387,0.0292588614393132,8.825134264232,0.379310344827586,70,FALSE,FALSE
"2018",4,"147","Szentlorinci",46.040211,17.989775,4,4,3,0,421,0.0292588614393132,8.825134264232,0.379310344827586,71,FALSE,FALSE
"2018",4,"148","Szerencsi",48.162418,21.205206,4,4,3,0,1407,0.0292588614393132,8.825134264232,0.379310344827586,72,FALSE,FALSE
"2018",4,"149","Szigetvari",46.0482577,17.8123125,4,4,3,0,779,0.0292588614393132,8.825134264232,0.379310344827586,73,FALSE,FALSE
"2018",4,"150","Szikszoi",48.1949949,20.9294318,4,4,3,0,572,0.0292588614393132,8.825134264232,0.379310344827586,75,FALSE,FALSE
"2018",4,"151","Szobi",47.818012,18.8667731,4,4,3,0,1013,0.0292588614393132,8.825134264232,0.379310344827586,76,FALSE,FALSE
"2018",4,"152","Szolnoki",47.174662,20.17628,4,4,3,0,5505,0.0292588614393132,8.825134264232,0.379310344827586,15,TRUE,TRUE
"2018",4,"153","Szombathelyi",47.23514,16.6219178,4,4,3,0,4680,0.0292588614393132,8.825134264232,0.379310344827586,23,FALSE,FALSE
"2018",4,"154","Tabi",46.729486,18.0329558,4,4,3,0,308,0.0292588614393132,8.825134264232,0.379310344827586,77,FALSE,FALSE
"2018",4,"155","Tamasi",46.6295947,18.2846991,4,4,3,0,983,0.0292588614393132,8.825134264232,0.379310344827586,78,FALSE,FALSE
"2018",4,"156","Tapolcai",46.88289,17.4413581,4,4,3,0,1306,0.0292588614393132,8.825134264232,0.379310344827586,79,FALSE,FALSE
"2018",4,"157","Tatabanyai",47.5861869,18.3947662,2,2,2,1219,3351,74.6320879120878,39.8606593406595,0.959770114942529,16,TRUE,TRUE
"2018",4,"158","Tatai",47.655255,18.3285248,4,4,3,0,1811,0.0292588614393132,8.825134264232,0.379310344827586,80,FALSE,FALSE
"2018",4,"159","Teti",47.515979,17.5168418,4,4,3,0,382,0.0292588614393132,8.825134264232,0.379310344827586,81,FALSE,FALSE
"2018",4,"160","Tiszafuredi",47.615345,20.7617821,4,4,3,0,656,0.0292588614393132,8.825134264232,0.379310344827586,83,FALSE,FALSE
"2018",4,"161","Tiszaujvarosi",47.92291,21.052195,4,4,3,0,1466,0.0292588614393132,8.825134264232,0.379310344827586,84,FALSE,FALSE
"2018",4,"162","Tiszavasvari",47.9511368,21.3687867,4,4,3,0,822,0.0292588614393132,8.825134264232,0.379310344827586,85,FALSE,FALSE
"2018",4,"163","Tokaji",48.119994,21.412563,4,4,3,0,495,0.0292588614393132,8.825134264232,0.379310344827586,86,FALSE,FALSE
"2018",4,"164","Torokszentmiklosi",47.180736,20.4182932,4,4,3,0,1107,0.0292588614393132,8.825134264232,0.379310344827586,87,FALSE,FALSE
"2018",4,"165","Vaci",47.7754454,19.1377076,2,2,2,1617,3373,74.6320879120878,39.8606593406595,0.959770114942529,17,TRUE,TRUE
"2018",4,"166","Varpalotai",47.1973949,18.1396572,4,4,3,0,1152,0.0292588614393132,8.825134264232,0.379310344827586,88,FALSE,FALSE
"2018",4,"167","Vasarosnamenyi",48.126772,22.318366,4,4,3,0,1374,0.0292588614393132,8.825134264232,0.379310344827586,89,FALSE,FALSE
"2018",4,"168","Vasvari",47.051087,16.7985158,4,4,3,0,376,0.0292588614393132,8.825134264232,0.379310344827586,90,FALSE,FALSE
"2018",4,"169","Veresegyhazi",47.65714,19.284962,1,3,4,0,0,1.98653061224493,0,0.841954022988506,91,FALSE,FALSE
"2018",4,"170","Veszpremi",47.092967,17.913785,2,2,2,10034,4130,74.6320879120878,39.8606593406595,0.959770114942529,9,TRUE,TRUE
"2018",4,"171","Zahonyi",48.406999,22.1745391,4,4,3,0,811,0.0292588614393132,8.825134264232,0.379310344827586,93,FALSE,FALSE
"2018",4,"172","Zalaegerszegi",46.845412,16.8472302,4,4,3,0,4161,0.0292588614393132,8.825134264232,0.379310344827586,94,FALSE,FALSE
"2018",4,"173","Zalakarosi",46.5605989,17.1230251,1,3,4,0,0,1.98653061224493,0,0.841954022988506,95,FALSE,FALSE
"2018",4,"174","Zalaszentgroti",46.947143,17.0790458,4,4,3,0,459,0.0292588614393132,8.825134264232,0.379310344827586,96,FALSE,FALSE
"2018",4,"175","Zirci",47.2630578,17.8725401,4,4,3,0,629,0.0292588614393132,8.825134264232,0.379310344827586,97,FALSE,FALSE
"2018",8,"1","Abai",47.028736,18.517633,8,5,7,0,0,0.0841142857142861,0,0.827586206896552,26,FALSE,FALSE
"2018",8,"2","Abauj-Hegykozi",48.471017,21.2741752,8,5,7,0,0,0.0841142857142861,0,0.827586206896552,100,FALSE,FALSE
"2018",8,"3","Adonyi",47.119574,18.8652611,8,5,7,0,0,0.0841142857142861,0,0.827586206896552,109,FALSE,FALSE
"2018",8,"4","Ajkai",47.1068802,17.563957,4,6,5,0,1563,0.00160714285714286,7.84928571428571,0.57183908045977,118,FALSE,FALSE
"2018",8,"5","Aszodi",47.6523763,19.4759463,4,6,5,0,1711,0.00160714285714286,7.84928571428571,0.57183908045977,127,FALSE,FALSE
"2018",8,"6","Bacsalmasi",46.123955,19.32633,4,6,5,0,567,0.00160714285714286,7.84928571428571,0.57183908045977,136,FALSE,FALSE
"2018",8,"7","Bajai",46.1834182,18.9538158,5,4,4,663,2688,8.55571428571428,18.3357142857143,0.910919540229885,19,TRUE,TRUE
"2018",8,"8","Baktaloranthazai",47.997697,22.0766029,6,7,6,0,877,0,4.30188449848025,0.192528735632184,155,FALSE,FALSE
"2018",8,"9","Balassagyarmati",48.078798,19.2938953,4,6,5,0,1590,0.00160714285714286,7.84928571428571,0.57183908045977,166,FALSE,FALSE
"2018",8,"10","Balatonalmadi",47.0286976,18.0148627,4,6,5,0,1219,0.00160714285714286,7.84928571428571,0.57183908045977,27,FALSE,FALSE
"2018",8,"11","Balatonfoldvari",46.8497238,17.8794039,8,5,7,0,0,0.0841142857142861,0,0.827586206896552,36,FALSE,FALSE
"2018",8,"12","Balatonfuredi",46.9564612,17.8889631,4,6,5,0,1098,0.00160714285714286,7.84928571428571,0.57183908045977,46,FALSE,FALSE
"2018",8,"13","Balmazujvarosi",47.612435,21.343577,6,7,6,0,1079,0,4.30188449848025,0.192528735632184,56,FALSE,FALSE
"2018",8,"14","Barcsi",45.959228,17.4666786,4,6,5,0,749,0.00160714285714286,7.84928571428571,0.57183908045977,65,FALSE,FALSE
"2018",8,"15","Batonyterenyei",47.989222,19.828845,6,7,6,0,605,0,4.30188449848025,0.192528735632184,74,FALSE,FALSE
"2018",8,"16","Bekescsabai",46.6841987,21.0867872,7,7,3,0,3968,0,21.6114285714286,0.192528735632184,82,FALSE,FALSE
"2018",8,"17","Bekesi",46.6704899,21.0434996,4,6,5,0,1452,0.00160714285714286,7.84928571428571,0.57183908045977,92,FALSE,FALSE
"2018",8,"18","Belapatfalvai",48.052725,20.348591,6,7,6,0,277,0,4.30188449848025,0.192528735632184,98,FALSE,FALSE
"2018",8,"19","Berettyoujfalui",47.233892,21.5340216,4,6,5,0,1381,0.00160714285714286,7.84928571428571,0.57183908045977,99,FALSE,FALSE
"2018",8,"20","Bicskei",47.490759,18.6362719,4,6,5,0,1553,0.00160714285714286,7.84928571428571,0.57183908045977,101,FALSE,FALSE
"2018",8,"21","Bodrogkozi",48.263291,21.8918689,8,5,7,0,0,0.0841142857142861,0,0.827586206896552,102,FALSE,FALSE
"2018",8,"22","Bonyhadi",46.2986759,18.5305778,4,6,5,0,994,0.00160714285714286,7.84928571428571,0.57183908045977,103,FALSE,FALSE
"2018",8,"23","Budaorsi",47.460753,18.9581146,8,5,7,368,0,0.0841142857142861,0,0.827586206896552,22,FALSE,FALSE
"2018",8,"24","Budapesti",47.4984056,19.0407578,1,1,1,205401,89516,1173.72,511.520000000001,1,1,TRUE,FALSE
"2018",8,"25","Cegledi",47.1772081,19.7980311,7,7,3,0,3499,0,21.6114285714286,0.192528735632184,104,FALSE,FALSE
"2018",8,"26","Celldomolki",47.257515,17.1526399,6,7,6,0,757,0,4.30188449848025,0.192528735632184,105,FALSE,FALSE
"2018",8,"27","Csengeri",47.8350105,22.6822754,6,7,6,0,448,0,4.30188449848025,0.192528735632184,106,FALSE,FALSE
"2018",8,"28","Csepregi",47.401546,16.7081249,8,5,7,0,0,0.0841142857142861,0,0.827586206896552,107,FALSE,FALSE
"2018",8,"29","Csongradi",46.710833,20.144575,6,7,6,0,689,0,4.30188449848025,0.192528735632184,108,FALSE,FALSE
"2018",8,"30","Csornai",47.601529,17.249978,6,7,6,0,1009,0,4.30188449848025,0.192528735632184,110,FALSE,FALSE
"2018",8,"31","Csurgoi",46.260776,17.095325,6,7,6,0,533,0,4.30188449848025,0.192528735632184,111,FALSE,FALSE
"2018",8,"32","Dabasi",47.192283,19.330853,7,7,3,0,1699,0,21.6114285714286,0.192528735632184,112,FALSE,FALSE
"2018",8,"33","Debreceni",47.5299739,21.6393571,3,2,2,29679,11805,93.9782857142857,46.0205714285713,0.968390804597701,2,TRUE,TRUE
"2018",8,"34","Derecske-Letavertesi",47.3824608,21.891967,8,5,7,0,0,0.0841142857142861,0,0.827586206896552,113,FALSE,FALSE
"2018",8,"35","Devecseri",47.106397,17.437279,6,7,6,0,342,0,4.30188449848025,0.192528735632184,114,FALSE,FALSE
"2018",8,"36","Dombovari",46.383295,18.131089,6,7,6,0,1256,0,4.30188449848025,0.192528735632184,115,FALSE,FALSE
"2018",8,"37","Dorogi",47.7197439,18.7287817,8,5,7,0,0,0.0841142857142861,0,0.827586206896552,116,FALSE,FALSE
"2018",8,"38","Dunakeszi",47.6297228,19.1380528,7,7,3,0,5247,0,21.6114285714286,0.192528735632184,117,FALSE,FALSE
"2018",8,"39","Dunaujvarosi",46.980668,18.9127069,5,4,4,2490,3423,8.55571428571428,18.3357142857143,0.910919540229885,18,TRUE,TRUE
"2018",8,"40","Edelenyi",48.2966608,20.7442671,6,7,6,0,858,0,4.30188449848025,0.192528735632184,119,FALSE,FALSE
"2018",8,"41","Egri",47.9031987,20.3731077,3,2,2,13301,5067,93.9782857142857,46.0205714285713,0.968390804597701,8,TRUE,TRUE
"2018",8,"42","Encsi",48.330768,21.1219603,6,7,6,0,645,0,4.30188449848025,0.192528735632184,120,FALSE,FALSE
"2018",8,"43","Enyingi",46.9296,18.242978,4,6,5,0,522,0.00160714285714286,7.84928571428571,0.57183908045977,121,FALSE,FALSE
"2018",8,"44","Ercsi",47.24966,18.891059,8,5,7,0,0,0.0841142857142861,0,0.827586206896552,122,FALSE,FALSE
"2018",8,"45","Erdi",47.3783095,18.9217973,7,7,3,0,7527,0,21.6114285714286,0.192528735632184,123,FALSE,FALSE
"2018",8,"46","Esztergomi",47.793308,18.7419333,7,7,3,0,3875,0,21.6114285714286,0.192528735632184,25,FALSE,FALSE
"2018",8,"47","Fehergyarmati",47.985063,22.517104,4,6,5,0,1418,0.00160714285714286,7.84928571428571,0.57183908045977,124,FALSE,FALSE
"2018",8,"48","Fonyodi",46.749197,17.5558792,4,6,5,0,1224,0.00160714285714286,7.84928571428571,0.57183908045977,125,FALSE,FALSE
"2018",8,"49","Fuzesabonyi",47.750888,20.409611,4,6,5,0,1044,0.00160714285714286,7.84928571428571,0.57183908045977,126,FALSE,FALSE
"2018",8,"50","Gardonyi",47.1973503,18.6091412,4,6,5,0,1503,0.00160714285714286,7.84928571428571,0.57183908045977,128,FALSE,FALSE
"2018",8,"51","Godolloi",47.5975105,19.3480017,3,2,2,16384,8238,93.9782857142857,46.0205714285713,0.968390804597701,5,TRUE,TRUE
"2018",8,"52","Gyali",47.3808958,19.215712,4,6,5,0,1759,0.00160714285714286,7.84928571428571,0.57183908045977,129,FALSE,FALSE
"2018",8,"53","Gyongyosi",47.775028,19.9280689,7,7,3,0,3453,0,21.6114285714286,0.192528735632184,130,FALSE,FALSE
"2018",8,"54","Gyori",47.684051,17.6351011,3,2,2,17761,8436,93.9782857142857,46.0205714285713,0.968390804597701,6,TRUE,TRUE
"2018",8,"55","Gyulai",46.642498,21.268809,4,6,5,0,1892,0.00160714285714286,7.84928571428571,0.57183908045977,131,FALSE,FALSE
"2018",8,"56","Hajduboszormenyi",47.673238,21.5076172,4,6,5,0,1827,0.00160714285714286,7.84928571428571,0.57183908045977,132,FALSE,FALSE
"2018",8,"57","Hajduhadhazi",47.68197,21.6685631,6,7,6,0,667,0,4.30188449848025,0.192528735632184,133,FALSE,FALSE
"2018",8,"58","Hajduszoboszloi",47.443667,21.389719,4,6,5,0,1882,0.00160714285714286,7.84928571428571,0.57183908045977,134,FALSE,FALSE
"2018",8,"59","Hatvani",47.668122,19.669901,7,7,3,0,2148,0,21.6114285714286,0.192528735632184,135,FALSE,FALSE
"2018",8,"60","Hevesi",47.5945238,20.2882213,4,6,5,0,1036,0.00160714285714286,7.84928571428571,0.57183908045977,137,FALSE,FALSE
"2018",8,"61","Hevizi",46.7905869,17.1843866,8,5,7,0,0,0.0841142857142861,0,0.827586206896552,138,FALSE,FALSE
"2018",8,"62","Hodmezovasarhelyi",46.430411,20.3188298,4,6,5,0,2167,0.00160714285714286,7.84928571428571,0.57183908045977,139,FALSE,FALSE
"2018",8,"63","Ibrany-Nagyhalaszi",48.134908,21.7187528,8,5,7,0,0,0.0841142857142861,0,0.827586206896552,140,FALSE,FALSE
"2018",8,"64","Janoshalmai",46.2967401,19.3228798,4,6,5,0,612,0.00160714285714286,7.84928571428571,0.57183908045977,141,FALSE,FALSE
"2018",8,"65","Jaszberenyi",47.5006181,19.9147188,4,6,5,0,2326,0.00160714285714286,7.84928571428571,0.57183908045977,142,FALSE,FALSE
"2018",8,"66","Kadarkuti",46.2311466,17.6157102,8,5,7,0,0,0.0841142857142861,0,0.827586206896552,143,FALSE,FALSE
"2018",8,"67","Kalocsai",46.5334145,18.9856969,4,6,5,0,1913,0.00160714285714286,7.84928571428571,0.57183908045977,144,FALSE,FALSE
"2018",8,"68","Kaposvari",46.36653,17.782483,3,2,2,4806,4913,93.9782857142857,46.0205714285713,0.968390804597701,12,TRUE,TRUE
"2018",8,"69","Kapuvar-Beledi",47.5935568,17.0249715,8,5,7,0,0,0.0841142857142861,0,0.827586206896552,145,FALSE,FALSE
"2018",8,"70","Karcagi",47.316632,20.9220631,4,6,5,0,1384,0.00160714285714286,7.84928571428571,0.57183908045977,146,FALSE,FALSE
"2018",8,"71","Kazincbarcikai",48.25317,20.6456512,4,6,5,0,2139,0.00160714285714286,7.84928571428571,0.57183908045977,147,FALSE,FALSE
"2018",8,"72","Kecskemeti",46.9062092,19.6899774,3,2,2,6573,7701,93.9782857142857,46.0205714285713,0.968390804597701,14,TRUE,TRUE
"2018",8,"73","Keszthelyi",46.7695893,17.2481444,4,6,5,0,2069,0.00160714285714286,7.84928571428571,0.57183908045977,148,FALSE,FALSE
"2018",8,"74","Kisberi",47.501673,18.0269161,6,7,6,0,604,0,4.30188449848025,0.192528735632184,149,FALSE,FALSE
"2018",8,"75","Kiskorosi",46.620386,19.283827,7,7,3,0,1983,0,21.6114285714286,0.192528735632184,150,FALSE,FALSE
"2018",8,"76","Kiskunfelegyhazai",46.7050953,19.8499199,8,5,7,0,0,0.0841142857142861,0,0.827586206896552,151,FALSE,FALSE
"2018",8,"77","Kiskunhalasi",46.432037,19.4885269,7,7,3,0,1886,0,21.6114285714286,0.192528735632184,152,FALSE,FALSE
"2018",8,"78","Kiskunmajsai",46.492344,19.7368448,4,6,5,0,637,0.00160714285714286,7.84928571428571,0.57183908045977,153,FALSE,FALSE
"2018",8,"79","Kisteleki",46.4696447,19.9803972,6,7,6,0,533,0,4.30188449848025,0.192528735632184,154,FALSE,FALSE
"2018",8,"80","Kisvardai",48.2264002,22.0846211,7,7,3,0,3111,0,21.6114285714286,0.192528735632184,156,FALSE,FALSE
"2018",8,"81","Komaromi",47.7434248,18.1191064,4,6,5,0,1439,0.00160714285714286,7.84928571428571,0.57183908045977,157,FALSE,FALSE
"2018",8,"82","Komloi",47.600636,20.445412,4,6,5,0,851,0.00160714285714286,7.84928571428571,0.57183908045977,158,FALSE,FALSE
"2018",8,"83","Kormendi",47.011113,16.6057156,6,7,6,0,947,0,4.30188449848025,0.192528735632184,159,FALSE,FALSE
"2018",8,"84","Koszegi",47.381935,16.552229,6,7,6,0,945,0,4.30188449848025,0.192528735632184,160,FALSE,FALSE
"2018",8,"85","Kunszentmartoni",46.841082,20.287233,4,6,5,0,1102,0.00160714285714286,7.84928571428571,0.57183908045977,161,FALSE,FALSE
"2018",8,"86","Kunszentmiklosi",47.026444,19.1227831,4,6,5,0,875,0.00160714285714286,7.84928571428571,0.57183908045977,162,FALSE,FALSE
"2018",8,"87","Lengyeltoti",46.667049,17.6407711,8,5,7,0,0,0.0841142857142861,0,0.827586206896552,163,FALSE,FALSE
"2018",8,"88","Lenti",46.623785,16.546001,6,7,6,0,589,0,4.30188449848025,0.192528735632184,164,FALSE,FALSE
"2018",8,"89","Letenyei",46.4337456,16.7221882,6,7,6,0,515,0,4.30188449848025,0.192528735632184,165,FALSE,FALSE
"2018",8,"90","Makoi",46.21498,20.47513,4,6,5,0,1499,0.00160714285714286,7.84928571428571,0.57183908045977,167,FALSE,FALSE
"2018",8,"91","Marcali",46.582815,17.4119018,4,6,5,0,1122,0.00160714285714286,7.84928571428571,0.57183908045977,168,FALSE,FALSE
"2018",8,"92","Mateszalkai",47.943265,22.316904,6,7,6,0,2323,0,4.30188449848025,0.192528735632184,169,FALSE,FALSE
"2018",8,"93","Mezocsati",47.823541,20.9028038,6,7,6,0,337,0,4.30188449848025,0.192528735632184,170,FALSE,FALSE
"2018",8,"94","Mezokovacshazai",46.4071834,20.9241681,4,6,5,0,1067,0.00160714285714286,7.84928571428571,0.57183908045977,171,FALSE,FALSE
"2018",8,"95","Mezokovesdi",47.8068796,20.5650907,4,6,5,0,1720,0.00160714285714286,7.84928571428571,0.57183908045977,172,FALSE,FALSE
"2018",8,"96","Mezoturi",47.00278,20.618465,4,6,5,0,934,0.00160714285714286,7.84928571428571,0.57183908045977,173,FALSE,FALSE
"2018",8,"97","Miskolci",48.1043854,20.7913563,3,2,2,11549,10970,93.9782857142857,46.0205714285713,0.968390804597701,7,TRUE,TRUE
"2018",8,"98","Mohacsi",45.9959241,18.6798279,4,6,5,0,1104,0.00160714285714286,7.84928571428571,0.57183908045977,174,FALSE,FALSE
"2018",8,"99","Monori",47.34754,19.448946,7,7,3,0,2724,0,21.6114285714286,0.192528735632184,175,FALSE,FALSE
"2018",8,"100","Morahalomi",46.217922,19.883719,8,5,7,0,0,0.0841142857142861,0,0.827586206896552,28,FALSE,FALSE
"2018",8,"101","Mori",47.3717781,18.2085973,4,6,5,0,1491,0.00160714285714286,7.84928571428571,0.57183908045977,29,FALSE,FALSE
"2018",8,"102","Mosonmagyarovari",47.8744063,17.2693897,4,6,5,0,2327,0.00160714285714286,7.84928571428571,0.57183908045977,30,FALSE,FALSE
"2018",8,"103","Nagyatadi",46.23001,17.3574429,6,7,6,0,911,0,4.30188449848025,0.192528735632184,31,FALSE,FALSE
"2018",8,"104","Nagykalloi",47.875519,21.8460521,4,6,5,0,1225,0.00160714285714286,7.84928571428571,0.57183908045977,32,FALSE,FALSE
"2018",8,"105","Nagykanizsai",46.455237,16.9953419,7,7,3,0,2919,0,21.6114285714286,0.192528735632184,33,FALSE,FALSE
"2018",8,"106","Nagykatai",47.4181175,19.7422453,7,7,3,0,2665,0,21.6114285714286,0.192528735632184,34,FALSE,FALSE
"2018",8,"107","Nyirbatori",47.835414,22.130289,4,6,5,0,1539,0.00160714285714286,7.84928571428571,0.57183908045977,35,FALSE,FALSE
"2018",8,"108","Nyiregyhazai",47.9532583,21.7264647,2,3,7,4134,0,17.84,0,0.931034482758621,11,TRUE,TRUE
"2018",8,"109","Oroshazai",46.5615338,20.6619204,2,3,7,2031,0,17.84,0,0.931034482758621,13,TRUE,TRUE
"2018",8,"110","Oroszlanyi",47.4943329,18.3215448,4,6,5,0,1019,0.00160714285714286,7.84928571428571,0.57183908045977,37,FALSE,FALSE
"2018",8,"111","Ozdi",48.2195564,20.2869186,6,7,6,0,1323,0,4.30188449848025,0.192528735632184,38,FALSE,FALSE
"2018",8,"112","Oriszentpeteri",46.838954,16.4211574,8,5,7,0,0,0.0841142857142861,0,0.827586206896552,39,FALSE,FALSE
"2018",8,"113","Pacsai",46.7226412,17.0096878,8,5,7,0,0,0.0841142857142861,0,0.827586206896552,40,FALSE,FALSE
"2018",8,"114","Paksi",46.626368,18.8652409,7,7,3,0,2214,0,21.6114285714286,0.192528735632184,41,FALSE,FALSE
"2018",8,"115","Pannonhalmai",47.55021,17.754228,8,5,7,0,0,0.0841142857142861,0,0.827586206896552,42,FALSE,FALSE
"2018",8,"116","Papai",47.3308153,17.4660302,4,6,5,0,1989,0.00160714285714286,7.84928571428571,0.57183908045977,43,FALSE,FALSE
"2018",8,"117","Pasztoi",47.919562,19.6978939,4,6,5,0,1074,0.00160714285714286,7.84928571428571,0.57183908045977,44,FALSE,FALSE
"2018",8,"118","Pecsi",46.0713242,18.2331772,3,2,2,26138,8596,93.9782857142857,46.0205714285713,0.968390804597701,4,TRUE,TRUE
"2018",8,"119","Pecsvaradi",46.158114,18.422176,6,7,6,0,352,0,4.30188449848025,0.192528735632184,45,FALSE,FALSE
"2018",8,"120","Petervasarai",48.017941,20.1019849,6,7,6,0,640,0,4.30188449848025,0.192528735632184,47,FALSE,FALSE
"2018",8,"121","Pilisvorosvari",47.6212089,18.9111742,7,7,3,0,3585,0,21.6114285714286,0.192528735632184,48,FALSE,FALSE
"2018",8,"122","Polgari",47.866362,21.1242449,8,5,7,0,0,0.0841142857142861,0,0.827586206896552,49,FALSE,FALSE
"2018",8,"123","Puspokladanyi",47.3176758,21.1165369,6,7,6,0,1324,0,4.30188449848025,0.192528735632184,50,FALSE,FALSE
"2018",8,"124","Rackevei",47.1611023,18.9455669,4,6,5,0,1417,0.00160714285714286,7.84928571428571,0.57183908045977,51,FALSE,FALSE
"2018",8,"125","Retsagi",47.9278597,19.1372757,4,6,5,0,1040,0.00160714285714286,7.84928571428571,0.57183908045977,52,FALSE,FALSE
"2018",8,"126","Salgotarjani",48.0853167,19.7869357,4,6,5,0,2324,0.00160714285714286,7.84928571428571,0.57183908045977,53,FALSE,FALSE
"2018",8,"127","Sarbogardi",46.887769,18.6193289,4,6,5,0,892,0.00160714285714286,7.84928571428571,0.57183908045977,54,FALSE,FALSE
"2018",8,"128","Sarkadi",46.746283,21.3848669,4,6,5,0,720,0.00160714285714286,7.84928571428571,0.57183908045977,55,FALSE,FALSE
"2018",8,"129","Sarospataki",48.318984,21.5663738,4,6,5,18,1122,0.00160714285714286,7.84928571428571,0.57183908045977,24,FALSE,FALSE
"2018",8,"130","Sarvari",47.2540616,16.9352309,6,7,6,0,1221,0,4.30188449848025,0.192528735632184,57,FALSE,FALSE
"2018",8,"131","Sasdi",46.2548488,18.1060595,8,5,7,0,0,0.0841142857142861,0,0.827586206896552,58,FALSE,FALSE
"2018",8,"132","Satoraljaujhelyi",48.3941408,21.6559965,6,7,6,0,989,0,4.30188449848025,0.192528735632184,59,FALSE,FALSE
"2018",8,"133","Sellyei",45.8719698,17.8460989,6,7,6,0,245,0,4.30188449848025,0.192528735632184,60,FALSE,FALSE
"2018",8,"134","Siklosi",45.852147,18.2988281,6,7,6,0,1088,0,4.30188449848025,0.192528735632184,61,FALSE,FALSE
"2018",8,"135","Siofoki",46.9057439,18.0525018,4,6,5,0,2204,0.00160714285714286,7.84928571428571,0.57183908045977,62,FALSE,FALSE
"2018",8,"136","Sopron-Fertodi",47.684898,16.583053,2,3,7,3201,0,17.84,0,0.931034482758621,10,TRUE,TRUE
"2018",8,"137","Sumegi",46.9775543,17.2819824,6,7,6,0,518,0,4.30188449848025,0.192528735632184,63,FALSE,FALSE
"2018",8,"138","Szarvasi",46.8595081,20.5595884,4,6,5,0,1085,0.00160714285714286,7.84928571428571,0.57183908045977,21,FALSE,FALSE
"2018",8,"139","Szecsenyi",48.0811488,19.5197217,4,6,5,0,653,0.00160714285714286,7.84928571428571,0.57183908045977,64,FALSE,FALSE
"2018",8,"140","Szegedi",46.2536169,20.1461345,3,2,2,28237,10680,93.9782857142857,46.0205714285713,0.968390804597701,3,TRUE,TRUE
"2018",8,"141","Szeghalomi",47.027309,21.166263,8,5,7,0,0,0.0841142857142861,0,0.827586206896552,66,FALSE,FALSE
"2018",8,"142","Szekesfehervari",47.1887157,18.4138088,7,7,3,0,7363,0,21.6114285714286,0.192528735632184,20,TRUE,TRUE
"2018",8,"143","Szekszardi",46.3485623,18.7019205,4,6,5,0,2518,0.00160714285714286,7.84928571428571,0.57183908045977,67,FALSE,FALSE
"2018",8,"144","Szentendrei",47.6734712,19.07254,7,7,3,0,5210,0,21.6114285714286,0.192528735632184,68,FALSE,FALSE
"2018",8,"145","Szentesi",46.65192,20.2571842,4,6,5,0,1550,0.00160714285714286,7.84928571428571,0.57183908045977,69,FALSE,FALSE
"2018",8,"146","Szentgotthardi",46.9527524,16.2737218,6,7,6,0,387,0,4.30188449848025,0.192528735632184,70,FALSE,FALSE
"2018",8,"147","Szentlorinci",46.040211,17.989775,6,7,6,0,421,0,4.30188449848025,0.192528735632184,71,FALSE,FALSE
"2018",8,"148","Szerencsi",48.162418,21.205206,4,6,5,0,1407,0.00160714285714286,7.84928571428571,0.57183908045977,72,FALSE,FALSE
"2018",8,"149","Szigetvari",46.0482577,17.8123125,6,7,6,0,779,0,4.30188449848025,0.192528735632184,73,FALSE,FALSE
"2018",8,"150","Szikszoi",48.1949949,20.9294318,6,7,6,0,572,0,4.30188449848025,0.192528735632184,75,FALSE,FALSE
"2018",8,"151","Szobi",47.818012,18.8667731,4,6,5,0,1013,0.00160714285714286,7.84928571428571,0.57183908045977,76,FALSE,FALSE
"2018",8,"152","Szolnoki",47.174662,20.17628,7,7,3,0,5505,0,21.6114285714286,0.192528735632184,15,TRUE,TRUE
"2018",8,"153","Szombathelyi",47.23514,16.6219178,7,7,3,0,4680,0,21.6114285714286,0.192528735632184,23,FALSE,FALSE
"2018",8,"154","Tabi",46.729486,18.0329558,6,7,6,0,308,0,4.30188449848025,0.192528735632184,77,FALSE,FALSE
"2018",8,"155","Tamasi",46.6295947,18.2846991,4,6,5,0,983,0.00160714285714286,7.84928571428571,0.57183908045977,78,FALSE,FALSE
"2018",8,"156","Tapolcai",46.88289,17.4413581,4,6,5,0,1306,0.00160714285714286,7.84928571428571,0.57183908045977,79,FALSE,FALSE
"2018",8,"157","Tatabanyai",47.5861869,18.3947662,5,4,4,1219,3351,8.55571428571428,18.3357142857143,0.910919540229885,16,TRUE,TRUE
"2018",8,"158","Tatai",47.655255,18.3285248,4,6,5,0,1811,0.00160714285714286,7.84928571428571,0.57183908045977,80,FALSE,FALSE
"2018",8,"159","Teti",47.515979,17.5168418,6,7,6,0,382,0,4.30188449848025,0.192528735632184,81,FALSE,FALSE
"2018",8,"160","Tiszafuredi",47.615345,20.7617821,6,7,6,0,656,0,4.30188449848025,0.192528735632184,83,FALSE,FALSE
"2018",8,"161","Tiszaujvarosi",47.92291,21.052195,6,7,6,0,1466,0,4.30188449848025,0.192528735632184,84,FALSE,FALSE
"2018",8,"162","Tiszavasvari",47.9511368,21.3687867,6,7,6,0,822,0,4.30188449848025,0.192528735632184,85,FALSE,FALSE
"2018",8,"163","Tokaji",48.119994,21.412563,6,7,6,0,495,0,4.30188449848025,0.192528735632184,86,FALSE,FALSE
"2018",8,"164","Torokszentmiklosi",47.180736,20.4182932,4,6,5,0,1107,0.00160714285714286,7.84928571428571,0.57183908045977,87,FALSE,FALSE
"2018",8,"165","Vaci",47.7754454,19.1377076,5,4,4,1617,3373,8.55571428571428,18.3357142857143,0.910919540229885,17,TRUE,TRUE
"2018",8,"166","Varpalotai",47.1973949,18.1396572,4,6,5,0,1152,0.00160714285714286,7.84928571428571,0.57183908045977,88,FALSE,FALSE
"2018",8,"167","Vasarosnamenyi",48.126772,22.318366,6,7,6,0,1374,0,4.30188449848025,0.192528735632184,89,FALSE,FALSE
"2018",8,"168","Vasvari",47.051087,16.7985158,6,7,6,0,376,0,4.30188449848025,0.192528735632184,90,FALSE,FALSE
"2018",8,"169","Veresegyhazi",47.65714,19.284962,8,5,7,0,0,0.0841142857142861,0,0.827586206896552,91,FALSE,FALSE
"2018",8,"170","Veszpremi",47.092967,17.913785,3,2,2,10034,4130,93.9782857142857,46.0205714285713,0.968390804597701,9,TRUE,TRUE
"2018",8,"171","Zahonyi",48.406999,22.1745391,6,7,6,0,811,0,4.30188449848025,0.192528735632184,93,FALSE,FALSE
"2018",8,"172","Zalaegerszegi",46.845412,16.8472302,7,7,3,0,4161,0,21.6114285714286,0.192528735632184,94,FALSE,FALSE
"2018",8,"173","Zalakarosi",46.5605989,17.1230251,8,5,7,0,0,0.0841142857142861,0,0.827586206896552,95,FALSE,FALSE
"2018",8,"174","Zalaszentgroti",46.947143,17.0790458,6,7,6,0,459,0,4.30188449848025,0.192528735632184,96,FALSE,FALSE
"2018",8,"175","Zirci",47.2630578,17.8725401,6,7,6,0,629,0,4.30188449848025,0.192528735632184,97,FALSE,FALSE
"2018",13,"1","Abai",47.028736,18.517633,2,6,12,0,0,0.0841142857142857,0,0.827586206896552,26,FALSE,FALSE
"2018",13,"2","Abauj-Hegykozi",48.471017,21.2741752,2,6,12,0,0,0.0841142857142857,0,0.827586206896552,100,FALSE,FALSE
"2018",13,"3","Adonyi",47.119574,18.8652611,2,6,12,0,0,0.0841142857142857,0,0.827586206896552,109,FALSE,FALSE
"2018",13,"4","Ajkai",47.1068802,17.563957,6,8,8,0,1563,0,9.53,0.267241379310345,118,FALSE,FALSE
"2018",13,"5","Aszodi",47.6523763,19.4759463,6,8,8,0,1711,0,9.53,0.267241379310345,127,FALSE,FALSE
"2018",13,"6","Bacsalmasi",46.123955,19.32633,8,7,9,0,567,0.00270676691729323,7.06857142857142,0.646551724137931,136,FALSE,FALSE
"2018",13,"7","Bajai",46.1834182,18.9538158,4,5,6,663,2688,8.55571428571428,18.3357142857143,0.910919540229885,19,TRUE,TRUE
"2018",13,"8","Baktaloranthazai",47.997697,22.0766029,9,8,11,0,877,0,3.07714285714286,0.267241379310345,155,FALSE,FALSE
"2018",13,"9","Balassagyarmati",48.078798,19.2938953,6,8,8,0,1590,0,9.53,0.267241379310345,166,FALSE,FALSE
"2018",13,"10","Balatonalmadi",47.0286976,18.0148627,6,8,8,0,1219,0,9.53,0.267241379310345,27,FALSE,FALSE
"2018",13,"11","Balatonfoldvari",46.8497238,17.8794039,2,6,12,0,0,0.0841142857142857,0,0.827586206896552,36,FALSE,FALSE
"2018",13,"12","Balatonfuredi",46.9564612,17.8889631,8,7,9,0,1098,0.00270676691729323,7.06857142857142,0.646551724137931,46,FALSE,FALSE
"2018",13,"13","Balmazujvarosi",47.612435,21.343577,7,8,10,0,1079,0,4.93400921658986,0.267241379310345,56,FALSE,FALSE
"2018",13,"14","Barcsi",45.959228,17.4666786,8,7,9,0,749,0.00270676691729323,7.06857142857142,0.646551724137931,65,FALSE,FALSE
"2018",13,"15","Batonyterenyei",47.989222,19.828845,7,8,10,0,605,0,4.93400921658986,0.267241379310345,74,FALSE,FALSE
"2018",13,"16","Bekescsabai",46.6841987,21.0867872,5,8,5,0,3968,0,21.7477551020408,0.267241379310345,82,FALSE,FALSE
"2018",13,"17","Bekesi",46.6704899,21.0434996,8,7,9,0,1452,0.00270676691729323,7.06857142857142,0.646551724137931,92,FALSE,FALSE
"2018",13,"18","Belapatfalvai",48.052725,20.348591,9,8,11,0,277,0,3.07714285714286,0.267241379310345,98,FALSE,FALSE
"2018",13,"19","Berettyoujfalui",47.233892,21.5340216,8,7,9,0,1381,0.00270676691729323,7.06857142857142,0.646551724137931,99,FALSE,FALSE
"2018",13,"20","Bicskei",47.490759,18.6362719,1,8,7,0,1553,0,11.2304761904762,0.267241379310345,101,FALSE,FALSE
"2018",13,"21","Bodrogkozi",48.263291,21.8918689,2,6,12,0,0,0.0841142857142857,0,0.827586206896552,102,FALSE,FALSE
"2018",13,"22","Bonyhadi",46.2986759,18.5305778,8,7,9,0,994,0.00270676691729323,7.06857142857142,0.646551724137931,103,FALSE,FALSE
"2018",13,"23","Budaorsi",47.460753,18.9581146,2,6,12,368,0,0.0841142857142857,0,0.827586206896552,22,FALSE,FALSE
"2018",13,"24","Budapesti",47.4984056,19.0407578,11,1,1,205401,89516,1173.72,511.52,1,1,TRUE,FALSE
"2018",13,"25","Cegledi",47.1772081,19.7980311,1,8,7,0,3499,0,11.2304761904762,0.267241379310345,104,FALSE,FALSE
"2018",13,"26","Celldomolki",47.257515,17.1526399,7,8,10,0,757,0,4.93400921658986,0.267241379310345,105,FALSE,FALSE
"2018",13,"27","Csengeri",47.8350105,22.6822754,9,8,11,0,448,0,3.07714285714286,0.267241379310345,106,FALSE,FALSE
"2018",13,"28","Csepregi",47.401546,16.7081249,2,6,12,0,0,0.0841142857142857,0,0.827586206896552,107,FALSE,FALSE
"2018",13,"29","Csongradi",46.710833,20.144575,7,8,10,0,689,0,4.93400921658986,0.267241379310345,108,FALSE,FALSE
"2018",13,"30","Csornai",47.601529,17.249978,9,8,11,0,1009,0,3.07714285714286,0.267241379310345,110,FALSE,FALSE
"2018",13,"31","Csurgoi",46.260776,17.095325,7,8,10,0,533,0,4.93400921658986,0.267241379310345,111,FALSE,FALSE
"2018",13,"32","Dabasi",47.192283,19.330853,1,8,7,0,1699,0,11.2304761904762,0.267241379310345,112,FALSE,FALSE
"2018",13,"33","Debreceni",47.5299739,21.6393571,12,2,2,29679,11805,160.102857142857,59.2019047619047,0.988505747126437,2,TRUE,TRUE
"2018",13,"34","Derecske-Letavertesi",47.3824608,21.891967,2,6,12,0,0,0.0841142857142857,0,0.827586206896552,113,FALSE,FALSE
"2018",13,"35","Devecseri",47.106397,17.437279,7,8,10,0,342,0,4.93400921658986,0.267241379310345,114,FALSE,FALSE
"2018",13,"36","Dombovari",46.383295,18.131089,7,8,10,0,1256,0,4.93400921658986,0.267241379310345,115,FALSE,FALSE
"2018",13,"37","Dorogi",47.7197439,18.7287817,2,6,12,0,0,0.0841142857142857,0,0.827586206896552,116,FALSE,FALSE
"2018",13,"38","Dunakeszi",47.6297228,19.1380528,13,8,4,0,5247,0,35.2594285714286,0.267241379310345,117,FALSE,FALSE
"2018",13,"39","Dunaujvarosi",46.980668,18.9127069,4,5,6,2490,3423,8.55571428571428,18.3357142857143,0.910919540229885,18,TRUE,TRUE
"2018",13,"40","Edelenyi",48.2966608,20.7442671,7,8,10,0,858,0,4.93400921658986,0.267241379310345,119,FALSE,FALSE
"2018",13,"41","Egri",47.9031987,20.3731077,3,3,3,13301,5067,65.6391836734695,40.3714285714285,0.959770114942529,8,TRUE,TRUE
"2018",13,"42","Encsi",48.330768,21.1219603,7,8,10,0,645,0,4.93400921658986,0.267241379310345,120,FALSE,FALSE
"2018",13,"43","Enyingi",46.9296,18.242978,8,7,9,0,522,0.00270676691729323,7.06857142857142,0.646551724137931,121,FALSE,FALSE
"2018",13,"44","Ercsi",47.24966,18.891059,2,6,12,0,0,0.0841142857142857,0,0.827586206896552,122,FALSE,FALSE
"2018",13,"45","Erdi",47.3783095,18.9217973,13,8,4,0,7527,0,35.2594285714286,0.267241379310345,123,FALSE,FALSE
"2018",13,"46","Esztergomi",47.793308,18.7419333,5,8,5,0,3875,0,21.7477551020408,0.267241379310345,25,FALSE,FALSE
"2018",13,"47","Fehergyarmati",47.985063,22.517104,8,7,9,0,1418,0.00270676691729323,7.06857142857142,0.646551724137931,124,FALSE,FALSE
"2018",13,"48","Fonyodi",46.749197,17.5558792,8,7,9,0,1224,0.00270676691729323,7.06857142857142,0.646551724137931,125,FALSE,FALSE
"2018",13,"49","Fuzesabonyi",47.750888,20.409611,8,7,9,0,1044,0.00270676691729323,7.06857142857142,0.646551724137931,126,FALSE,FALSE
"2018",13,"50","Gardonyi",47.1973503,18.6091412,1,8,7,0,1503,0,11.2304761904762,0.267241379310345,128,FALSE,FALSE
"2018",13,"51","Godolloi",47.5975105,19.3480017,3,3,3,16384,8238,65.6391836734695,40.3714285714285,0.959770114942529,5,TRUE,TRUE
"2018",13,"52","Gyali",47.3808958,19.215712,6,8,8,0,1759,0,9.53,0.267241379310345,129,FALSE,FALSE
"2018",13,"53","Gyongyosi",47.775028,19.9280689,5,8,5,0,3453,0,21.7477551020408,0.267241379310345,130,FALSE,FALSE
"2018",13,"54","Gyori",47.684051,17.6351011,3,3,3,17761,8436,65.6391836734695,40.3714285714285,0.959770114942529,6,TRUE,TRUE
"2018",13,"55","Gyulai",46.642498,21.268809,6,8,8,0,1892,0,9.53,0.267241379310345,131,FALSE,FALSE
"2018",13,"56","Hajduboszormenyi",47.673238,21.5076172,8,7,9,0,1827,0.00270676691729323,7.06857142857142,0.646551724137931,132,FALSE,FALSE
"2018",13,"57","Hajduhadhazi",47.68197,21.6685631,9,8,11,0,667,0,3.07714285714286,0.267241379310345,133,FALSE,FALSE
"2018",13,"58","Hajduszoboszloi",47.443667,21.389719,8,7,9,0,1882,0.00270676691729323,7.06857142857142,0.646551724137931,134,FALSE,FALSE
"2018",13,"59","Hatvani",47.668122,19.669901,1,8,7,0,2148,0,11.2304761904762,0.267241379310345,135,FALSE,FALSE
"2018",13,"60","Hevesi",47.5945238,20.2882213,8,7,9,0,1036,0.00270676691729323,7.06857142857142,0.646551724137931,137,FALSE,FALSE
"2018",13,"61","Hevizi",46.7905869,17.1843866,2,6,12,0,0,0.0841142857142857,0,0.827586206896552,138,FALSE,FALSE
"2018",13,"62","Hodmezovasarhelyi",46.430411,20.3188298,6,8,8,0,2167,0,9.53,0.267241379310345,139,FALSE,FALSE
"2018",13,"63","Ibrany-Nagyhalaszi",48.134908,21.7187528,2,6,12,0,0,0.0841142857142857,0,0.827586206896552,140,FALSE,FALSE
"2018",13,"64","Janoshalmai",46.2967401,19.3228798,6,8,8,0,612,0,9.53,0.267241379310345,141,FALSE,FALSE
"2018",13,"65","Jaszberenyi",47.5006181,19.9147188,6,8,8,0,2326,0,9.53,0.267241379310345,142,FALSE,FALSE
"2018",13,"66","Kadarkuti",46.2311466,17.6157102,2,6,12,0,0,0.0841142857142857,0,0.827586206896552,143,FALSE,FALSE
"2018",13,"67","Kalocsai",46.5334145,18.9856969,8,7,9,0,1913,0.00270676691729323,7.06857142857142,0.646551724137931,144,FALSE,FALSE
"2018",13,"68","Kaposvari",46.36653,17.782483,3,3,3,4806,4913,65.6391836734695,40.3714285714285,0.959770114942529,12,TRUE,TRUE
"2018",13,"69","Kapuvar-Beledi",47.5935568,17.0249715,2,6,12,0,0,0.0841142857142857,0,0.827586206896552,145,FALSE,FALSE
"2018",13,"70","Karcagi",47.316632,20.9220631,8,7,9,0,1384,0.00270676691729323,7.06857142857142,0.646551724137931,146,FALSE,FALSE
"2018",13,"71","Kazincbarcikai",48.25317,20.6456512,6,8,8,0,2139,0,9.53,0.267241379310345,147,FALSE,FALSE
"2018",13,"72","Kecskemeti",46.9062092,19.6899774,3,3,3,6573,7701,65.6391836734695,40.3714285714285,0.959770114942529,14,TRUE,TRUE
"2018",13,"73","Keszthelyi",46.7695893,17.2481444,6,8,8,0,2069,0,9.53,0.267241379310345,148,FALSE,FALSE
"2018",13,"74","Kisberi",47.501673,18.0269161,7,8,10,0,604,0,4.93400921658986,0.267241379310345,149,FALSE,FALSE
"2018",13,"75","Kiskorosi",46.620386,19.283827,1,8,7,0,1983,0,11.2304761904762,0.267241379310345,150,FALSE,FALSE
"2018",13,"76","Kiskunfelegyhazai",46.7050953,19.8499199,2,6,12,0,0,0.0841142857142857,0,0.827586206896552,151,FALSE,FALSE
"2018",13,"77","Kiskunhalasi",46.432037,19.4885269,1,8,7,0,1886,0,11.2304761904762,0.267241379310345,152,FALSE,FALSE
"2018",13,"78","Kiskunmajsai",46.492344,19.7368448,8,7,9,0,637,0.00270676691729323,7.06857142857142,0.646551724137931,153,FALSE,FALSE
"2018",13,"79","Kisteleki",46.4696447,19.9803972,7,8,10,0,533,0,4.93400921658986,0.267241379310345,154,FALSE,FALSE
"2018",13,"80","Kisvardai",48.2264002,22.0846211,1,8,7,0,3111,0,11.2304761904762,0.267241379310345,156,FALSE,FALSE
"2018",13,"81","Komaromi",47.7434248,18.1191064,8,7,9,0,1439,0.00270676691729323,7.06857142857142,0.646551724137931,157,FALSE,FALSE
"2018",13,"82","Komloi",47.600636,20.445412,8,7,9,0,851,0.00270676691729323,7.06857142857142,0.646551724137931,158,FALSE,FALSE
"2018",13,"83","Kormendi",47.011113,16.6057156,9,8,11,0,947,0,3.07714285714286,0.267241379310345,159,FALSE,FALSE
"2018",13,"84","Koszegi",47.381935,16.552229,7,8,10,0,945,0,4.93400921658986,0.267241379310345,160,FALSE,FALSE
"2018",13,"85","Kunszentmartoni",46.841082,20.287233,8,7,9,0,1102,0.00270676691729323,7.06857142857142,0.646551724137931,161,FALSE,FALSE
"2018",13,"86","Kunszentmiklosi",47.026444,19.1227831,1,8,7,0,875,0,11.2304761904762,0.267241379310345,162,FALSE,FALSE
"2018",13,"87","Lengyeltoti",46.667049,17.6407711,2,6,12,0,0,0.0841142857142857,0,0.827586206896552,163,FALSE,FALSE
"2018",13,"88","Lenti",46.623785,16.546001,7,8,10,0,589,0,4.93400921658986,0.267241379310345,164,FALSE,FALSE
"2018",13,"89","Letenyei",46.4337456,16.7221882,7,8,10,0,515,0,4.93400921658986,0.267241379310345,165,FALSE,FALSE
"2018",13,"90","Makoi",46.21498,20.47513,8,7,9,0,1499,0.00270676691729323,7.06857142857142,0.646551724137931,167,FALSE,FALSE
"2018",13,"91","Marcali",46.582815,17.4119018,8,7,9,0,1122,0.00270676691729323,7.06857142857142,0.646551724137931,168,FALSE,FALSE
"2018",13,"92","Mateszalkai",47.943265,22.316904,7,8,10,0,2323,0,4.93400921658986,0.267241379310345,169,FALSE,FALSE
"2018",13,"93","Mezocsati",47.823541,20.9028038,9,8,11,0,337,0,3.07714285714286,0.267241379310345,170,FALSE,FALSE
"2018",13,"94","Mezokovacshazai",46.4071834,20.9241681,8,7,9,0,1067,0.00270676691729323,7.06857142857142,0.646551724137931,171,FALSE,FALSE
"2018",13,"95","Mezokovesdi",47.8068796,20.5650907,8,7,9,0,1720,0.00270676691729323,7.06857142857142,0.646551724137931,172,FALSE,FALSE
"2018",13,"96","Mezoturi",47.00278,20.618465,6,8,8,0,934,0,9.53,0.267241379310345,173,FALSE,FALSE
"2018",13,"97","Miskolci",48.1043854,20.7913563,3,3,3,11549,10970,65.6391836734695,40.3714285714285,0.959770114942529,7,TRUE,TRUE
"2018",13,"98","Mohacsi",45.9959241,18.6798279,8,7,9,0,1104,0.00270676691729323,7.06857142857142,0.646551724137931,174,FALSE,FALSE
"2018",13,"99","Monori",47.34754,19.448946,1,8,7,0,2724,0,11.2304761904762,0.267241379310345,175,FALSE,FALSE
"2018",13,"100","Morahalomi",46.217922,19.883719,2,6,12,0,0,0.0841142857142857,0,0.827586206896552,28,FALSE,FALSE
"2018",13,"101","Mori",47.3717781,18.2085973,6,8,8,0,1491,0,9.53,0.267241379310345,29,FALSE,FALSE
"2018",13,"102","Mosonmagyarovari",47.8744063,17.2693897,6,8,8,0,2327,0,9.53,0.267241379310345,30,FALSE,FALSE
"2018",13,"103","Nagyatadi",46.23001,17.3574429,7,8,10,0,911,0,4.93400921658986,0.267241379310345,31,FALSE,FALSE
"2018",13,"104","Nagykalloi",47.875519,21.8460521,8,7,9,0,1225,0.00270676691729323,7.06857142857142,0.646551724137931,32,FALSE,FALSE
"2018",13,"105","Nagykanizsai",46.455237,16.9953419,5,8,5,0,2919,0,21.7477551020408,0.267241379310345,33,FALSE,FALSE
"2018",13,"106","Nagykatai",47.4181175,19.7422453,1,8,7,0,2665,0,11.2304761904762,0.267241379310345,34,FALSE,FALSE
"2018",13,"107","Nyirbatori",47.835414,22.130289,8,7,9,0,1539,0.00270676691729323,7.06857142857142,0.646551724137931,35,FALSE,FALSE
"2018",13,"108","Nyiregyhazai",47.9532583,21.7264647,10,4,12,4134,0,17.84,0,0.931034482758621,11,TRUE,TRUE
"2018",13,"109","Oroshazai",46.5615338,20.6619204,10,4,12,2031,0,17.84,0,0.931034482758621,13,TRUE,TRUE
"2018",13,"110","Oroszlanyi",47.4943329,18.3215448,6,8,8,0,1019,0,9.53,0.267241379310345,37,FALSE,FALSE
"2018",13,"111","Ozdi",48.2195564,20.2869186,7,8,10,0,1323,0,4.93400921658986,0.267241379310345,38,FALSE,FALSE
"2018",13,"112","Oriszentpeteri",46.838954,16.4211574,2,6,12,0,0,0.0841142857142857,0,0.827586206896552,39,FALSE,FALSE
"2018",13,"113","Pacsai",46.7226412,17.0096878,2,6,12,0,0,0.0841142857142857,0,0.827586206896552,40,FALSE,FALSE
"2018",13,"114","Paksi",46.626368,18.8652409,1,8,7,0,2214,0,11.2304761904762,0.267241379310345,41,FALSE,FALSE
"2018",13,"115","Pannonhalmai",47.55021,17.754228,2,6,12,0,0,0.0841142857142857,0,0.827586206896552,42,FALSE,FALSE
"2018",13,"116","Papai",47.3308153,17.4660302,8,7,9,0,1989,0.00270676691729323,7.06857142857142,0.646551724137931,43,FALSE,FALSE
"2018",13,"117","Pasztoi",47.919562,19.6978939,8,7,9,0,1074,0.00270676691729323,7.06857142857142,0.646551724137931,44,FALSE,FALSE
"2018",13,"118","Pecsi",46.0713242,18.2331772,12,2,2,26138,8596,160.102857142857,59.2019047619047,0.988505747126437,4,TRUE,TRUE
"2018",13,"119","Pecsvaradi",46.158114,18.422176,9,8,11,0,352,0,3.07714285714286,0.267241379310345,45,FALSE,FALSE
"2018",13,"120","Petervasarai",48.017941,20.1019849,7,8,10,0,640,0,4.93400921658986,0.267241379310345,47,FALSE,FALSE
"2018",13,"121","Pilisvorosvari",47.6212089,18.9111742,5,8,5,0,3585,0,21.7477551020408,0.267241379310345,48,FALSE,FALSE
"2018",13,"122","Polgari",47.866362,21.1242449,2,6,12,0,0,0.0841142857142857,0,0.827586206896552,49,FALSE,FALSE
"2018",13,"123","Puspokladanyi",47.3176758,21.1165369,7,8,10,0,1324,0,4.93400921658986,0.267241379310345,50,FALSE,FALSE
"2018",13,"124","Rackevei",47.1611023,18.9455669,1,8,7,0,1417,0,11.2304761904762,0.267241379310345,51,FALSE,FALSE
"2018",13,"125","Retsagi",47.9278597,19.1372757,8,7,9,0,1040,0.00270676691729323,7.06857142857142,0.646551724137931,52,FALSE,FALSE
"2018",13,"126","Salgotarjani",48.0853167,19.7869357,6,8,8,0,2324,0,9.53,0.267241379310345,53,FALSE,FALSE
"2018",13,"127","Sarbogardi",46.887769,18.6193289,6,8,8,0,892,0,9.53,0.267241379310345,54,FALSE,FALSE
"2018",13,"128","Sarkadi",46.746283,21.3848669,8,7,9,0,720,0.00270676691729323,7.06857142857142,0.646551724137931,55,FALSE,FALSE
"2018",13,"129","Sarospataki",48.318984,21.5663738,8,7,9,18,1122,0.00270676691729323,7.06857142857142,0.646551724137931,24,FALSE,FALSE
"2018",13,"130","Sarvari",47.2540616,16.9352309,7,8,10,0,1221,0,4.93400921658986,0.267241379310345,57,FALSE,FALSE
"2018",13,"131","Sasdi",46.2548488,18.1060595,2,6,12,0,0,0.0841142857142857,0,0.827586206896552,58,FALSE,FALSE
"2018",13,"132","Satoraljaujhelyi",48.3941408,21.6559965,7,8,10,0,989,0,4.93400921658986,0.267241379310345,59,FALSE,FALSE
"2018",13,"133","Sellyei",45.8719698,17.8460989,9,8,11,0,245,0,3.07714285714286,0.267241379310345,60,FALSE,FALSE
"2018",13,"134","Siklosi",45.852147,18.2988281,9,8,11,0,1088,0,3.07714285714286,0.267241379310345,61,FALSE,FALSE
"2018",13,"135","Siofoki",46.9057439,18.0525018,6,8,8,0,2204,0,9.53,0.267241379310345,62,FALSE,FALSE
"2018",13,"136","Sopron-Fertodi",47.684898,16.583053,10,4,12,3201,0,17.84,0,0.931034482758621,10,TRUE,TRUE
"2018",13,"137","Sumegi",46.9775543,17.2819824,7,8,10,0,518,0,4.93400921658986,0.267241379310345,63,FALSE,FALSE
"2018",13,"138","Szarvasi",46.8595081,20.5595884,8,7,9,0,1085,0.00270676691729323,7.06857142857142,0.646551724137931,21,FALSE,FALSE
"2018",13,"139","Szecsenyi",48.0811488,19.5197217,1,8,7,0,653,0,11.2304761904762,0.267241379310345,64,FALSE,FALSE
"2018",13,"140","Szegedi",46.2536169,20.1461345,12,2,2,28237,10680,160.102857142857,59.2019047619047,0.988505747126437,3,TRUE,TRUE
"2018",13,"141","Szeghalomi",47.027309,21.166263,2,6,12,0,0,0.0841142857142857,0,0.827586206896552,66,FALSE,FALSE
"2018",13,"142","Szekesfehervari",47.1887157,18.4138088,13,8,4,0,7363,0,35.2594285714286,0.267241379310345,20,TRUE,TRUE
"2018",13,"143","Szekszardi",46.3485623,18.7019205,8,7,9,0,2518,0.00270676691729323,7.06857142857142,0.646551724137931,67,FALSE,FALSE
"2018",13,"144","Szentendrei",47.6734712,19.07254,13,8,4,0,5210,0,35.2594285714286,0.267241379310345,68,FALSE,FALSE
"2018",13,"145","Szentesi",46.65192,20.2571842,1,8,7,0,1550,0,11.2304761904762,0.267241379310345,69,FALSE,FALSE
"2018",13,"146","Szentgotthardi",46.9527524,16.2737218,9,8,11,0,387,0,3.07714285714286,0.267241379310345,70,FALSE,FALSE
"2018",13,"147","Szentlorinci",46.040211,17.989775,9,8,11,0,421,0,3.07714285714286,0.267241379310345,71,FALSE,FALSE
"2018",13,"148","Szerencsi",48.162418,21.205206,8,7,9,0,1407,0.00270676691729323,7.06857142857142,0.646551724137931,72,FALSE,FALSE
"2018",13,"149","Szigetvari",46.0482577,17.8123125,7,8,10,0,779,0,4.93400921658986,0.267241379310345,73,FALSE,FALSE
"2018",13,"150","Szikszoi",48.1949949,20.9294318,7,8,10,0,572,0,4.93400921658986,0.267241379310345,75,FALSE,FALSE
"2018",13,"151","Szobi",47.818012,18.8667731,8,7,9,0,1013,0.00270676691729323,7.06857142857142,0.646551724137931,76,FALSE,FALSE
"2018",13,"152","Szolnoki",47.174662,20.17628,13,8,4,0,5505,0,35.2594285714286,0.267241379310345,15,TRUE,TRUE
"2018",13,"153","Szombathelyi",47.23514,16.6219178,5,8,5,0,4680,0,21.7477551020408,0.267241379310345,23,FALSE,FALSE
"2018",13,"154","Tabi",46.729486,18.0329558,9,8,11,0,308,0,3.07714285714286,0.267241379310345,77,FALSE,FALSE
"2018",13,"155","Tamasi",46.6295947,18.2846991,8,7,9,0,983,0.00270676691729323,7.06857142857142,0.646551724137931,78,FALSE,FALSE
"2018",13,"156","Tapolcai",46.88289,17.4413581,6,8,8,0,1306,0,9.53,0.267241379310345,79,FALSE,FALSE
"2018",13,"157","Tatabanyai",47.5861869,18.3947662,4,5,6,1219,3351,8.55571428571428,18.3357142857143,0.910919540229885,16,TRUE,TRUE
"2018",13,"158","Tatai",47.655255,18.3285248,6,8,8,0,1811,0,9.53,0.267241379310345,80,FALSE,FALSE
"2018",13,"159","Teti",47.515979,17.5168418,9,8,11,0,382,0,3.07714285714286,0.267241379310345,81,FALSE,FALSE
"2018",13,"160","Tiszafuredi",47.615345,20.7617821,7,8,10,0,656,0,4.93400921658986,0.267241379310345,83,FALSE,FALSE
"2018",13,"161","Tiszaujvarosi",47.92291,21.052195,7,8,10,0,1466,0,4.93400921658986,0.267241379310345,84,FALSE,FALSE
"2018",13,"162","Tiszavasvari",47.9511368,21.3687867,7,8,10,0,822,0,4.93400921658986,0.267241379310345,85,FALSE,FALSE
"2018",13,"163","Tokaji",48.119994,21.412563,9,8,11,0,495,0,3.07714285714286,0.267241379310345,86,FALSE,FALSE
"2018",13,"164","Torokszentmiklosi",47.180736,20.4182932,8,7,9,0,1107,0.00270676691729323,7.06857142857142,0.646551724137931,87,FALSE,FALSE
"2018",13,"165","Vaci",47.7754454,19.1377076,4,5,6,1617,3373,8.55571428571428,18.3357142857143,0.910919540229885,17,TRUE,TRUE
"2018",13,"166","Varpalotai",47.1973949,18.1396572,8,7,9,0,1152,0.00270676691729323,7.06857142857142,0.646551724137931,88,FALSE,FALSE
"2018",13,"167","Vasarosnamenyi",48.126772,22.318366,7,8,10,0,1374,0,4.93400921658986,0.267241379310345,89,FALSE,FALSE
"2018",13,"168","Vasvari",47.051087,16.7985158,9,8,11,0,376,0,3.07714285714286,0.267241379310345,90,FALSE,FALSE
"2018",13,"169","Veresegyhazi",47.65714,19.284962,2,6,12,0,0,0.0841142857142857,0,0.827586206896552,91,FALSE,FALSE
"2018",13,"170","Veszpremi",47.092967,17.913785,3,3,3,10034,4130,65.6391836734695,40.3714285714285,0.959770114942529,9,TRUE,TRUE
"2018",13,"171","Zahonyi",48.406999,22.1745391,7,8,10,0,811,0,4.93400921658986,0.267241379310345,93,FALSE,FALSE
"2018",13,"172","Zalaegerszegi",46.845412,16.8472302,5,8,5,0,4161,0,21.7477551020408,0.267241379310345,94,FALSE,FALSE
"2018",13,"173","Zalakarosi",46.5605989,17.1230251,2,6,12,0,0,0.0841142857142857,0,0.827586206896552,95,FALSE,FALSE
"2018",13,"174","Zalaszentgroti",46.947143,17.0790458,7,8,10,0,459,0,4.93400921658986,0.267241379310345,96,FALSE,FALSE
"2018",13,"175","Zirci",47.2630578,17.8725401,7,8,10,0,629,0,4.93400921658986,0.267241379310345,97,FALSE,FALSE
"2021",2,"1","Abai",47.028736,18.517633,1,2,2,0,0,4.78502463054183,8.10128078817724,0.497126436781609,26,FALSE,FALSE
"2021",2,"2","Abauj-Hegykozi",48.471017,21.2741752,1,2,2,0,0,4.78502463054183,8.10128078817724,0.497126436781609,100,FALSE,FALSE
"2021",2,"3","Adonyi",47.119574,18.8652611,1,2,2,0,0,4.78502463054183,8.10128078817724,0.497126436781609,109,FALSE,FALSE
"2021",2,"4","Ajkai",47.1068802,17.563957,1,2,2,0,1090,4.78502463054183,8.10128078817724,0.497126436781609,118,FALSE,FALSE
"2021",2,"5","Aszodi",47.6523763,19.4759463,1,2,2,0,1496,4.78502463054183,8.10128078817724,0.497126436781609,127,FALSE,FALSE
"2021",2,"6","Bacsalmasi",46.123955,19.32633,1,2,2,0,332,4.78502463054183,8.10128078817724,0.497126436781609,136,FALSE,FALSE
"2021",2,"7","Bajai",46.1834182,18.9538158,1,2,2,440,1983,4.78502463054183,8.10128078817724,0.497126436781609,19,TRUE,TRUE
"2021",2,"8","Baktaloranthazai",47.997697,22.0766029,1,2,2,0,522,4.78502463054183,8.10128078817724,0.497126436781609,155,FALSE,FALSE
"2021",2,"9","Balassagyarmati",48.078798,19.2938953,1,2,2,0,1124,4.78502463054183,8.10128078817724,0.497126436781609,166,FALSE,FALSE
"2021",2,"10","Balatonalmadi",47.0286976,18.0148627,1,2,2,0,1041,4.78502463054183,8.10128078817724,0.497126436781609,27,FALSE,FALSE
"2021",2,"11","Balatonfoldvari",46.8497238,17.8794039,1,2,2,0,0,4.78502463054183,8.10128078817724,0.497126436781609,36,FALSE,FALSE
"2021",2,"12","Balatonfuredi",46.9564612,17.8889631,1,2,2,0,1009,4.78502463054183,8.10128078817724,0.497126436781609,46,FALSE,FALSE
"2021",2,"13","Balmazujvarosi",47.612435,21.343577,1,2,2,0,850,4.78502463054183,8.10128078817724,0.497126436781609,56,FALSE,FALSE
"2021",2,"14","Barcsi",45.959228,17.4666786,1,2,2,0,503,4.78502463054183,8.10128078817724,0.497126436781609,65,FALSE,FALSE
"2021",2,"15","Batonyterenyei",47.989222,19.828845,1,2,2,0,370,4.78502463054183,8.10128078817724,0.497126436781609,74,FALSE,FALSE
"2021",2,"16","Bekescsabai",46.6841987,21.0867872,1,2,2,0,2740,4.78502463054183,8.10128078817724,0.497126436781609,82,FALSE,FALSE
"2021",2,"17","Bekesi",46.6704899,21.0434996,1,2,2,0,1060,4.78502463054183,8.10128078817724,0.497126436781609,92,FALSE,FALSE
"2021",2,"18","Belapatfalvai",48.052725,20.348591,1,2,2,0,219,4.78502463054183,8.10128078817724,0.497126436781609,98,FALSE,FALSE
"2021",2,"19","Berettyoujfalui",47.233892,21.5340216,1,2,2,0,1057,4.78502463054183,8.10128078817724,0.497126436781609,99,FALSE,FALSE
"2021",2,"20","Bicskei",47.490759,18.6362719,1,2,2,0,1300,4.78502463054183,8.10128078817724,0.497126436781609,101,FALSE,FALSE
"2021",2,"21","Bodrogkozi",48.263291,21.8918689,1,2,2,0,0,4.78502463054183,8.10128078817724,0.497126436781609,102,FALSE,FALSE
"2021",2,"22","Bonyhadi",46.2986759,18.5305778,1,2,2,0,862,4.78502463054183,8.10128078817724,0.497126436781609,103,FALSE,FALSE
"2021",2,"23","Budaorsi",47.460753,18.9581146,1,2,2,255,0,4.78502463054183,8.10128078817724,0.497126436781609,22,FALSE,FALSE
"2021",2,"24","Budapesti",47.4984056,19.0407578,2,1,1,185288,84308,1058.78857142857,481.76,1,1,TRUE,FALSE
"2021",2,"25","Cegledi",47.1772081,19.7980311,1,2,2,0,3339,4.78502463054183,8.10128078817724,0.497126436781609,104,FALSE,FALSE
"2021",2,"26","Celldomolki",47.257515,17.1526399,1,2,2,0,678,4.78502463054183,8.10128078817724,0.497126436781609,105,FALSE,FALSE
"2021",2,"27","Csengeri",47.8350105,22.6822754,1,2,2,0,323,4.78502463054183,8.10128078817724,0.497126436781609,106,FALSE,FALSE
"2021",2,"28","Csepregi",47.401546,16.7081249,1,2,2,0,0,4.78502463054183,8.10128078817724,0.497126436781609,107,FALSE,FALSE
"2021",2,"29","Csongradi",46.710833,20.144575,1,2,2,0,599,4.78502463054183,8.10128078817724,0.497126436781609,108,FALSE,FALSE
"2021",2,"30","Csornai",47.601529,17.249978,1,2,2,0,808,4.78502463054183,8.10128078817724,0.497126436781609,110,FALSE,FALSE
"2021",2,"31","Csurgoi",46.260776,17.095325,1,2,2,0,431,4.78502463054183,8.10128078817724,0.497126436781609,111,FALSE,FALSE
"2021",2,"32","Dabasi",47.192283,19.330853,1,2,2,0,1589,4.78502463054183,8.10128078817724,0.497126436781609,112,FALSE,FALSE
"2021",2,"33","Debreceni",47.5299739,21.6393571,1,2,2,27654,10238,4.78502463054183,8.10128078817724,0.497126436781609,2,TRUE,TRUE
"2021",2,"34","Derecske-Letavertesi",47.3824608,21.891967,1,2,2,0,0,4.78502463054183,8.10128078817724,0.497126436781609,113,FALSE,FALSE
"2021",2,"35","Devecseri",47.106397,17.437279,1,2,2,0,305,4.78502463054183,8.10128078817724,0.497126436781609,114,FALSE,FALSE
"2021",2,"36","Dombovari",46.383295,18.131089,1,2,2,0,824,4.78502463054183,8.10128078817724,0.497126436781609,115,FALSE,FALSE
"2021",2,"37","Dorogi",47.7197439,18.7287817,1,2,2,0,0,4.78502463054183,8.10128078817724,0.497126436781609,116,FALSE,FALSE
"2021",2,"38","Dunakeszi",47.6297228,19.1380528,1,2,2,0,5196,4.78502463054183,8.10128078817724,0.497126436781609,117,FALSE,FALSE
"2021",2,"39","Dunaujvarosi",46.980668,18.9127069,1,2,2,2030,2901,4.78502463054183,8.10128078817724,0.497126436781609,18,TRUE,TRUE
"2021",2,"40","Edelenyi",48.2966608,20.7442671,1,2,2,0,693,4.78502463054183,8.10128078817724,0.497126436781609,119,FALSE,FALSE
"2021",2,"41","Egri",47.9031987,20.3731077,1,2,2,8905,4148,4.78502463054183,8.10128078817724,0.497126436781609,8,TRUE,TRUE
"2021",2,"42","Encsi",48.330768,21.1219603,1,2,2,0,494,4.78502463054183,8.10128078817724,0.497126436781609,120,FALSE,FALSE
"2021",2,"43","Enyingi",46.9296,18.242978,1,2,2,0,388,4.78502463054183,8.10128078817724,0.497126436781609,121,FALSE,FALSE
"2021",2,"44","Ercsi",47.24966,18.891059,1,2,2,0,0,4.78502463054183,8.10128078817724,0.497126436781609,122,FALSE,FALSE
"2021",2,"45","Erdi",47.3783095,18.9217973,1,2,2,0,7149,4.78502463054183,8.10128078817724,0.497126436781609,123,FALSE,FALSE
"2021",2,"46","Esztergomi",47.793308,18.7419333,1,2,2,0,3332,4.78502463054183,8.10128078817724,0.497126436781609,25,FALSE,FALSE
"2021",2,"47","Fehergyarmati",47.985063,22.517104,1,2,2,0,978,4.78502463054183,8.10128078817724,0.497126436781609,124,FALSE,FALSE
"2021",2,"48","Fonyodi",46.749197,17.5558792,1,2,2,0,930,4.78502463054183,8.10128078817724,0.497126436781609,125,FALSE,FALSE
"2021",2,"49","Fuzesabonyi",47.750888,20.409611,1,2,2,0,766,4.78502463054183,8.10128078817724,0.497126436781609,126,FALSE,FALSE
"2021",2,"50","Gardonyi",47.1973503,18.6091412,1,2,2,0,1361,4.78502463054183,8.10128078817724,0.497126436781609,128,FALSE,FALSE
"2021",2,"51","Godolloi",47.5975105,19.3480017,1,2,2,15942,8522,4.78502463054183,8.10128078817724,0.497126436781609,5,TRUE,TRUE
"2021",2,"52","Gyali",47.3808958,19.215712,1,2,2,0,1502,4.78502463054183,8.10128078817724,0.497126436781609,129,FALSE,FALSE
"2021",2,"53","Gyongyosi",47.775028,19.9280689,1,2,2,0,2680,4.78502463054183,8.10128078817724,0.497126436781609,130,FALSE,FALSE
"2021",2,"54","Gyori",47.684051,17.6351011,1,2,2,13703,7798,4.78502463054183,8.10128078817724,0.497126436781609,6,TRUE,TRUE
"2021",2,"55","Gyulai",46.642498,21.268809,1,2,2,0,1450,4.78502463054183,8.10128078817724,0.497126436781609,131,FALSE,FALSE
"2021",2,"56","Hajduboszormenyi",47.673238,21.5076172,1,2,2,0,1477,4.78502463054183,8.10128078817724,0.497126436781609,132,FALSE,FALSE
"2021",2,"57","Hajduhadhazi",47.68197,21.6685631,1,2,2,0,598,4.78502463054183,8.10128078817724,0.497126436781609,133,FALSE,FALSE
"2021",2,"58","Hajduszoboszloi",47.443667,21.389719,1,2,2,0,1548,4.78502463054183,8.10128078817724,0.497126436781609,134,FALSE,FALSE
"2021",2,"59","Hatvani",47.668122,19.669901,1,2,2,0,1778,4.78502463054183,8.10128078817724,0.497126436781609,135,FALSE,FALSE
"2021",2,"60","Hevesi",47.5945238,20.2882213,1,2,2,0,722,4.78502463054183,8.10128078817724,0.497126436781609,137,FALSE,FALSE
"2021",2,"61","Hevizi",46.7905869,17.1843866,1,2,2,0,0,4.78502463054183,8.10128078817724,0.497126436781609,138,FALSE,FALSE
"2021",2,"62","Hodmezovasarhelyi",46.430411,20.3188298,1,2,2,0,1830,4.78502463054183,8.10128078817724,0.497126436781609,139,FALSE,FALSE
"2021",2,"63","Ibrany-Nagyhalaszi",48.134908,21.7187528,1,2,2,0,0,4.78502463054183,8.10128078817724,0.497126436781609,140,FALSE,FALSE
"2021",2,"64","Janoshalmai",46.2967401,19.3228798,1,2,2,0,348,4.78502463054183,8.10128078817724,0.497126436781609,141,FALSE,FALSE
"2021",2,"65","Jaszberenyi",47.5006181,19.9147188,1,2,2,0,1985,4.78502463054183,8.10128078817724,0.497126436781609,142,FALSE,FALSE
"2021",2,"66","Kadarkuti",46.2311466,17.6157102,1,2,2,0,0,4.78502463054183,8.10128078817724,0.497126436781609,143,FALSE,FALSE
"2021",2,"67","Kalocsai",46.5334145,18.9856969,1,2,2,0,1459,4.78502463054183,8.10128078817724,0.497126436781609,144,FALSE,FALSE
"2021",2,"68","Kaposvari",46.36653,17.782483,1,2,2,0,3821,4.78502463054183,8.10128078817724,0.497126436781609,12,TRUE,TRUE
"2021",2,"69","Kapuvar-Beledi",47.5935568,17.0249715,1,2,2,0,0,4.78502463054183,8.10128078817724,0.497126436781609,145,FALSE,FALSE
"2021",2,"70","Karcagi",47.316632,20.9220631,1,2,2,0,1031,4.78502463054183,8.10128078817724,0.497126436781609,146,FALSE,FALSE
"2021",2,"71","Kazincbarcikai",48.25317,20.6456512,1,2,2,0,1904,4.78502463054183,8.10128078817724,0.497126436781609,147,FALSE,FALSE
"2021",2,"72","Kecskemeti",46.9062092,19.6899774,1,2,2,3335,6608,4.78502463054183,8.10128078817724,0.497126436781609,14,TRUE,TRUE
"2021",2,"73","Keszthelyi",46.7695893,17.2481444,1,2,2,0,1656,4.78502463054183,8.10128078817724,0.497126436781609,148,FALSE,FALSE
"2021",2,"74","Kisberi",47.501673,18.0269161,1,2,2,0,456,4.78502463054183,8.10128078817724,0.497126436781609,149,FALSE,FALSE
"2021",2,"75","Kiskorosi",46.620386,19.283827,1,2,2,0,1368,4.78502463054183,8.10128078817724,0.497126436781609,150,FALSE,FALSE
"2021",2,"76","Kiskunfelegyhazai",46.7050953,19.8499199,1,2,2,0,0,4.78502463054183,8.10128078817724,0.497126436781609,151,FALSE,FALSE
"2021",2,"77","Kiskunhalasi",46.432037,19.4885269,1,2,2,0,1379,4.78502463054183,8.10128078817724,0.497126436781609,152,FALSE,FALSE
"2021",2,"78","Kiskunmajsai",46.492344,19.7368448,1,2,2,0,462,4.78502463054183,8.10128078817724,0.497126436781609,153,FALSE,FALSE
"2021",2,"79","Kisteleki",46.4696447,19.9803972,1,2,2,0,468,4.78502463054183,8.10128078817724,0.497126436781609,154,FALSE,FALSE
"2021",2,"80","Kisvardai",48.2264002,22.0846211,1,2,2,0,2019,4.78502463054183,8.10128078817724,0.497126436781609,156,FALSE,FALSE
"2021",2,"81","Komaromi",47.7434248,18.1191064,1,2,2,0,1315,4.78502463054183,8.10128078817724,0.497126436781609,157,FALSE,FALSE
"2021",2,"82","Komloi",47.600636,20.445412,1,2,2,0,670,4.78502463054183,8.10128078817724,0.497126436781609,158,FALSE,FALSE
"2021",2,"83","Kormendi",47.011113,16.6057156,1,2,2,0,638,4.78502463054183,8.10128078817724,0.497126436781609,159,FALSE,FALSE
"2021",2,"84","Koszegi",47.381935,16.552229,1,2,2,0,735,4.78502463054183,8.10128078817724,0.497126436781609,160,FALSE,FALSE
"2021",2,"85","Kunszentmartoni",46.841082,20.287233,1,2,2,0,780,4.78502463054183,8.10128078817724,0.497126436781609,161,FALSE,FALSE
"2021",2,"86","Kunszentmiklosi",47.026444,19.1227831,1,2,2,0,750,4.78502463054183,8.10128078817724,0.497126436781609,162,FALSE,FALSE
"2021",2,"87","Lengyeltoti",46.667049,17.6407711,1,2,2,0,0,4.78502463054183,8.10128078817724,0.497126436781609,163,FALSE,FALSE
"2021",2,"88","Lenti",46.623785,16.546001,1,2,2,0,448,4.78502463054183,8.10128078817724,0.497126436781609,164,FALSE,FALSE
"2021",2,"89","Letenyei",46.4337456,16.7221882,1,2,2,0,348,4.78502463054183,8.10128078817724,0.497126436781609,165,FALSE,FALSE
"2021",2,"90","Makoi",46.21498,20.47513,1,2,2,0,1140,4.78502463054183,8.10128078817724,0.497126436781609,167,FALSE,FALSE
"2021",2,"91","Marcali",46.582815,17.4119018,1,2,2,0,825,4.78502463054183,8.10128078817724,0.497126436781609,168,FALSE,FALSE
"2021",2,"92","Mateszalkai",47.943265,22.316904,1,2,2,0,1653,4.78502463054183,8.10128078817724,0.497126436781609,169,FALSE,FALSE
"2021",2,"93","Mezocsati",47.823541,20.9028038,1,2,2,0,339,4.78502463054183,8.10128078817724,0.497126436781609,170,FALSE,FALSE
"2021",2,"94","Mezokovacshazai",46.4071834,20.9241681,1,2,2,0,790,4.78502463054183,8.10128078817724,0.497126436781609,171,FALSE,FALSE
"2021",2,"95","Mezokovesdi",47.8068796,20.5650907,1,2,2,0,1391,4.78502463054183,8.10128078817724,0.497126436781609,172,FALSE,FALSE
"2021",2,"96","Mezoturi",47.00278,20.618465,1,2,2,0,794,4.78502463054183,8.10128078817724,0.497126436781609,173,FALSE,FALSE
"2021",2,"97","Miskolci",48.1043854,20.7913563,1,2,2,9206,8984,4.78502463054183,8.10128078817724,0.497126436781609,7,TRUE,TRUE
"2021",2,"98","Mohacsi",45.9959241,18.6798279,1,2,2,0,943,4.78502463054183,8.10128078817724,0.497126436781609,174,FALSE,FALSE
"2021",2,"99","Monori",47.34754,19.448946,1,2,2,0,2447,4.78502463054183,8.10128078817724,0.497126436781609,175,FALSE,FALSE
"2021",2,"100","Morahalomi",46.217922,19.883719,1,2,2,0,0,4.78502463054183,8.10128078817724,0.497126436781609,28,FALSE,FALSE
"2021",2,"101","Mori",47.3717781,18.2085973,1,2,2,0,1211,4.78502463054183,8.10128078817724,0.497126436781609,29,FALSE,FALSE
"2021",2,"102","Mosonmagyarovari",47.8744063,17.2693897,1,2,2,0,2183,4.78502463054183,8.10128078817724,0.497126436781609,30,FALSE,FALSE
"2021",2,"103","Nagyatadi",46.23001,17.3574429,1,2,2,0,624,4.78502463054183,8.10128078817724,0.497126436781609,31,FALSE,FALSE
"2021",2,"104","Nagykalloi",47.875519,21.8460521,1,2,2,0,853,4.78502463054183,8.10128078817724,0.497126436781609,32,FALSE,FALSE
"2021",2,"105","Nagykanizsai",46.455237,16.9953419,1,2,2,0,2245,4.78502463054183,8.10128078817724,0.497126436781609,33,FALSE,FALSE
"2021",2,"106","Nagykatai",47.4181175,19.7422453,1,2,2,0,1940,4.78502463054183,8.10128078817724,0.497126436781609,34,FALSE,FALSE
"2021",2,"107","Nyirbatori",47.835414,22.130289,1,2,2,0,858,4.78502463054183,8.10128078817724,0.497126436781609,35,FALSE,FALSE
"2021",2,"108","Nyiregyhazai",47.9532583,21.7264647,1,2,2,2553,0,4.78502463054183,8.10128078817724,0.497126436781609,11,TRUE,TRUE
"2021",2,"109","Oroshazai",46.5615338,20.6619204,1,2,2,0,0,4.78502463054183,8.10128078817724,0.497126436781609,13,TRUE,TRUE
"2021",2,"110","Oroszlanyi",47.4943329,18.3215448,1,2,2,0,802,4.78502463054183,8.10128078817724,0.497126436781609,37,FALSE,FALSE
"2021",2,"111","Ozdi",48.2195564,20.2869186,1,2,2,0,1163,4.78502463054183,8.10128078817724,0.497126436781609,38,FALSE,FALSE
"2021",2,"112","Oriszentpeteri",46.838954,16.4211574,1,2,2,0,0,4.78502463054183,8.10128078817724,0.497126436781609,39,FALSE,FALSE
"2021",2,"113","Pacsai",46.7226412,17.0096878,1,2,2,0,0,4.78502463054183,8.10128078817724,0.497126436781609,40,FALSE,FALSE
"2021",2,"114","Paksi",46.626368,18.8652409,1,2,2,0,1707,4.78502463054183,8.10128078817724,0.497126436781609,41,FALSE,FALSE
"2021",2,"115","Pannonhalmai",47.55021,17.754228,1,2,2,0,0,4.78502463054183,8.10128078817724,0.497126436781609,42,FALSE,FALSE
"2021",2,"116","Papai",47.3308153,17.4660302,1,2,2,0,1573,4.78502463054183,8.10128078817724,0.497126436781609,43,FALSE,FALSE
"2021",2,"117","Pasztoi",47.919562,19.6978939,1,2,2,0,828,4.78502463054183,8.10128078817724,0.497126436781609,44,FALSE,FALSE
"2021",2,"118","Pecsi",46.0713242,18.2331772,1,2,2,24504,7573,4.78502463054183,8.10128078817724,0.497126436781609,4,TRUE,TRUE
"2021",2,"119","Pecsvaradi",46.158114,18.422176,1,2,2,0,418,4.78502463054183,8.10128078817724,0.497126436781609,45,FALSE,FALSE
"2021",2,"120","Petervasarai",48.017941,20.1019849,1,2,2,0,455,4.78502463054183,8.10128078817724,0.497126436781609,47,FALSE,FALSE
"2021",2,"121","Pilisvorosvari",47.6212089,18.9111742,1,2,2,0,4004,4.78502463054183,8.10128078817724,0.497126436781609,48,FALSE,FALSE
"2021",2,"122","Polgari",47.866362,21.1242449,1,2,2,0,0,4.78502463054183,8.10128078817724,0.497126436781609,49,FALSE,FALSE
"2021",2,"123","Puspokladanyi",47.3176758,21.1165369,1,2,2,0,1106,4.78502463054183,8.10128078817724,0.497126436781609,50,FALSE,FALSE
"2021",2,"124","Rackevei",47.1611023,18.9455669,1,2,2,0,1175,4.78502463054183,8.10128078817724,0.497126436781609,51,FALSE,FALSE
"2021",2,"125","Retsagi",47.9278597,19.1372757,1,2,2,0,746,4.78502463054183,8.10128078817724,0.497126436781609,52,FALSE,FALSE
"2021",2,"126","Salgotarjani",48.0853167,19.7869357,1,2,2,0,1804,4.78502463054183,8.10128078817724,0.497126436781609,53,FALSE,FALSE
"2021",2,"127","Sarbogardi",46.887769,18.6193289,1,2,2,0,642,4.78502463054183,8.10128078817724,0.497126436781609,54,FALSE,FALSE
"2021",2,"128","Sarkadi",46.746283,21.3848669,1,2,2,0,483,4.78502463054183,8.10128078817724,0.497126436781609,55,FALSE,FALSE
"2021",2,"129","Sarospataki",48.318984,21.5663738,1,2,2,23,864,4.78502463054183,8.10128078817724,0.497126436781609,24,FALSE,FALSE
"2021",2,"130","Sarvari",47.2540616,16.9352309,1,2,2,0,958,4.78502463054183,8.10128078817724,0.497126436781609,57,FALSE,FALSE
"2021",2,"131","Sasdi",46.2548488,18.1060595,1,2,2,0,0,4.78502463054183,8.10128078817724,0.497126436781609,58,FALSE,FALSE
"2021",2,"132","Satoraljaujhelyi",48.3941408,21.6559965,1,2,2,0,769,4.78502463054183,8.10128078817724,0.497126436781609,59,FALSE,FALSE
"2021",2,"133","Sellyei",45.8719698,17.8460989,1,2,2,0,242,4.78502463054183,8.10128078817724,0.497126436781609,60,FALSE,FALSE
"2021",2,"134","Siklosi",45.852147,18.2988281,1,2,2,0,810,4.78502463054183,8.10128078817724,0.497126436781609,61,FALSE,FALSE
"2021",2,"135","Siofoki",46.9057439,18.0525018,1,2,2,0,1859,4.78502463054183,8.10128078817724,0.497126436781609,62,FALSE,FALSE
"2021",2,"136","Sopron-Fertodi",47.684898,16.583053,1,2,2,2454,0,4.78502463054183,8.10128078817724,0.497126436781609,10,TRUE,TRUE
"2021",2,"137","Sumegi",46.9775543,17.2819824,1,2,2,0,425,4.78502463054183,8.10128078817724,0.497126436781609,63,FALSE,FALSE
"2021",2,"138","Szarvasi",46.8595081,20.5595884,1,2,2,0,783,4.78502463054183,8.10128078817724,0.497126436781609,21,FALSE,FALSE
"2021",2,"139","Szecsenyi",48.0811488,19.5197217,1,2,2,0,453,4.78502463054183,8.10128078817724,0.497126436781609,64,FALSE,FALSE
"2021",2,"140","Szegedi",46.2536169,20.1461345,1,2,2,23963,8910,4.78502463054183,8.10128078817724,0.497126436781609,3,TRUE,TRUE
"2021",2,"141","Szeghalomi",47.027309,21.166263,1,2,2,0,0,4.78502463054183,8.10128078817724,0.497126436781609,66,FALSE,FALSE
"2021",2,"142","Szekesfehervari",47.1887157,18.4138088,1,2,2,2105,6307,4.78502463054183,8.10128078817724,0.497126436781609,20,TRUE,TRUE
"2021",2,"143","Szekszardi",46.3485623,18.7019205,1,2,2,0,1976,4.78502463054183,8.10128078817724,0.497126436781609,67,FALSE,FALSE
"2021",2,"144","Szentendrei",47.6734712,19.07254,1,2,2,0,5647,4.78502463054183,8.10128078817724,0.497126436781609,68,FALSE,FALSE
"2021",2,"145","Szentesi",46.65192,20.2571842,1,2,2,0,1105,4.78502463054183,8.10128078817724,0.497126436781609,69,FALSE,FALSE
"2021",2,"146","Szentgotthardi",46.9527524,16.2737218,1,2,2,0,336,4.78502463054183,8.10128078817724,0.497126436781609,70,FALSE,FALSE
"2021",2,"147","Szentlorinci",46.040211,17.989775,1,2,2,0,305,4.78502463054183,8.10128078817724,0.497126436781609,71,FALSE,FALSE
"2021",2,"148","Szerencsi",48.162418,21.205206,1,2,2,0,1043,4.78502463054183,8.10128078817724,0.497126436781609,72,FALSE,FALSE
"2021",2,"149","Szigetvari",46.0482577,17.8123125,1,2,2,0,554,4.78502463054183,8.10128078817724,0.497126436781609,73,FALSE,FALSE
"2021",2,"150","Szikszoi",48.1949949,20.9294318,1,2,2,0,351,4.78502463054183,8.10128078817724,0.497126436781609,75,FALSE,FALSE
"2021",2,"151","Szobi",47.818012,18.8667731,1,2,2,0,959,4.78502463054183,8.10128078817724,0.497126436781609,76,FALSE,FALSE
"2021",2,"152","Szolnoki",47.174662,20.17628,1,2,2,0,4579,4.78502463054183,8.10128078817724,0.497126436781609,15,TRUE,TRUE
"2021",2,"153","Szombathelyi",47.23514,16.6219178,1,2,2,0,4055,4.78502463054183,8.10128078817724,0.497126436781609,23,FALSE,FALSE
"2021",2,"154","Tabi",46.729486,18.0329558,1,2,2,0,187,4.78502463054183,8.10128078817724,0.497126436781609,77,FALSE,FALSE
"2021",2,"155","Tamasi",46.6295947,18.2846991,1,2,2,0,822,4.78502463054183,8.10128078817724,0.497126436781609,78,FALSE,FALSE
"2021",2,"156","Tapolcai",46.88289,17.4413581,1,2,2,0,1057,4.78502463054183,8.10128078817724,0.497126436781609,79,FALSE,FALSE
"2021",2,"157","Tatabanyai",47.5861869,18.3947662,1,2,2,680,2852,4.78502463054183,8.10128078817724,0.497126436781609,16,TRUE,TRUE
"2021",2,"158","Tatai",47.655255,18.3285248,1,2,2,0,1697,4.78502463054183,8.10128078817724,0.497126436781609,80,FALSE,FALSE
"2021",2,"159","Teti",47.515979,17.5168418,1,2,2,0,373,4.78502463054183,8.10128078817724,0.497126436781609,81,FALSE,FALSE
"2021",2,"160","Tiszafuredi",47.615345,20.7617821,1,2,2,0,564,4.78502463054183,8.10128078817724,0.497126436781609,83,FALSE,FALSE
"2021",2,"161","Tiszaujvarosi",47.92291,21.052195,1,2,2,0,1025,4.78502463054183,8.10128078817724,0.497126436781609,84,FALSE,FALSE
"2021",2,"162","Tiszavasvari",47.9511368,21.3687867,1,2,2,0,641,4.78502463054183,8.10128078817724,0.497126436781609,85,FALSE,FALSE
"2021",2,"163","Tokaji",48.119994,21.412563,1,2,2,0,375,4.78502463054183,8.10128078817724,0.497126436781609,86,FALSE,FALSE
"2021",2,"164","Torokszentmiklosi",47.180736,20.4182932,1,2,2,0,989,4.78502463054183,8.10128078817724,0.497126436781609,87,FALSE,FALSE
"2021",2,"165","Vaci",47.7754454,19.1377076,1,2,2,1032,3181,4.78502463054183,8.10128078817724,0.497126436781609,17,TRUE,TRUE
"2021",2,"166","Varpalotai",47.1973949,18.1396572,1,2,2,0,996,4.78502463054183,8.10128078817724,0.497126436781609,88,FALSE,FALSE
"2021",2,"167","Vasarosnamenyi",48.126772,22.318366,1,2,2,0,1048,4.78502463054183,8.10128078817724,0.497126436781609,89,FALSE,FALSE
"2021",2,"168","Vasvari",47.051087,16.7985158,1,2,2,0,239,4.78502463054183,8.10128078817724,0.497126436781609,90,FALSE,FALSE
"2021",2,"169","Veresegyhazi",47.65714,19.284962,1,2,2,0,0,4.78502463054183,8.10128078817724,0.497126436781609,91,FALSE,FALSE
"2021",2,"170","Veszpremi",47.092967,17.913785,1,2,2,6920,3216,4.78502463054183,8.10128078817724,0.497126436781609,9,TRUE,TRUE
"2021",2,"171","Zahonyi",48.406999,22.1745391,1,2,2,0,523,4.78502463054183,8.10128078817724,0.497126436781609,93,FALSE,FALSE
"2021",2,"172","Zalaegerszegi",46.845412,16.8472302,1,2,2,0,3485,4.78502463054183,8.10128078817724,0.497126436781609,94,FALSE,FALSE
"2021",2,"173","Zalakarosi",46.5605989,17.1230251,1,2,2,0,0,4.78502463054183,8.10128078817724,0.497126436781609,95,FALSE,FALSE
"2021",2,"174","Zalaszentgroti",46.947143,17.0790458,1,2,2,0,331,4.78502463054183,8.10128078817724,0.497126436781609,96,FALSE,FALSE
"2021",2,"175","Zirci",47.2630578,17.8725401,1,2,2,0,513,4.78502463054183,8.10128078817724,0.497126436781609,97,FALSE,FALSE
"2021",4,"1","Abai",47.028736,18.517633,1,3,4,0,0,0.594285714285698,0,0.839080459770115,26,FALSE,FALSE
"2021",4,"2","Abauj-Hegykozi",48.471017,21.2741752,1,3,4,0,0,0.594285714285698,0,0.839080459770115,100,FALSE,FALSE
"2021",4,"3","Adonyi",47.119574,18.8652611,1,3,4,0,0,0.594285714285698,0,0.839080459770115,109,FALSE,FALSE
"2021",4,"4","Ajkai",47.1068802,17.563957,4,4,3,0,1090,0.0198925886143875,7.10831364124597,0.379310344827586,118,FALSE,FALSE
"2021",4,"5","Aszodi",47.6523763,19.4759463,4,4,3,0,1496,0.0198925886143875,7.10831364124597,0.379310344827586,127,FALSE,FALSE
"2021",4,"6","Bacsalmasi",46.123955,19.32633,4,4,3,0,332,0.0198925886143875,7.10831364124597,0.379310344827586,136,FALSE,FALSE
"2021",4,"7","Bajai",46.1834182,18.9538158,4,4,3,440,1983,0.0198925886143875,7.10831364124597,0.379310344827586,19,TRUE,TRUE
"2021",4,"8","Baktaloranthazai",47.997697,22.0766029,4,4,3,0,522,0.0198925886143875,7.10831364124597,0.379310344827586,155,FALSE,FALSE
"2021",4,"9","Balassagyarmati",48.078798,19.2938953,4,4,3,0,1124,0.0198925886143875,7.10831364124597,0.379310344827586,166,FALSE,FALSE
"2021",4,"10","Balatonalmadi",47.0286976,18.0148627,4,4,3,0,1041,0.0198925886143875,7.10831364124597,0.379310344827586,27,FALSE,FALSE
"2021",4,"11","Balatonfoldvari",46.8497238,17.8794039,1,3,4,0,0,0.594285714285698,0,0.839080459770115,36,FALSE,FALSE
"2021",4,"12","Balatonfuredi",46.9564612,17.8889631,4,4,3,0,1009,0.0198925886143875,7.10831364124597,0.379310344827586,46,FALSE,FALSE
"2021",4,"13","Balmazujvarosi",47.612435,21.343577,4,4,3,0,850,0.0198925886143875,7.10831364124597,0.379310344827586,56,FALSE,FALSE
"2021",4,"14","Barcsi",45.959228,17.4666786,4,4,3,0,503,0.0198925886143875,7.10831364124597,0.379310344827586,65,FALSE,FALSE
"2021",4,"15","Batonyterenyei",47.989222,19.828845,4,4,3,0,370,0.0198925886143875,7.10831364124597,0.379310344827586,74,FALSE,FALSE
"2021",4,"16","Bekescsabai",46.6841987,21.0867872,4,4,3,0,2740,0.0198925886143875,7.10831364124597,0.379310344827586,82,FALSE,FALSE
"2021",4,"17","Bekesi",46.6704899,21.0434996,4,4,3,0,1060,0.0198925886143875,7.10831364124597,0.379310344827586,92,FALSE,FALSE
"2021",4,"18","Belapatfalvai",48.052725,20.348591,4,4,3,0,219,0.0198925886143875,7.10831364124597,0.379310344827586,98,FALSE,FALSE
"2021",4,"19","Berettyoujfalui",47.233892,21.5340216,4,4,3,0,1057,0.0198925886143875,7.10831364124597,0.379310344827586,99,FALSE,FALSE
"2021",4,"20","Bicskei",47.490759,18.6362719,4,4,3,0,1300,0.0198925886143875,7.10831364124597,0.379310344827586,101,FALSE,FALSE
"2021",4,"21","Bodrogkozi",48.263291,21.8918689,1,3,4,0,0,0.594285714285698,0,0.839080459770115,102,FALSE,FALSE
"2021",4,"22","Bonyhadi",46.2986759,18.5305778,4,4,3,0,862,0.0198925886143875,7.10831364124597,0.379310344827586,103,FALSE,FALSE
"2021",4,"23","Budaorsi",47.460753,18.9581146,1,3,4,255,0,0.594285714285698,0,0.839080459770115,22,FALSE,FALSE
"2021",4,"24","Budapesti",47.4984056,19.0407578,2,1,1,185288,84308,1058.78857142857,481.759999999999,1,1,TRUE,FALSE
"2021",4,"25","Cegledi",47.1772081,19.7980311,4,4,3,0,3339,0.0198925886143875,7.10831364124597,0.379310344827586,104,FALSE,FALSE
"2021",4,"26","Celldomolki",47.257515,17.1526399,4,4,3,0,678,0.0198925886143875,7.10831364124597,0.379310344827586,105,FALSE,FALSE
"2021",4,"27","Csengeri",47.8350105,22.6822754,4,4,3,0,323,0.0198925886143875,7.10831364124597,0.379310344827586,106,FALSE,FALSE
"2021",4,"28","Csepregi",47.401546,16.7081249,1,3,4,0,0,0.594285714285698,0,0.839080459770115,107,FALSE,FALSE
"2021",4,"29","Csongradi",46.710833,20.144575,4,4,3,0,599,0.0198925886143875,7.10831364124597,0.379310344827586,108,FALSE,FALSE
"2021",4,"30","Csornai",47.601529,17.249978,4,4,3,0,808,0.0198925886143875,7.10831364124597,0.379310344827586,110,FALSE,FALSE
"2021",4,"31","Csurgoi",46.260776,17.095325,4,4,3,0,431,0.0198925886143875,7.10831364124597,0.379310344827586,111,FALSE,FALSE
"2021",4,"32","Dabasi",47.192283,19.330853,4,4,3,0,1589,0.0198925886143875,7.10831364124597,0.379310344827586,112,FALSE,FALSE
"2021",4,"33","Debreceni",47.5299739,21.6393571,3,2,2,27654,10238,58.1359183673471,33.1583673469389,0.956896551724138,2,TRUE,TRUE
"2021",4,"34","Derecske-Letavertesi",47.3824608,21.891967,1,3,4,0,0,0.594285714285698,0,0.839080459770115,113,FALSE,FALSE
"2021",4,"35","Devecseri",47.106397,17.437279,4,4,3,0,305,0.0198925886143875,7.10831364124597,0.379310344827586,114,FALSE,FALSE
"2021",4,"36","Dombovari",46.383295,18.131089,4,4,3,0,824,0.0198925886143875,7.10831364124597,0.379310344827586,115,FALSE,FALSE
"2021",4,"37","Dorogi",47.7197439,18.7287817,1,3,4,0,0,0.594285714285698,0,0.839080459770115,116,FALSE,FALSE
"2021",4,"38","Dunakeszi",47.6297228,19.1380528,4,4,3,0,5196,0.0198925886143875,7.10831364124597,0.379310344827586,117,FALSE,FALSE
"2021",4,"39","Dunaujvarosi",46.980668,18.9127069,3,2,2,2030,2901,58.1359183673471,33.1583673469389,0.956896551724138,18,TRUE,TRUE
"2021",4,"40","Edelenyi",48.2966608,20.7442671,4,4,3,0,693,0.0198925886143875,7.10831364124597,0.379310344827586,119,FALSE,FALSE
"2021",4,"41","Egri",47.9031987,20.3731077,3,2,2,8905,4148,58.1359183673471,33.1583673469389,0.956896551724138,8,TRUE,TRUE
"2021",4,"42","Encsi",48.330768,21.1219603,4,4,3,0,494,0.0198925886143875,7.10831364124597,0.379310344827586,120,FALSE,FALSE
"2021",4,"43","Enyingi",46.9296,18.242978,4,4,3,0,388,0.0198925886143875,7.10831364124597,0.379310344827586,121,FALSE,FALSE
"2021",4,"44","Ercsi",47.24966,18.891059,1,3,4,0,0,0.594285714285698,0,0.839080459770115,122,FALSE,FALSE
"2021",4,"45","Erdi",47.3783095,18.9217973,4,4,3,0,7149,0.0198925886143875,7.10831364124597,0.379310344827586,123,FALSE,FALSE
"2021",4,"46","Esztergomi",47.793308,18.7419333,4,4,3,0,3332,0.0198925886143875,7.10831364124597,0.379310344827586,25,FALSE,FALSE
"2021",4,"47","Fehergyarmati",47.985063,22.517104,4,4,3,0,978,0.0198925886143875,7.10831364124597,0.379310344827586,124,FALSE,FALSE
"2021",4,"48","Fonyodi",46.749197,17.5558792,4,4,3,0,930,0.0198925886143875,7.10831364124597,0.379310344827586,125,FALSE,FALSE
"2021",4,"49","Fuzesabonyi",47.750888,20.409611,4,4,3,0,766,0.0198925886143875,7.10831364124597,0.379310344827586,126,FALSE,FALSE
"2021",4,"50","Gardonyi",47.1973503,18.6091412,4,4,3,0,1361,0.0198925886143875,7.10831364124597,0.379310344827586,128,FALSE,FALSE
"2021",4,"51","Godolloi",47.5975105,19.3480017,3,2,2,15942,8522,58.1359183673471,33.1583673469389,0.956896551724138,5,TRUE,TRUE
"2021",4,"52","Gyali",47.3808958,19.215712,4,4,3,0,1502,0.0198925886143875,7.10831364124597,0.379310344827586,129,FALSE,FALSE
"2021",4,"53","Gyongyosi",47.775028,19.9280689,4,4,3,0,2680,0.0198925886143875,7.10831364124597,0.379310344827586,130,FALSE,FALSE
"2021",4,"54","Gyori",47.684051,17.6351011,3,2,2,13703,7798,58.1359183673471,33.1583673469389,0.956896551724138,6,TRUE,TRUE
"2021",4,"55","Gyulai",46.642498,21.268809,4,4,3,0,1450,0.0198925886143875,7.10831364124597,0.379310344827586,131,FALSE,FALSE
"2021",4,"56","Hajduboszormenyi",47.673238,21.5076172,4,4,3,0,1477,0.0198925886143875,7.10831364124597,0.379310344827586,132,FALSE,FALSE
"2021",4,"57","Hajduhadhazi",47.68197,21.6685631,4,4,3,0,598,0.0198925886143875,7.10831364124597,0.379310344827586,133,FALSE,FALSE
"2021",4,"58","Hajduszoboszloi",47.443667,21.389719,4,4,3,0,1548,0.0198925886143875,7.10831364124597,0.379310344827586,134,FALSE,FALSE
"2021",4,"59","Hatvani",47.668122,19.669901,4,4,3,0,1778,0.0198925886143875,7.10831364124597,0.379310344827586,135,FALSE,FALSE
"2021",4,"60","Hevesi",47.5945238,20.2882213,4,4,3,0,722,0.0198925886143875,7.10831364124597,0.379310344827586,137,FALSE,FALSE
"2021",4,"61","Hevizi",46.7905869,17.1843866,1,3,4,0,0,0.594285714285698,0,0.839080459770115,138,FALSE,FALSE
"2021",4,"62","Hodmezovasarhelyi",46.430411,20.3188298,4,4,3,0,1830,0.0198925886143875,7.10831364124597,0.379310344827586,139,FALSE,FALSE
"2021",4,"63","Ibrany-Nagyhalaszi",48.134908,21.7187528,1,3,4,0,0,0.594285714285698,0,0.839080459770115,140,FALSE,FALSE
"2021",4,"64","Janoshalmai",46.2967401,19.3228798,4,4,3,0,348,0.0198925886143875,7.10831364124597,0.379310344827586,141,FALSE,FALSE
"2021",4,"65","Jaszberenyi",47.5006181,19.9147188,4,4,3,0,1985,0.0198925886143875,7.10831364124597,0.379310344827586,142,FALSE,FALSE
"2021",4,"66","Kadarkuti",46.2311466,17.6157102,1,3,4,0,0,0.594285714285698,0,0.839080459770115,143,FALSE,FALSE
"2021",4,"67","Kalocsai",46.5334145,18.9856969,4,4,3,0,1459,0.0198925886143875,7.10831364124597,0.379310344827586,144,FALSE,FALSE
"2021",4,"68","Kaposvari",46.36653,17.782483,4,4,3,0,3821,0.0198925886143875,7.10831364124597,0.379310344827586,12,TRUE,TRUE
"2021",4,"69","Kapuvar-Beledi",47.5935568,17.0249715,1,3,4,0,0,0.594285714285698,0,0.839080459770115,145,FALSE,FALSE
"2021",4,"70","Karcagi",47.316632,20.9220631,4,4,3,0,1031,0.0198925886143875,7.10831364124597,0.379310344827586,146,FALSE,FALSE
"2021",4,"71","Kazincbarcikai",48.25317,20.6456512,4,4,3,0,1904,0.0198925886143875,7.10831364124597,0.379310344827586,147,FALSE,FALSE
"2021",4,"72","Kecskemeti",46.9062092,19.6899774,3,2,2,3335,6608,58.1359183673471,33.1583673469389,0.956896551724138,14,TRUE,TRUE
"2021",4,"73","Keszthelyi",46.7695893,17.2481444,4,4,3,0,1656,0.0198925886143875,7.10831364124597,0.379310344827586,148,FALSE,FALSE
"2021",4,"74","Kisberi",47.501673,18.0269161,4,4,3,0,456,0.0198925886143875,7.10831364124597,0.379310344827586,149,FALSE,FALSE
"2021",4,"75","Kiskorosi",46.620386,19.283827,4,4,3,0,1368,0.0198925886143875,7.10831364124597,0.379310344827586,150,FALSE,FALSE
"2021",4,"76","Kiskunfelegyhazai",46.7050953,19.8499199,1,3,4,0,0,0.594285714285698,0,0.839080459770115,151,FALSE,FALSE
"2021",4,"77","Kiskunhalasi",46.432037,19.4885269,4,4,3,0,1379,0.0198925886143875,7.10831364124597,0.379310344827586,152,FALSE,FALSE
"2021",4,"78","Kiskunmajsai",46.492344,19.7368448,4,4,3,0,462,0.0198925886143875,7.10831364124597,0.379310344827586,153,FALSE,FALSE
"2021",4,"79","Kisteleki",46.4696447,19.9803972,4,4,3,0,468,0.0198925886143875,7.10831364124597,0.379310344827586,154,FALSE,FALSE
"2021",4,"80","Kisvardai",48.2264002,22.0846211,4,4,3,0,2019,0.0198925886143875,7.10831364124597,0.379310344827586,156,FALSE,FALSE
"2021",4,"81","Komaromi",47.7434248,18.1191064,4,4,3,0,1315,0.0198925886143875,7.10831364124597,0.379310344827586,157,FALSE,FALSE
"2021",4,"82","Komloi",47.600636,20.445412,4,4,3,0,670,0.0198925886143875,7.10831364124597,0.379310344827586,158,FALSE,FALSE
"2021",4,"83","Kormendi",47.011113,16.6057156,4,4,3,0,638,0.0198925886143875,7.10831364124597,0.379310344827586,159,FALSE,FALSE
"2021",4,"84","Koszegi",47.381935,16.552229,4,4,3,0,735,0.0198925886143875,7.10831364124597,0.379310344827586,160,FALSE,FALSE
"2021",4,"85","Kunszentmartoni",46.841082,20.287233,4,4,3,0,780,0.0198925886143875,7.10831364124597,0.379310344827586,161,FALSE,FALSE
"2021",4,"86","Kunszentmiklosi",47.026444,19.1227831,4,4,3,0,750,0.0198925886143875,7.10831364124597,0.379310344827586,162,FALSE,FALSE
"2021",4,"87","Lengyeltoti",46.667049,17.6407711,1,3,4,0,0,0.594285714285698,0,0.839080459770115,163,FALSE,FALSE
"2021",4,"88","Lenti",46.623785,16.546001,4,4,3,0,448,0.0198925886143875,7.10831364124597,0.379310344827586,164,FALSE,FALSE
"2021",4,"89","Letenyei",46.4337456,16.7221882,4,4,3,0,348,0.0198925886143875,7.10831364124597,0.379310344827586,165,FALSE,FALSE
"2021",4,"90","Makoi",46.21498,20.47513,4,4,3,0,1140,0.0198925886143875,7.10831364124597,0.379310344827586,167,FALSE,FALSE
"2021",4,"91","Marcali",46.582815,17.4119018,4,4,3,0,825,0.0198925886143875,7.10831364124597,0.379310344827586,168,FALSE,FALSE
"2021",4,"92","Mateszalkai",47.943265,22.316904,4,4,3,0,1653,0.0198925886143875,7.10831364124597,0.379310344827586,169,FALSE,FALSE
"2021",4,"93","Mezocsati",47.823541,20.9028038,4,4,3,0,339,0.0198925886143875,7.10831364124597,0.379310344827586,170,FALSE,FALSE
"2021",4,"94","Mezokovacshazai",46.4071834,20.9241681,4,4,3,0,790,0.0198925886143875,7.10831364124597,0.379310344827586,171,FALSE,FALSE
"2021",4,"95","Mezokovesdi",47.8068796,20.5650907,4,4,3,0,1391,0.0198925886143875,7.10831364124597,0.379310344827586,172,FALSE,FALSE
"2021",4,"96","Mezoturi",47.00278,20.618465,4,4,3,0,794,0.0198925886143875,7.10831364124597,0.379310344827586,173,FALSE,FALSE
"2021",4,"97","Miskolci",48.1043854,20.7913563,3,2,2,9206,8984,58.1359183673471,33.1583673469389,0.956896551724138,7,TRUE,TRUE
"2021",4,"98","Mohacsi",45.9959241,18.6798279,4,4,3,0,943,0.0198925886143875,7.10831364124597,0.379310344827586,174,FALSE,FALSE
"2021",4,"99","Monori",47.34754,19.448946,4,4,3,0,2447,0.0198925886143875,7.10831364124597,0.379310344827586,175,FALSE,FALSE
"2021",4,"100","Morahalomi",46.217922,19.883719,1,3,4,0,0,0.594285714285698,0,0.839080459770115,28,FALSE,FALSE
"2021",4,"101","Mori",47.3717781,18.2085973,4,4,3,0,1211,0.0198925886143875,7.10831364124597,0.379310344827586,29,FALSE,FALSE
"2021",4,"102","Mosonmagyarovari",47.8744063,17.2693897,4,4,3,0,2183,0.0198925886143875,7.10831364124597,0.379310344827586,30,FALSE,FALSE
"2021",4,"103","Nagyatadi",46.23001,17.3574429,4,4,3,0,624,0.0198925886143875,7.10831364124597,0.379310344827586,31,FALSE,FALSE
"2021",4,"104","Nagykalloi",47.875519,21.8460521,4,4,3,0,853,0.0198925886143875,7.10831364124597,0.379310344827586,32,FALSE,FALSE
"2021",4,"105","Nagykanizsai",46.455237,16.9953419,4,4,3,0,2245,0.0198925886143875,7.10831364124597,0.379310344827586,33,FALSE,FALSE
"2021",4,"106","Nagykatai",47.4181175,19.7422453,4,4,3,0,1940,0.0198925886143875,7.10831364124597,0.379310344827586,34,FALSE,FALSE
"2021",4,"107","Nyirbatori",47.835414,22.130289,4,4,3,0,858,0.0198925886143875,7.10831364124597,0.379310344827586,35,FALSE,FALSE
"2021",4,"108","Nyiregyhazai",47.9532583,21.7264647,1,3,4,2553,0,0.594285714285698,0,0.839080459770115,11,TRUE,TRUE
"2021",4,"109","Oroshazai",46.5615338,20.6619204,1,3,4,0,0,0.594285714285698,0,0.839080459770115,13,TRUE,TRUE
"2021",4,"110","Oroszlanyi",47.4943329,18.3215448,4,4,3,0,802,0.0198925886143875,7.10831364124597,0.379310344827586,37,FALSE,FALSE
"2021",4,"111","Ozdi",48.2195564,20.2869186,4,4,3,0,1163,0.0198925886143875,7.10831364124597,0.379310344827586,38,FALSE,FALSE
"2021",4,"112","Oriszentpeteri",46.838954,16.4211574,1,3,4,0,0,0.594285714285698,0,0.839080459770115,39,FALSE,FALSE
"2021",4,"113","Pacsai",46.7226412,17.0096878,1,3,4,0,0,0.594285714285698,0,0.839080459770115,40,FALSE,FALSE
"2021",4,"114","Paksi",46.626368,18.8652409,4,4,3,0,1707,0.0198925886143875,7.10831364124597,0.379310344827586,41,FALSE,FALSE
"2021",4,"115","Pannonhalmai",47.55021,17.754228,1,3,4,0,0,0.594285714285698,0,0.839080459770115,42,FALSE,FALSE
"2021",4,"116","Papai",47.3308153,17.4660302,4,4,3,0,1573,0.0198925886143875,7.10831364124597,0.379310344827586,43,FALSE,FALSE
"2021",4,"117","Pasztoi",47.919562,19.6978939,4,4,3,0,828,0.0198925886143875,7.10831364124597,0.379310344827586,44,FALSE,FALSE
"2021",4,"118","Pecsi",46.0713242,18.2331772,3,2,2,24504,7573,58.1359183673471,33.1583673469389,0.956896551724138,4,TRUE,TRUE
"2021",4,"119","Pecsvaradi",46.158114,18.422176,4,4,3,0,418,0.0198925886143875,7.10831364124597,0.379310344827586,45,FALSE,FALSE
"2021",4,"120","Petervasarai",48.017941,20.1019849,4,4,3,0,455,0.0198925886143875,7.10831364124597,0.379310344827586,47,FALSE,FALSE
"2021",4,"121","Pilisvorosvari",47.6212089,18.9111742,4,4,3,0,4004,0.0198925886143875,7.10831364124597,0.379310344827586,48,FALSE,FALSE
"2021",4,"122","Polgari",47.866362,21.1242449,1,3,4,0,0,0.594285714285698,0,0.839080459770115,49,FALSE,FALSE
"2021",4,"123","Puspokladanyi",47.3176758,21.1165369,4,4,3,0,1106,0.0198925886143875,7.10831364124597,0.379310344827586,50,FALSE,FALSE
"2021",4,"124","Rackevei",47.1611023,18.9455669,4,4,3,0,1175,0.0198925886143875,7.10831364124597,0.379310344827586,51,FALSE,FALSE
"2021",4,"125","Retsagi",47.9278597,19.1372757,4,4,3,0,746,0.0198925886143875,7.10831364124597,0.379310344827586,52,FALSE,FALSE
"2021",4,"126","Salgotarjani",48.0853167,19.7869357,4,4,3,0,1804,0.0198925886143875,7.10831364124597,0.379310344827586,53,FALSE,FALSE
"2021",4,"127","Sarbogardi",46.887769,18.6193289,4,4,3,0,642,0.0198925886143875,7.10831364124597,0.379310344827586,54,FALSE,FALSE
"2021",4,"128","Sarkadi",46.746283,21.3848669,4,4,3,0,483,0.0198925886143875,7.10831364124597,0.379310344827586,55,FALSE,FALSE
"2021",4,"129","Sarospataki",48.318984,21.5663738,4,4,3,23,864,0.0198925886143875,7.10831364124597,0.379310344827586,24,FALSE,FALSE
"2021",4,"130","Sarvari",47.2540616,16.9352309,4,4,3,0,958,0.0198925886143875,7.10831364124597,0.379310344827586,57,FALSE,FALSE
"2021",4,"131","Sasdi",46.2548488,18.1060595,1,3,4,0,0,0.594285714285698,0,0.839080459770115,58,FALSE,FALSE
"2021",4,"132","Satoraljaujhelyi",48.3941408,21.6559965,4,4,3,0,769,0.0198925886143875,7.10831364124597,0.379310344827586,59,FALSE,FALSE
"2021",4,"133","Sellyei",45.8719698,17.8460989,4,4,3,0,242,0.0198925886143875,7.10831364124597,0.379310344827586,60,FALSE,FALSE
"2021",4,"134","Siklosi",45.852147,18.2988281,4,4,3,0,810,0.0198925886143875,7.10831364124597,0.379310344827586,61,FALSE,FALSE
"2021",4,"135","Siofoki",46.9057439,18.0525018,4,4,3,0,1859,0.0198925886143875,7.10831364124597,0.379310344827586,62,FALSE,FALSE
"2021",4,"136","Sopron-Fertodi",47.684898,16.583053,3,2,2,2454,0,58.1359183673471,33.1583673469389,0.956896551724138,10,TRUE,TRUE
"2021",4,"137","Sumegi",46.9775543,17.2819824,4,4,3,0,425,0.0198925886143875,7.10831364124597,0.379310344827586,63,FALSE,FALSE
"2021",4,"138","Szarvasi",46.8595081,20.5595884,4,4,3,0,783,0.0198925886143875,7.10831364124597,0.379310344827586,21,FALSE,FALSE
"2021",4,"139","Szecsenyi",48.0811488,19.5197217,4,4,3,0,453,0.0198925886143875,7.10831364124597,0.379310344827586,64,FALSE,FALSE
"2021",4,"140","Szegedi",46.2536169,20.1461345,3,2,2,23963,8910,58.1359183673471,33.1583673469389,0.956896551724138,3,TRUE,TRUE
"2021",4,"141","Szeghalomi",47.027309,21.166263,1,3,4,0,0,0.594285714285698,0,0.839080459770115,66,FALSE,FALSE
"2021",4,"142","Szekesfehervari",47.1887157,18.4138088,3,2,2,2105,6307,58.1359183673471,33.1583673469389,0.956896551724138,20,TRUE,TRUE
"2021",4,"143","Szekszardi",46.3485623,18.7019205,4,4,3,0,1976,0.0198925886143875,7.10831364124597,0.379310344827586,67,FALSE,FALSE
"2021",4,"144","Szentendrei",47.6734712,19.07254,4,4,3,0,5647,0.0198925886143875,7.10831364124597,0.379310344827586,68,FALSE,FALSE
"2021",4,"145","Szentesi",46.65192,20.2571842,4,4,3,0,1105,0.0198925886143875,7.10831364124597,0.379310344827586,69,FALSE,FALSE
"2021",4,"146","Szentgotthardi",46.9527524,16.2737218,4,4,3,0,336,0.0198925886143875,7.10831364124597,0.379310344827586,70,FALSE,FALSE
"2021",4,"147","Szentlorinci",46.040211,17.989775,4,4,3,0,305,0.0198925886143875,7.10831364124597,0.379310344827586,71,FALSE,FALSE
"2021",4,"148","Szerencsi",48.162418,21.205206,4,4,3,0,1043,0.0198925886143875,7.10831364124597,0.379310344827586,72,FALSE,FALSE
"2021",4,"149","Szigetvari",46.0482577,17.8123125,4,4,3,0,554,0.0198925886143875,7.10831364124597,0.379310344827586,73,FALSE,FALSE
"2021",4,"150","Szikszoi",48.1949949,20.9294318,4,4,3,0,351,0.0198925886143875,7.10831364124597,0.379310344827586,75,FALSE,FALSE
"2021",4,"151","Szobi",47.818012,18.8667731,4,4,3,0,959,0.0198925886143875,7.10831364124597,0.379310344827586,76,FALSE,FALSE
"2021",4,"152","Szolnoki",47.174662,20.17628,4,4,3,0,4579,0.0198925886143875,7.10831364124597,0.379310344827586,15,TRUE,TRUE
"2021",4,"153","Szombathelyi",47.23514,16.6219178,4,4,3,0,4055,0.0198925886143875,7.10831364124597,0.379310344827586,23,FALSE,FALSE
"2021",4,"154","Tabi",46.729486,18.0329558,4,4,3,0,187,0.0198925886143875,7.10831364124597,0.379310344827586,77,FALSE,FALSE
"2021",4,"155","Tamasi",46.6295947,18.2846991,4,4,3,0,822,0.0198925886143875,7.10831364124597,0.379310344827586,78,FALSE,FALSE
"2021",4,"156","Tapolcai",46.88289,17.4413581,4,4,3,0,1057,0.0198925886143875,7.10831364124597,0.379310344827586,79,FALSE,FALSE
"2021",4,"157","Tatabanyai",47.5861869,18.3947662,3,2,2,680,2852,58.1359183673471,33.1583673469389,0.956896551724138,16,TRUE,TRUE
"2021",4,"158","Tatai",47.655255,18.3285248,4,4,3,0,1697,0.0198925886143875,7.10831364124597,0.379310344827586,80,FALSE,FALSE
"2021",4,"159","Teti",47.515979,17.5168418,4,4,3,0,373,0.0198925886143875,7.10831364124597,0.379310344827586,81,FALSE,FALSE
"2021",4,"160","Tiszafuredi",47.615345,20.7617821,4,4,3,0,564,0.0198925886143875,7.10831364124597,0.379310344827586,83,FALSE,FALSE
"2021",4,"161","Tiszaujvarosi",47.92291,21.052195,4,4,3,0,1025,0.0198925886143875,7.10831364124597,0.379310344827586,84,FALSE,FALSE
"2021",4,"162","Tiszavasvari",47.9511368,21.3687867,4,4,3,0,641,0.0198925886143875,7.10831364124597,0.379310344827586,85,FALSE,FALSE
"2021",4,"163","Tokaji",48.119994,21.412563,4,4,3,0,375,0.0198925886143875,7.10831364124597,0.379310344827586,86,FALSE,FALSE
"2021",4,"164","Torokszentmiklosi",47.180736,20.4182932,4,4,3,0,989,0.0198925886143875,7.10831364124597,0.379310344827586,87,FALSE,FALSE
"2021",4,"165","Vaci",47.7754454,19.1377076,3,2,2,1032,3181,58.1359183673471,33.1583673469389,0.956896551724138,17,TRUE,TRUE
"2021",4,"166","Varpalotai",47.1973949,18.1396572,4,4,3,0,996,0.0198925886143875,7.10831364124597,0.379310344827586,88,FALSE,FALSE
"2021",4,"167","Vasarosnamenyi",48.126772,22.318366,4,4,3,0,1048,0.0198925886143875,7.10831364124597,0.379310344827586,89,FALSE,FALSE
"2021",4,"168","Vasvari",47.051087,16.7985158,4,4,3,0,239,0.0198925886143875,7.10831364124597,0.379310344827586,90,FALSE,FALSE
"2021",4,"169","Veresegyhazi",47.65714,19.284962,1,3,4,0,0,0.594285714285698,0,0.839080459770115,91,FALSE,FALSE
"2021",4,"170","Veszpremi",47.092967,17.913785,3,2,2,6920,3216,58.1359183673471,33.1583673469389,0.956896551724138,9,TRUE,TRUE
"2021",4,"171","Zahonyi",48.406999,22.1745391,4,4,3,0,523,0.0198925886143875,7.10831364124597,0.379310344827586,93,FALSE,FALSE
"2021",4,"172","Zalaegerszegi",46.845412,16.8472302,4,4,3,0,3485,0.0198925886143875,7.10831364124597,0.379310344827586,94,FALSE,FALSE
"2021",4,"173","Zalakarosi",46.5605989,17.1230251,1,3,4,0,0,0.594285714285698,0,0.839080459770115,95,FALSE,FALSE
"2021",4,"174","Zalaszentgroti",46.947143,17.0790458,4,4,3,0,331,0.0198925886143875,7.10831364124597,0.379310344827586,96,FALSE,FALSE
"2021",4,"175","Zirci",47.2630578,17.8725401,4,4,3,0,513,0.0198925886143875,7.10831364124597,0.379310344827586,97,FALSE,FALSE
"2021",8,"1","Abai",47.028736,18.517633,1,6,7,0,0,0,0,0.32183908045977,26,FALSE,FALSE
"2021",8,"2","Abauj-Hegykozi",48.471017,21.2741752,1,6,7,0,0,0,0,0.32183908045977,100,FALSE,FALSE
"2021",8,"3","Adonyi",47.119574,18.8652611,1,6,7,0,0,0,0,0.32183908045977,109,FALSE,FALSE
"2021",8,"4","Ajkai",47.1068802,17.563957,6,5,4,0,1090,0.00298701298701299,12.1206493506493,0.772988505747126,118,FALSE,FALSE
"2021",8,"5","Aszodi",47.6523763,19.4759463,3,6,5,0,1496,0,5.35142857142858,0.32183908045977,127,FALSE,FALSE
"2021",8,"6","Bacsalmasi",46.123955,19.32633,3,6,5,0,332,0,5.35142857142858,0.32183908045977,136,FALSE,FALSE
"2021",8,"7","Bajai",46.1834182,18.9538158,8,4,3,440,1983,5.97428571428572,15.5957142857143,0.910919540229885,19,TRUE,TRUE
"2021",8,"8","Baktaloranthazai",47.997697,22.0766029,7,6,6,0,522,0,2.84571428571429,0.32183908045977,155,FALSE,FALSE
"2021",8,"9","Balassagyarmati",48.078798,19.2938953,3,6,5,0,1124,0,5.35142857142858,0.32183908045977,166,FALSE,FALSE
"2021",8,"10","Balatonalmadi",47.0286976,18.0148627,3,6,5,0,1041,0,5.35142857142858,0.32183908045977,27,FALSE,FALSE
"2021",8,"11","Balatonfoldvari",46.8497238,17.8794039,1,6,7,0,0,0,0,0.32183908045977,36,FALSE,FALSE
"2021",8,"12","Balatonfuredi",46.9564612,17.8889631,3,6,5,0,1009,0,5.35142857142858,0.32183908045977,46,FALSE,FALSE
"2021",8,"13","Balmazujvarosi",47.612435,21.343577,3,6,5,0,850,0,5.35142857142858,0.32183908045977,56,FALSE,FALSE
"2021",8,"14","Barcsi",45.959228,17.4666786,3,6,5,0,503,0,5.35142857142858,0.32183908045977,65,FALSE,FALSE
"2021",8,"15","Batonyterenyei",47.989222,19.828845,7,6,6,0,370,0,2.84571428571429,0.32183908045977,74,FALSE,FALSE
"2021",8,"16","Bekescsabai",46.6841987,21.0867872,6,5,4,0,2740,0.00298701298701299,12.1206493506493,0.772988505747126,82,FALSE,FALSE
"2021",8,"17","Bekesi",46.6704899,21.0434996,3,6,5,0,1060,0,5.35142857142858,0.32183908045977,92,FALSE,FALSE
"2021",8,"18","Belapatfalvai",48.052725,20.348591,7,6,6,0,219,0,2.84571428571429,0.32183908045977,98,FALSE,FALSE
"2021",8,"19","Berettyoujfalui",47.233892,21.5340216,3,6,5,0,1057,0,5.35142857142858,0.32183908045977,99,FALSE,FALSE
"2021",8,"20","Bicskei",47.490759,18.6362719,6,5,4,0,1300,0.00298701298701299,12.1206493506493,0.772988505747126,101,FALSE,FALSE
"2021",8,"21","Bodrogkozi",48.263291,21.8918689,1,6,7,0,0,0,0,0.32183908045977,102,FALSE,FALSE
"2021",8,"22","Bonyhadi",46.2986759,18.5305778,3,6,5,0,862,0,5.35142857142858,0.32183908045977,103,FALSE,FALSE
"2021",8,"23","Budaorsi",47.460753,18.9581146,4,3,7,255,0,10.0228571428571,0,0.931034482758621,22,FALSE,FALSE
"2021",8,"24","Budapesti",47.4984056,19.0407578,5,1,1,185288,84308,1058.78857142857,481.759999999998,1,1,TRUE,FALSE
"2021",8,"25","Cegledi",47.1772081,19.7980311,6,5,4,0,3339,0.00298701298701299,12.1206493506493,0.772988505747126,104,FALSE,FALSE
"2021",8,"26","Celldomolki",47.257515,17.1526399,7,6,6,0,678,0,2.84571428571429,0.32183908045977,105,FALSE,FALSE
"2021",8,"27","Csengeri",47.8350105,22.6822754,7,6,6,0,323,0,2.84571428571429,0.32183908045977,106,FALSE,FALSE
"2021",8,"28","Csepregi",47.401546,16.7081249,1,6,7,0,0,0,0,0.32183908045977,107,FALSE,FALSE
"2021",8,"29","Csongradi",46.710833,20.144575,6,5,4,0,599,0.00298701298701299,12.1206493506493,0.772988505747126,108,FALSE,FALSE
"2021",8,"30","Csornai",47.601529,17.249978,7,6,6,0,808,0,2.84571428571429,0.32183908045977,110,FALSE,FALSE
"2021",8,"31","Csurgoi",46.260776,17.095325,3,6,5,0,431,0,5.35142857142858,0.32183908045977,111,FALSE,FALSE
"2021",8,"32","Dabasi",47.192283,19.330853,6,5,4,0,1589,0.00298701298701299,12.1206493506493,0.772988505747126,112,FALSE,FALSE
"2021",8,"33","Debreceni",47.5299739,21.6393571,2,2,2,27654,10238,77.8497142857141,41.3165714285715,0.968390804597701,2,TRUE,TRUE
"2021",8,"34","Derecske-Letavertesi",47.3824608,21.891967,1,6,7,0,0,0,0,0.32183908045977,113,FALSE,FALSE
"2021",8,"35","Devecseri",47.106397,17.437279,7,6,6,0,305,0,2.84571428571429,0.32183908045977,114,FALSE,FALSE
"2021",8,"36","Dombovari",46.383295,18.131089,3,6,5,0,824,0,5.35142857142858,0.32183908045977,115,FALSE,FALSE
"2021",8,"37","Dorogi",47.7197439,18.7287817,1,6,7,0,0,0,0,0.32183908045977,116,FALSE,FALSE
"2021",8,"38","Dunakeszi",47.6297228,19.1380528,6,5,4,0,5196,0.00298701298701299,12.1206493506493,0.772988505747126,117,FALSE,FALSE
"2021",8,"39","Dunaujvarosi",46.980668,18.9127069,8,4,3,2030,2901,5.97428571428572,15.5957142857143,0.910919540229885,18,TRUE,TRUE
"2021",8,"40","Edelenyi",48.2966608,20.7442671,3,6,5,0,693,0,5.35142857142858,0.32183908045977,119,FALSE,FALSE
"2021",8,"41","Egri",47.9031987,20.3731077,2,2,2,8905,4148,77.8497142857141,41.3165714285715,0.968390804597701,8,TRUE,TRUE
"2021",8,"42","Encsi",48.330768,21.1219603,7,6,6,0,494,0,2.84571428571429,0.32183908045977,120,FALSE,FALSE
"2021",8,"43","Enyingi",46.9296,18.242978,3,6,5,0,388,0,5.35142857142858,0.32183908045977,121,FALSE,FALSE
"2021",8,"44","Ercsi",47.24966,18.891059,1,6,7,0,0,0,0,0.32183908045977,122,FALSE,FALSE
"2021",8,"45","Erdi",47.3783095,18.9217973,6,5,4,0,7149,0.00298701298701299,12.1206493506493,0.772988505747126,123,FALSE,FALSE
"2021",8,"46","Esztergomi",47.793308,18.7419333,6,5,4,0,3332,0.00298701298701299,12.1206493506493,0.772988505747126,25,FALSE,FALSE
"2021",8,"47","Fehergyarmati",47.985063,22.517104,6,5,4,0,978,0.00298701298701299,12.1206493506493,0.772988505747126,124,FALSE,FALSE
"2021",8,"48","Fonyodi",46.749197,17.5558792,3,6,5,0,930,0,5.35142857142858,0.32183908045977,125,FALSE,FALSE
"2021",8,"49","Fuzesabonyi",47.750888,20.409611,3,6,5,0,766,0,5.35142857142858,0.32183908045977,126,FALSE,FALSE
"2021",8,"50","Gardonyi",47.1973503,18.6091412,6,5,4,0,1361,0.00298701298701299,12.1206493506493,0.772988505747126,128,FALSE,FALSE
"2021",8,"51","Godolloi",47.5975105,19.3480017,2,2,2,15942,8522,77.8497142857141,41.3165714285715,0.968390804597701,5,TRUE,TRUE
"2021",8,"52","Gyali",47.3808958,19.215712,6,5,4,0,1502,0.00298701298701299,12.1206493506493,0.772988505747126,129,FALSE,FALSE
"2021",8,"53","Gyongyosi",47.775028,19.9280689,6,5,4,0,2680,0.00298701298701299,12.1206493506493,0.772988505747126,130,FALSE,FALSE
"2021",8,"54","Gyori",47.684051,17.6351011,2,2,2,13703,7798,77.8497142857141,41.3165714285715,0.968390804597701,6,TRUE,TRUE
"2021",8,"55","Gyulai",46.642498,21.268809,3,6,5,0,1450,0,5.35142857142858,0.32183908045977,131,FALSE,FALSE
"2021",8,"56","Hajduboszormenyi",47.673238,21.5076172,3,6,5,0,1477,0,5.35142857142858,0.32183908045977,132,FALSE,FALSE
"2021",8,"57","Hajduhadhazi",47.68197,21.6685631,7,6,6,0,598,0,2.84571428571429,0.32183908045977,133,FALSE,FALSE
"2021",8,"58","Hajduszoboszloi",47.443667,21.389719,7,6,6,0,1548,0,2.84571428571429,0.32183908045977,134,FALSE,FALSE
"2021",8,"59","Hatvani",47.668122,19.669901,3,6,5,0,1778,0,5.35142857142858,0.32183908045977,135,FALSE,FALSE
"2021",8,"60","Hevesi",47.5945238,20.2882213,3,6,5,0,722,0,5.35142857142858,0.32183908045977,137,FALSE,FALSE
"2021",8,"61","Hevizi",46.7905869,17.1843866,1,6,7,0,0,0,0,0.32183908045977,138,FALSE,FALSE
"2021",8,"62","Hodmezovasarhelyi",46.430411,20.3188298,3,6,5,0,1830,0,5.35142857142858,0.32183908045977,139,FALSE,FALSE
"2021",8,"63","Ibrany-Nagyhalaszi",48.134908,21.7187528,1,6,7,0,0,0,0,0.32183908045977,140,FALSE,FALSE
"2021",8,"64","Janoshalmai",46.2967401,19.3228798,3,6,5,0,348,0,5.35142857142858,0.32183908045977,141,FALSE,FALSE
"2021",8,"65","Jaszberenyi",47.5006181,19.9147188,6,5,4,0,1985,0.00298701298701299,12.1206493506493,0.772988505747126,142,FALSE,FALSE
"2021",8,"66","Kadarkuti",46.2311466,17.6157102,1,6,7,0,0,0,0,0.32183908045977,143,FALSE,FALSE
"2021",8,"67","Kalocsai",46.5334145,18.9856969,6,5,4,0,1459,0.00298701298701299,12.1206493506493,0.772988505747126,144,FALSE,FALSE
"2021",8,"68","Kaposvari",46.36653,17.782483,6,5,4,0,3821,0.00298701298701299,12.1206493506493,0.772988505747126,12,TRUE,TRUE
"2021",8,"69","Kapuvar-Beledi",47.5935568,17.0249715,1,6,7,0,0,0,0,0.32183908045977,145,FALSE,FALSE
"2021",8,"70","Karcagi",47.316632,20.9220631,3,6,5,0,1031,0,5.35142857142858,0.32183908045977,146,FALSE,FALSE
"2021",8,"71","Kazincbarcikai",48.25317,20.6456512,3,6,5,0,1904,0,5.35142857142858,0.32183908045977,147,FALSE,FALSE
"2021",8,"72","Kecskemeti",46.9062092,19.6899774,2,2,2,3335,6608,77.8497142857141,41.3165714285715,0.968390804597701,14,TRUE,TRUE
"2021",8,"73","Keszthelyi",46.7695893,17.2481444,3,6,5,0,1656,0,5.35142857142858,0.32183908045977,148,FALSE,FALSE
"2021",8,"74","Kisberi",47.501673,18.0269161,3,6,5,0,456,0,5.35142857142858,0.32183908045977,149,FALSE,FALSE
"2021",8,"75","Kiskorosi",46.620386,19.283827,6,5,4,0,1368,0.00298701298701299,12.1206493506493,0.772988505747126,150,FALSE,FALSE
"2021",8,"76","Kiskunfelegyhazai",46.7050953,19.8499199,1,6,7,0,0,0,0,0.32183908045977,151,FALSE,FALSE
"2021",8,"77","Kiskunhalasi",46.432037,19.4885269,6,5,4,0,1379,0.00298701298701299,12.1206493506493,0.772988505747126,152,FALSE,FALSE
"2021",8,"78","Kiskunmajsai",46.492344,19.7368448,3,6,5,0,462,0,5.35142857142858,0.32183908045977,153,FALSE,FALSE
"2021",8,"79","Kisteleki",46.4696447,19.9803972,7,6,6,0,468,0,2.84571428571429,0.32183908045977,154,FALSE,FALSE
"2021",8,"80","Kisvardai",48.2264002,22.0846211,3,6,5,0,2019,0,5.35142857142858,0.32183908045977,156,FALSE,FALSE
"2021",8,"81","Komaromi",47.7434248,18.1191064,3,6,5,0,1315,0,5.35142857142858,0.32183908045977,157,FALSE,FALSE
"2021",8,"82","Komloi",47.600636,20.445412,3,6,5,0,670,0,5.35142857142858,0.32183908045977,158,FALSE,FALSE
"2021",8,"83","Kormendi",47.011113,16.6057156,3,6,5,0,638,0,5.35142857142858,0.32183908045977,159,FALSE,FALSE
"2021",8,"84","Koszegi",47.381935,16.552229,3,6,5,0,735,0,5.35142857142858,0.32183908045977,160,FALSE,FALSE
"2021",8,"85","Kunszentmartoni",46.841082,20.287233,3,6,5,0,780,0,5.35142857142858,0.32183908045977,161,FALSE,FALSE
"2021",8,"86","Kunszentmiklosi",47.026444,19.1227831,6,5,4,0,750,0.00298701298701299,12.1206493506493,0.772988505747126,162,FALSE,FALSE
"2021",8,"87","Lengyeltoti",46.667049,17.6407711,1,6,7,0,0,0,0,0.32183908045977,163,FALSE,FALSE
"2021",8,"88","Lenti",46.623785,16.546001,7,6,6,0,448,0,2.84571428571429,0.32183908045977,164,FALSE,FALSE
"2021",8,"89","Letenyei",46.4337456,16.7221882,7,6,6,0,348,0,2.84571428571429,0.32183908045977,165,FALSE,FALSE
"2021",8,"90","Makoi",46.21498,20.47513,6,5,4,0,1140,0.00298701298701299,12.1206493506493,0.772988505747126,167,FALSE,FALSE
"2021",8,"91","Marcali",46.582815,17.4119018,3,6,5,0,825,0,5.35142857142858,0.32183908045977,168,FALSE,FALSE
"2021",8,"92","Mateszalkai",47.943265,22.316904,3,6,5,0,1653,0,5.35142857142858,0.32183908045977,169,FALSE,FALSE
"2021",8,"93","Mezocsati",47.823541,20.9028038,3,6,5,0,339,0,5.35142857142858,0.32183908045977,170,FALSE,FALSE
"2021",8,"94","Mezokovacshazai",46.4071834,20.9241681,3,6,5,0,790,0,5.35142857142858,0.32183908045977,171,FALSE,FALSE
"2021",8,"95","Mezokovesdi",47.8068796,20.5650907,3,6,5,0,1391,0,5.35142857142858,0.32183908045977,172,FALSE,FALSE
"2021",8,"96","Mezoturi",47.00278,20.618465,3,6,5,0,794,0,5.35142857142858,0.32183908045977,173,FALSE,FALSE
"2021",8,"97","Miskolci",48.1043854,20.7913563,2,2,2,9206,8984,77.8497142857141,41.3165714285715,0.968390804597701,7,TRUE,TRUE
"2021",8,"98","Mohacsi",45.9959241,18.6798279,3,6,5,0,943,0,5.35142857142858,0.32183908045977,174,FALSE,FALSE
"2021",8,"99","Monori",47.34754,19.448946,6,5,4,0,2447,0.00298701298701299,12.1206493506493,0.772988505747126,175,FALSE,FALSE
"2021",8,"100","Morahalomi",46.217922,19.883719,1,6,7,0,0,0,0,0.32183908045977,28,FALSE,FALSE
"2021",8,"101","Mori",47.3717781,18.2085973,6,5,4,0,1211,0.00298701298701299,12.1206493506493,0.772988505747126,29,FALSE,FALSE
"2021",8,"102","Mosonmagyarovari",47.8744063,17.2693897,6,5,4,0,2183,0.00298701298701299,12.1206493506493,0.772988505747126,30,FALSE,FALSE
"2021",8,"103","Nagyatadi",46.23001,17.3574429,7,6,6,0,624,0,2.84571428571429,0.32183908045977,31,FALSE,FALSE
"2021",8,"104","Nagykalloi",47.875519,21.8460521,3,6,5,0,853,0,5.35142857142858,0.32183908045977,32,FALSE,FALSE
"2021",8,"105","Nagykanizsai",46.455237,16.9953419,3,6,5,0,2245,0,5.35142857142858,0.32183908045977,33,FALSE,FALSE
"2021",8,"106","Nagykatai",47.4181175,19.7422453,6,5,4,0,1940,0.00298701298701299,12.1206493506493,0.772988505747126,34,FALSE,FALSE
"2021",8,"107","Nyirbatori",47.835414,22.130289,3,6,5,0,858,0,5.35142857142858,0.32183908045977,35,FALSE,FALSE
"2021",8,"108","Nyiregyhazai",47.9532583,21.7264647,4,3,7,2553,0,10.0228571428571,0,0.931034482758621,11,TRUE,TRUE
"2021",8,"109","Oroshazai",46.5615338,20.6619204,1,6,7,0,0,0,0,0.32183908045977,13,TRUE,TRUE
"2021",8,"110","Oroszlanyi",47.4943329,18.3215448,6,5,4,0,802,0.00298701298701299,12.1206493506493,0.772988505747126,37,FALSE,FALSE
"2021",8,"111","Ozdi",48.2195564,20.2869186,3,6,5,0,1163,0,5.35142857142858,0.32183908045977,38,FALSE,FALSE
"2021",8,"112","Oriszentpeteri",46.838954,16.4211574,1,6,7,0,0,0,0,0.32183908045977,39,FALSE,FALSE
"2021",8,"113","Pacsai",46.7226412,17.0096878,1,6,7,0,0,0,0,0.32183908045977,40,FALSE,FALSE
"2021",8,"114","Paksi",46.626368,18.8652409,6,5,4,0,1707,0.00298701298701299,12.1206493506493,0.772988505747126,41,FALSE,FALSE
"2021",8,"115","Pannonhalmai",47.55021,17.754228,1,6,7,0,0,0,0,0.32183908045977,42,FALSE,FALSE
"2021",8,"116","Papai",47.3308153,17.4660302,6,5,4,0,1573,0.00298701298701299,12.1206493506493,0.772988505747126,43,FALSE,FALSE
"2021",8,"117","Pasztoi",47.919562,19.6978939,3,6,5,0,828,0,5.35142857142858,0.32183908045977,44,FALSE,FALSE
"2021",8,"118","Pecsi",46.0713242,18.2331772,2,2,2,24504,7573,77.8497142857141,41.3165714285715,0.968390804597701,4,TRUE,TRUE
"2021",8,"119","Pecsvaradi",46.158114,18.422176,7,6,6,0,418,0,2.84571428571429,0.32183908045977,45,FALSE,FALSE
"2021",8,"120","Petervasarai",48.017941,20.1019849,7,6,6,0,455,0,2.84571428571429,0.32183908045977,47,FALSE,FALSE
"2021",8,"121","Pilisvorosvari",47.6212089,18.9111742,6,5,4,0,4004,0.00298701298701299,12.1206493506493,0.772988505747126,48,FALSE,FALSE
"2021",8,"122","Polgari",47.866362,21.1242449,1,6,7,0,0,0,0,0.32183908045977,49,FALSE,FALSE
"2021",8,"123","Puspokladanyi",47.3176758,21.1165369,3,6,5,0,1106,0,5.35142857142858,0.32183908045977,50,FALSE,FALSE
"2021",8,"124","Rackevei",47.1611023,18.9455669,6,5,4,0,1175,0.00298701298701299,12.1206493506493,0.772988505747126,51,FALSE,FALSE
"2021",8,"125","Retsagi",47.9278597,19.1372757,6,5,4,0,746,0.00298701298701299,12.1206493506493,0.772988505747126,52,FALSE,FALSE
"2021",8,"126","Salgotarjani",48.0853167,19.7869357,6,5,4,0,1804,0.00298701298701299,12.1206493506493,0.772988505747126,53,FALSE,FALSE
"2021",8,"127","Sarbogardi",46.887769,18.6193289,3,6,5,0,642,0,5.35142857142858,0.32183908045977,54,FALSE,FALSE
"2021",8,"128","Sarkadi",46.746283,21.3848669,7,6,6,0,483,0,2.84571428571429,0.32183908045977,55,FALSE,FALSE
"2021",8,"129","Sarospataki",48.318984,21.5663738,6,5,4,23,864,0.00298701298701299,12.1206493506493,0.772988505747126,24,FALSE,FALSE
"2021",8,"130","Sarvari",47.2540616,16.9352309,3,6,5,0,958,0,5.35142857142858,0.32183908045977,57,FALSE,FALSE
"2021",8,"131","Sasdi",46.2548488,18.1060595,1,6,7,0,0,0,0,0.32183908045977,58,FALSE,FALSE
"2021",8,"132","Satoraljaujhelyi",48.3941408,21.6559965,6,5,4,0,769,0.00298701298701299,12.1206493506493,0.772988505747126,59,FALSE,FALSE
"2021",8,"133","Sellyei",45.8719698,17.8460989,7,6,6,0,242,0,2.84571428571429,0.32183908045977,60,FALSE,FALSE
"2021",8,"134","Siklosi",45.852147,18.2988281,3,6,5,0,810,0,5.35142857142858,0.32183908045977,61,FALSE,FALSE
"2021",8,"135","Siofoki",46.9057439,18.0525018,6,5,4,0,1859,0.00298701298701299,12.1206493506493,0.772988505747126,62,FALSE,FALSE
"2021",8,"136","Sopron-Fertodi",47.684898,16.583053,4,3,7,2454,0,10.0228571428571,0,0.931034482758621,10,TRUE,TRUE
"2021",8,"137","Sumegi",46.9775543,17.2819824,7,6,6,0,425,0,2.84571428571429,0.32183908045977,63,FALSE,FALSE
"2021",8,"138","Szarvasi",46.8595081,20.5595884,7,6,6,0,783,0,2.84571428571429,0.32183908045977,21,FALSE,FALSE
"2021",8,"139","Szecsenyi",48.0811488,19.5197217,3,6,5,0,453,0,5.35142857142858,0.32183908045977,64,FALSE,FALSE
"2021",8,"140","Szegedi",46.2536169,20.1461345,2,2,2,23963,8910,77.8497142857141,41.3165714285715,0.968390804597701,3,TRUE,TRUE
"2021",8,"141","Szeghalomi",47.027309,21.166263,1,6,7,0,0,0,0,0.32183908045977,66,FALSE,FALSE
"2021",8,"142","Szekesfehervari",47.1887157,18.4138088,2,2,2,2105,6307,77.8497142857141,41.3165714285715,0.968390804597701,20,TRUE,TRUE
"2021",8,"143","Szekszardi",46.3485623,18.7019205,6,5,4,0,1976,0.00298701298701299,12.1206493506493,0.772988505747126,67,FALSE,FALSE
"2021",8,"144","Szentendrei",47.6734712,19.07254,6,5,4,0,5647,0.00298701298701299,12.1206493506493,0.772988505747126,68,FALSE,FALSE
"2021",8,"145","Szentesi",46.65192,20.2571842,6,5,4,0,1105,0.00298701298701299,12.1206493506493,0.772988505747126,69,FALSE,FALSE
"2021",8,"146","Szentgotthardi",46.9527524,16.2737218,7,6,6,0,336,0,2.84571428571429,0.32183908045977,70,FALSE,FALSE
"2021",8,"147","Szentlorinci",46.040211,17.989775,3,6,5,0,305,0,5.35142857142858,0.32183908045977,71,FALSE,FALSE
"2021",8,"148","Szerencsi",48.162418,21.205206,7,6,6,0,1043,0,2.84571428571429,0.32183908045977,72,FALSE,FALSE
"2021",8,"149","Szigetvari",46.0482577,17.8123125,3,6,5,0,554,0,5.35142857142858,0.32183908045977,73,FALSE,FALSE
"2021",8,"150","Szikszoi",48.1949949,20.9294318,7,6,6,0,351,0,2.84571428571429,0.32183908045977,75,FALSE,FALSE
"2021",8,"151","Szobi",47.818012,18.8667731,6,5,4,0,959,0.00298701298701299,12.1206493506493,0.772988505747126,76,FALSE,FALSE
"2021",8,"152","Szolnoki",47.174662,20.17628,6,5,4,0,4579,0.00298701298701299,12.1206493506493,0.772988505747126,15,TRUE,TRUE
"2021",8,"153","Szombathelyi",47.23514,16.6219178,6,5,4,0,4055,0.00298701298701299,12.1206493506493,0.772988505747126,23,FALSE,FALSE
"2021",8,"154","Tabi",46.729486,18.0329558,7,6,6,0,187,0,2.84571428571429,0.32183908045977,77,FALSE,FALSE
"2021",8,"155","Tamasi",46.6295947,18.2846991,3,6,5,0,822,0,5.35142857142858,0.32183908045977,78,FALSE,FALSE
"2021",8,"156","Tapolcai",46.88289,17.4413581,3,6,5,0,1057,0,5.35142857142858,0.32183908045977,79,FALSE,FALSE
"2021",8,"157","Tatabanyai",47.5861869,18.3947662,8,4,3,680,2852,5.97428571428572,15.5957142857143,0.910919540229885,16,TRUE,TRUE
"2021",8,"158","Tatai",47.655255,18.3285248,6,5,4,0,1697,0.00298701298701299,12.1206493506493,0.772988505747126,80,FALSE,FALSE
"2021",8,"159","Teti",47.515979,17.5168418,3,6,5,0,373,0,5.35142857142858,0.32183908045977,81,FALSE,FALSE
"2021",8,"160","Tiszafuredi",47.615345,20.7617821,3,6,5,0,564,0,5.35142857142858,0.32183908045977,83,FALSE,FALSE
"2021",8,"161","Tiszaujvarosi",47.92291,21.052195,3,6,5,0,1025,0,5.35142857142858,0.32183908045977,84,FALSE,FALSE
"2021",8,"162","Tiszavasvari",47.9511368,21.3687867,3,6,5,0,641,0,5.35142857142858,0.32183908045977,85,FALSE,FALSE
"2021",8,"163","Tokaji",48.119994,21.412563,7,6,6,0,375,0,2.84571428571429,0.32183908045977,86,FALSE,FALSE
"2021",8,"164","Torokszentmiklosi",47.180736,20.4182932,6,5,4,0,989,0.00298701298701299,12.1206493506493,0.772988505747126,87,FALSE,FALSE
"2021",8,"165","Vaci",47.7754454,19.1377076,8,4,3,1032,3181,5.97428571428572,15.5957142857143,0.910919540229885,17,TRUE,TRUE
"2021",8,"166","Varpalotai",47.1973949,18.1396572,6,5,4,0,996,0.00298701298701299,12.1206493506493,0.772988505747126,88,FALSE,FALSE
"2021",8,"167","Vasarosnamenyi",48.126772,22.318366,3,6,5,0,1048,0,5.35142857142858,0.32183908045977,89,FALSE,FALSE
"2021",8,"168","Vasvari",47.051087,16.7985158,7,6,6,0,239,0,2.84571428571429,0.32183908045977,90,FALSE,FALSE
"2021",8,"169","Veresegyhazi",47.65714,19.284962,1,6,7,0,0,0,0,0.32183908045977,91,FALSE,FALSE
"2021",8,"170","Veszpremi",47.092967,17.913785,2,2,2,6920,3216,77.8497142857141,41.3165714285715,0.968390804597701,9,TRUE,TRUE
"2021",8,"171","Zahonyi",48.406999,22.1745391,7,6,6,0,523,0,2.84571428571429,0.32183908045977,93,FALSE,FALSE
"2021",8,"172","Zalaegerszegi",46.845412,16.8472302,6,5,4,0,3485,0.00298701298701299,12.1206493506493,0.772988505747126,94,FALSE,FALSE
"2021",8,"173","Zalakarosi",46.5605989,17.1230251,1,6,7,0,0,0,0,0.32183908045977,95,FALSE,FALSE
"2021",8,"174","Zalaszentgroti",46.947143,17.0790458,7,6,6,0,331,0,2.84571428571429,0.32183908045977,96,FALSE,FALSE
"2021",8,"175","Zirci",47.2630578,17.8725401,3,6,5,0,513,0,5.35142857142858,0.32183908045977,97,FALSE,FALSE
"2021",13,"1","Abai",47.028736,18.517633,13,7,12,0,0,0,0,0.396551724137931,26,FALSE,FALSE
"2021",13,"2","Abauj-Hegykozi",48.471017,21.2741752,13,7,12,0,0,0,0,0.396551724137931,100,FALSE,FALSE
"2021",13,"3","Adonyi",47.119574,18.8652611,13,7,12,0,0,0,0,0.396551724137931,109,FALSE,FALSE
"2021",13,"4","Ajkai",47.1068802,17.563957,3,7,8,0,1090,0,6.74433179723502,0.396551724137931,118,FALSE,FALSE
"2021",13,"5","Aszodi",47.6523763,19.4759463,3,7,8,0,1496,0,6.74433179723502,0.396551724137931,127,FALSE,FALSE
"2021",13,"6","Bacsalmasi",46.123955,19.32633,1,7,9,0,332,0,5.94186335403727,0.396551724137931,136,FALSE,FALSE
"2021",13,"7","Bajai",46.1834182,18.9538158,7,5,6,440,1983,4.09904761904762,15.2685714285714,0.908045977011494,19,TRUE,TRUE
"2021",13,"8","Baktaloranthazai",47.997697,22.0766029,5,7,11,0,522,0,2.03107142857143,0.396551724137931,155,FALSE,FALSE
"2021",13,"9","Balassagyarmati",48.078798,19.2938953,3,7,8,0,1124,0,6.74433179723502,0.396551724137931,166,FALSE,FALSE
"2021",13,"10","Balatonalmadi",47.0286976,18.0148627,9,7,10,0,1041,0,3.98892857142857,0.396551724137931,27,FALSE,FALSE
"2021",13,"11","Balatonfoldvari",46.8497238,17.8794039,13,7,12,0,0,0,0,0.396551724137931,36,FALSE,FALSE
"2021",13,"12","Balatonfuredi",46.9564612,17.8889631,1,7,9,0,1009,0,5.94186335403727,0.396551724137931,46,FALSE,FALSE
"2021",13,"13","Balmazujvarosi",47.612435,21.343577,9,7,10,0,850,0,3.98892857142857,0.396551724137931,56,FALSE,FALSE
"2021",13,"14","Barcsi",45.959228,17.4666786,9,7,10,0,503,0,3.98892857142857,0.396551724137931,65,FALSE,FALSE
"2021",13,"15","Batonyterenyei",47.989222,19.828845,5,7,11,0,370,0,2.03107142857143,0.396551724137931,74,FALSE,FALSE
"2021",13,"16","Bekescsabai",46.6841987,21.0867872,6,7,5,0,2740,0,20.3396825396825,0.396551724137931,82,FALSE,FALSE
"2021",13,"17","Bekesi",46.6704899,21.0434996,1,7,9,0,1060,0,5.94186335403727,0.396551724137931,92,FALSE,FALSE
"2021",13,"18","Belapatfalvai",48.052725,20.348591,5,7,11,0,219,0,2.03107142857143,0.396551724137931,98,FALSE,FALSE
"2021",13,"19","Berettyoujfalui",47.233892,21.5340216,1,7,9,0,1057,0,5.94186335403727,0.396551724137931,99,FALSE,FALSE
"2021",13,"20","Bicskei",47.490759,18.6362719,2,6,7,0,1300,0.00730158730158731,7.90698412698412,0.847701149425287,101,FALSE,FALSE
"2021",13,"21","Bodrogkozi",48.263291,21.8918689,13,7,12,0,0,0,0,0.396551724137931,102,FALSE,FALSE
"2021",13,"22","Bonyhadi",46.2986759,18.5305778,1,7,9,0,862,0,5.94186335403727,0.396551724137931,103,FALSE,FALSE
"2021",13,"23","Budaorsi",47.460753,18.9581146,8,4,12,255,0,10.0228571428571,0,0.925287356321839,22,FALSE,FALSE
"2021",13,"24","Budapesti",47.4984056,19.0407578,12,1,1,185288,84308,1058.78857142857,481.76,1,1,TRUE,FALSE
"2021",13,"25","Cegledi",47.1772081,19.7980311,6,7,5,0,3339,0,20.3396825396825,0.396551724137931,104,FALSE,FALSE
"2021",13,"26","Celldomolki",47.257515,17.1526399,9,7,10,0,678,0,3.98892857142857,0.396551724137931,105,FALSE,FALSE
"2021",13,"27","Csengeri",47.8350105,22.6822754,5,7,11,0,323,0,2.03107142857143,0.396551724137931,106,FALSE,FALSE
"2021",13,"28","Csepregi",47.401546,16.7081249,13,7,12,0,0,0,0,0.396551724137931,107,FALSE,FALSE
"2021",13,"29","Csongradi",46.710833,20.144575,2,6,7,0,599,0.00730158730158731,7.90698412698412,0.847701149425287,108,FALSE,FALSE
"2021",13,"30","Csornai",47.601529,17.249978,9,7,10,0,808,0,3.98892857142857,0.396551724137931,110,FALSE,FALSE
"2021",13,"31","Csurgoi",46.260776,17.095325,9,7,10,0,431,0,3.98892857142857,0.396551724137931,111,FALSE,FALSE
"2021",13,"32","Dabasi",47.192283,19.330853,2,6,7,0,1589,0.00730158730158731,7.90698412698412,0.847701149425287,112,FALSE,FALSE
"2021",13,"33","Debreceni",47.5299739,21.6393571,10,2,2,27654,10238,120.875428571428,49.1897142857143,0.982758620689655,2,TRUE,TRUE
"2021",13,"34","Derecske-Letavertesi",47.3824608,21.891967,13,7,12,0,0,0,0,0.396551724137931,113,FALSE,FALSE
"2021",13,"35","Devecseri",47.106397,17.437279,5,7,11,0,305,0,2.03107142857143,0.396551724137931,114,FALSE,FALSE
"2021",13,"36","Dombovari",46.383295,18.131089,9,7,10,0,824,0,3.98892857142857,0.396551724137931,115,FALSE,FALSE
"2021",13,"37","Dorogi",47.7197439,18.7287817,13,7,12,0,0,0,0,0.396551724137931,116,FALSE,FALSE
"2021",13,"38","Dunakeszi",47.6297228,19.1380528,4,7,3,0,5196,0,34.2704761904762,0.396551724137931,117,FALSE,FALSE
"2021",13,"39","Dunaujvarosi",46.980668,18.9127069,11,3,4,2030,2901,30.9533333333333,30.632380952381,0.951149425287356,18,TRUE,TRUE
"2021",13,"40","Edelenyi",48.2966608,20.7442671,9,7,10,0,693,0,3.98892857142857,0.396551724137931,119,FALSE,FALSE
"2021",13,"41","Egri",47.9031987,20.3731077,11,3,4,8905,4148,30.9533333333333,30.632380952381,0.951149425287356,8,TRUE,TRUE
"2021",13,"42","Encsi",48.330768,21.1219603,5,7,11,0,494,0,2.03107142857143,0.396551724137931,120,FALSE,FALSE
"2021",13,"43","Enyingi",46.9296,18.242978,9,7,10,0,388,0,3.98892857142857,0.396551724137931,121,FALSE,FALSE
"2021",13,"44","Ercsi",47.24966,18.891059,13,7,12,0,0,0,0,0.396551724137931,122,FALSE,FALSE
"2021",13,"45","Erdi",47.3783095,18.9217973,4,7,3,0,7149,0,34.2704761904762,0.396551724137931,123,FALSE,FALSE
"2021",13,"46","Esztergomi",47.793308,18.7419333,6,7,5,0,3332,0,20.3396825396825,0.396551724137931,25,FALSE,FALSE
"2021",13,"47","Fehergyarmati",47.985063,22.517104,2,6,7,0,978,0.00730158730158731,7.90698412698412,0.847701149425287,124,FALSE,FALSE
"2021",13,"48","Fonyodi",46.749197,17.5558792,3,7,8,0,930,0,6.74433179723502,0.396551724137931,125,FALSE,FALSE
"2021",13,"49","Fuzesabonyi",47.750888,20.409611,1,7,9,0,766,0,5.94186335403727,0.396551724137931,126,FALSE,FALSE
"2021",13,"50","Gardonyi",47.1973503,18.6091412,2,6,7,0,1361,0.00730158730158731,7.90698412698412,0.847701149425287,128,FALSE,FALSE
"2021",13,"51","Godolloi",47.5975105,19.3480017,10,2,2,15942,8522,120.875428571428,49.1897142857143,0.982758620689655,5,TRUE,TRUE
"2021",13,"52","Gyali",47.3808958,19.215712,3,7,8,0,1502,0,6.74433179723502,0.396551724137931,129,FALSE,FALSE
"2021",13,"53","Gyongyosi",47.775028,19.9280689,6,7,5,0,2680,0,20.3396825396825,0.396551724137931,130,FALSE,FALSE
"2021",13,"54","Gyori",47.684051,17.6351011,10,2,2,13703,7798,120.875428571428,49.1897142857143,0.982758620689655,6,TRUE,TRUE
"2021",13,"55","Gyulai",46.642498,21.268809,9,7,10,0,1450,0,3.98892857142857,0.396551724137931,131,FALSE,FALSE
"2021",13,"56","Hajduboszormenyi",47.673238,21.5076172,1,7,9,0,1477,0,5.94186335403727,0.396551724137931,132,FALSE,FALSE
"2021",13,"57","Hajduhadhazi",47.68197,21.6685631,9,7,10,0,598,0,3.98892857142857,0.396551724137931,133,FALSE,FALSE
"2021",13,"58","Hajduszoboszloi",47.443667,21.389719,9,7,10,0,1548,0,3.98892857142857,0.396551724137931,134,FALSE,FALSE
"2021",13,"59","Hatvani",47.668122,19.669901,3,7,8,0,1778,0,6.74433179723502,0.396551724137931,135,FALSE,FALSE
"2021",13,"60","Hevesi",47.5945238,20.2882213,1,7,9,0,722,0,5.94186335403727,0.396551724137931,137,FALSE,FALSE
"2021",13,"61","Hevizi",46.7905869,17.1843866,13,7,12,0,0,0,0,0.396551724137931,138,FALSE,FALSE
"2021",13,"62","Hodmezovasarhelyi",46.430411,20.3188298,1,7,9,0,1830,0,5.94186335403727,0.396551724137931,139,FALSE,FALSE
"2021",13,"63","Ibrany-Nagyhalaszi",48.134908,21.7187528,13,7,12,0,0,0,0,0.396551724137931,140,FALSE,FALSE
"2021",13,"64","Janoshalmai",46.2967401,19.3228798,1,7,9,0,348,0,5.94186335403727,0.396551724137931,141,FALSE,FALSE
"2021",13,"65","Jaszberenyi",47.5006181,19.9147188,2,6,7,0,1985,0.00730158730158731,7.90698412698412,0.847701149425287,142,FALSE,FALSE
"2021",13,"66","Kadarkuti",46.2311466,17.6157102,13,7,12,0,0,0,0,0.396551724137931,143,FALSE,FALSE
"2021",13,"67","Kalocsai",46.5334145,18.9856969,3,7,8,0,1459,0,6.74433179723502,0.396551724137931,144,FALSE,FALSE
"2021",13,"68","Kaposvari",46.36653,17.782483,6,7,5,0,3821,0,20.3396825396825,0.396551724137931,12,TRUE,TRUE
"2021",13,"69","Kapuvar-Beledi",47.5935568,17.0249715,13,7,12,0,0,0,0,0.396551724137931,145,FALSE,FALSE
"2021",13,"70","Karcagi",47.316632,20.9220631,1,7,9,0,1031,0,5.94186335403727,0.396551724137931,146,FALSE,FALSE
"2021",13,"71","Kazincbarcikai",48.25317,20.6456512,3,7,8,0,1904,0,6.74433179723502,0.396551724137931,147,FALSE,FALSE
"2021",13,"72","Kecskemeti",46.9062092,19.6899774,11,3,4,3335,6608,30.9533333333333,30.632380952381,0.951149425287356,14,TRUE,TRUE
"2021",13,"73","Keszthelyi",46.7695893,17.2481444,1,7,9,0,1656,0,5.94186335403727,0.396551724137931,148,FALSE,FALSE
"2021",13,"74","Kisberi",47.501673,18.0269161,1,7,9,0,456,0,5.94186335403727,0.396551724137931,149,FALSE,FALSE
"2021",13,"75","Kiskorosi",46.620386,19.283827,2,6,7,0,1368,0.00730158730158731,7.90698412698412,0.847701149425287,150,FALSE,FALSE
"2021",13,"76","Kiskunfelegyhazai",46.7050953,19.8499199,13,7,12,0,0,0,0,0.396551724137931,151,FALSE,FALSE
"2021",13,"77","Kiskunhalasi",46.432037,19.4885269,2,6,7,0,1379,0.00730158730158731,7.90698412698412,0.847701149425287,152,FALSE,FALSE
"2021",13,"78","Kiskunmajsai",46.492344,19.7368448,3,7,8,0,462,0,6.74433179723502,0.396551724137931,153,FALSE,FALSE
"2021",13,"79","Kisteleki",46.4696447,19.9803972,9,7,10,0,468,0,3.98892857142857,0.396551724137931,154,FALSE,FALSE
"2021",13,"80","Kisvardai",48.2264002,22.0846211,3,7,8,0,2019,0,6.74433179723502,0.396551724137931,156,FALSE,FALSE
"2021",13,"81","Komaromi",47.7434248,18.1191064,1,7,9,0,1315,0,5.94186335403727,0.396551724137931,157,FALSE,FALSE
"2021",13,"82","Komloi",47.600636,20.445412,9,7,10,0,670,0,3.98892857142857,0.396551724137931,158,FALSE,FALSE
"2021",13,"83","Kormendi",47.011113,16.6057156,9,7,10,0,638,0,3.98892857142857,0.396551724137931,159,FALSE,FALSE
"2021",13,"84","Koszegi",47.381935,16.552229,9,7,10,0,735,0,3.98892857142857,0.396551724137931,160,FALSE,FALSE
"2021",13,"85","Kunszentmartoni",46.841082,20.287233,3,7,8,0,780,0,6.74433179723502,0.396551724137931,161,FALSE,FALSE
"2021",13,"86","Kunszentmiklosi",47.026444,19.1227831,2,6,7,0,750,0.00730158730158731,7.90698412698412,0.847701149425287,162,FALSE,FALSE
"2021",13,"87","Lengyeltoti",46.667049,17.6407711,13,7,12,0,0,0,0,0.396551724137931,163,FALSE,FALSE
"2021",13,"88","Lenti",46.623785,16.546001,5,7,11,0,448,0,2.03107142857143,0.396551724137931,164,FALSE,FALSE
"2021",13,"89","Letenyei",46.4337456,16.7221882,5,7,11,0,348,0,2.03107142857143,0.396551724137931,165,FALSE,FALSE
"2021",13,"90","Makoi",46.21498,20.47513,2,6,7,0,1140,0.00730158730158731,7.90698412698412,0.847701149425287,167,FALSE,FALSE
"2021",13,"91","Marcali",46.582815,17.4119018,9,7,10,0,825,0,3.98892857142857,0.396551724137931,168,FALSE,FALSE
"2021",13,"92","Mateszalkai",47.943265,22.316904,1,7,9,0,1653,0,5.94186335403727,0.396551724137931,169,FALSE,FALSE
"2021",13,"93","Mezocsati",47.823541,20.9028038,9,7,10,0,339,0,3.98892857142857,0.396551724137931,170,FALSE,FALSE
"2021",13,"94","Mezokovacshazai",46.4071834,20.9241681,9,7,10,0,790,0,3.98892857142857,0.396551724137931,171,FALSE,FALSE
"2021",13,"95","Mezokovesdi",47.8068796,20.5650907,1,7,9,0,1391,0,5.94186335403727,0.396551724137931,172,FALSE,FALSE
"2021",13,"96","Mezoturi",47.00278,20.618465,9,7,10,0,794,0,3.98892857142857,0.396551724137931,173,FALSE,FALSE
"2021",13,"97","Miskolci",48.1043854,20.7913563,11,3,4,9206,8984,30.9533333333333,30.632380952381,0.951149425287356,7,TRUE,TRUE
"2021",13,"98","Mohacsi",45.9959241,18.6798279,1,7,9,0,943,0,5.94186335403727,0.396551724137931,174,FALSE,FALSE
"2021",13,"99","Monori",47.34754,19.448946,2,6,7,0,2447,0.00730158730158731,7.90698412698412,0.847701149425287,175,FALSE,FALSE
"2021",13,"100","Morahalomi",46.217922,19.883719,13,7,12,0,0,0,0,0.396551724137931,28,FALSE,FALSE
"2021",13,"101","Mori",47.3717781,18.2085973,3,7,8,0,1211,0,6.74433179723502,0.396551724137931,29,FALSE,FALSE
"2021",13,"102","Mosonmagyarovari",47.8744063,17.2693897,3,7,8,0,2183,0,6.74433179723502,0.396551724137931,30,FALSE,FALSE
"2021",13,"103","Nagyatadi",46.23001,17.3574429,9,7,10,0,624,0,3.98892857142857,0.396551724137931,31,FALSE,FALSE
"2021",13,"104","Nagykalloi",47.875519,21.8460521,9,7,10,0,853,0,3.98892857142857,0.396551724137931,32,FALSE,FALSE
"2021",13,"105","Nagykanizsai",46.455237,16.9953419,1,7,9,0,2245,0,5.94186335403727,0.396551724137931,33,FALSE,FALSE
"2021",13,"106","Nagykatai",47.4181175,19.7422453,2,6,7,0,1940,0.00730158730158731,7.90698412698412,0.847701149425287,34,FALSE,FALSE
"2021",13,"107","Nyirbatori",47.835414,22.130289,3,7,8,0,858,0,6.74433179723502,0.396551724137931,35,FALSE,FALSE
"2021",13,"108","Nyiregyhazai",47.9532583,21.7264647,8,4,12,2553,0,10.0228571428571,0,0.925287356321839,11,TRUE,TRUE
"2021",13,"109","Oroshazai",46.5615338,20.6619204,13,7,12,0,0,0,0,0.396551724137931,13,TRUE,TRUE
"2021",13,"110","Oroszlanyi",47.4943329,18.3215448,3,7,8,0,802,0,6.74433179723502,0.396551724137931,37,FALSE,FALSE
"2021",13,"111","Ozdi",48.2195564,20.2869186,3,7,8,0,1163,0,6.74433179723502,0.396551724137931,38,FALSE,FALSE
"2021",13,"112","Oriszentpeteri",46.838954,16.4211574,13,7,12,0,0,0,0,0.396551724137931,39,FALSE,FALSE
"2021",13,"113","Pacsai",46.7226412,17.0096878,13,7,12,0,0,0,0,0.396551724137931,40,FALSE,FALSE
"2021",13,"114","Paksi",46.626368,18.8652409,2,6,7,0,1707,0.00730158730158731,7.90698412698412,0.847701149425287,41,FALSE,FALSE
"2021",13,"115","Pannonhalmai",47.55021,17.754228,13,7,12,0,0,0,0,0.396551724137931,42,FALSE,FALSE
"2021",13,"116","Papai",47.3308153,17.4660302,3,7,8,0,1573,0,6.74433179723502,0.396551724137931,43,FALSE,FALSE
"2021",13,"117","Pasztoi",47.919562,19.6978939,1,7,9,0,828,0,5.94186335403727,0.396551724137931,44,FALSE,FALSE
"2021",13,"118","Pecsi",46.0713242,18.2331772,10,2,2,24504,7573,120.875428571428,49.1897142857143,0.982758620689655,4,TRUE,TRUE
"2021",13,"119","Pecsvaradi",46.158114,18.422176,9,7,10,0,418,0,3.98892857142857,0.396551724137931,45,FALSE,FALSE
"2021",13,"120","Petervasarai",48.017941,20.1019849,9,7,10,0,455,0,3.98892857142857,0.396551724137931,47,FALSE,FALSE
"2021",13,"121","Pilisvorosvari",47.6212089,18.9111742,6,7,5,0,4004,0,20.3396825396825,0.396551724137931,48,FALSE,FALSE
"2021",13,"122","Polgari",47.866362,21.1242449,13,7,12,0,0,0,0,0.396551724137931,49,FALSE,FALSE
"2021",13,"123","Puspokladanyi",47.3176758,21.1165369,3,7,8,0,1106,0,6.74433179723502,0.396551724137931,50,FALSE,FALSE
"2021",13,"124","Rackevei",47.1611023,18.9455669,2,6,7,0,1175,0.00730158730158731,7.90698412698412,0.847701149425287,51,FALSE,FALSE
"2021",13,"125","Retsagi",47.9278597,19.1372757,3,7,8,0,746,0,6.74433179723502,0.396551724137931,52,FALSE,FALSE
"2021",13,"126","Salgotarjani",48.0853167,19.7869357,3,7,8,0,1804,0,6.74433179723502,0.396551724137931,53,FALSE,FALSE
"2021",13,"127","Sarbogardi",46.887769,18.6193289,1,7,9,0,642,0,5.94186335403727,0.396551724137931,54,FALSE,FALSE
"2021",13,"128","Sarkadi",46.746283,21.3848669,9,7,10,0,483,0,3.98892857142857,0.396551724137931,55,FALSE,FALSE
"2021",13,"129","Sarospataki",48.318984,21.5663738,2,6,7,23,864,0.00730158730158731,7.90698412698412,0.847701149425287,24,FALSE,FALSE
"2021",13,"130","Sarvari",47.2540616,16.9352309,1,7,9,0,958,0,5.94186335403727,0.396551724137931,57,FALSE,FALSE
"2021",13,"131","Sasdi",46.2548488,18.1060595,13,7,12,0,0,0,0,0.396551724137931,58,FALSE,FALSE
"2021",13,"132","Satoraljaujhelyi",48.3941408,21.6559965,2,6,7,0,769,0.00730158730158731,7.90698412698412,0.847701149425287,59,FALSE,FALSE
"2021",13,"133","Sellyei",45.8719698,17.8460989,5,7,11,0,242,0,2.03107142857143,0.396551724137931,60,FALSE,FALSE
"2021",13,"134","Siklosi",45.852147,18.2988281,3,7,8,0,810,0,6.74433179723502,0.396551724137931,61,FALSE,FALSE
"2021",13,"135","Siofoki",46.9057439,18.0525018,2,6,7,0,1859,0.00730158730158731,7.90698412698412,0.847701149425287,62,FALSE,FALSE
"2021",13,"136","Sopron-Fertodi",47.684898,16.583053,8,4,12,2454,0,10.0228571428571,0,0.925287356321839,10,TRUE,TRUE
"2021",13,"137","Sumegi",46.9775543,17.2819824,5,7,11,0,425,0,2.03107142857143,0.396551724137931,63,FALSE,FALSE
"2021",13,"138","Szarvasi",46.8595081,20.5595884,9,7,10,0,783,0,3.98892857142857,0.396551724137931,21,FALSE,FALSE
"2021",13,"139","Szecsenyi",48.0811488,19.5197217,3,7,8,0,453,0,6.74433179723502,0.396551724137931,64,FALSE,FALSE
"2021",13,"140","Szegedi",46.2536169,20.1461345,10,2,2,23963,8910,120.875428571428,49.1897142857143,0.982758620689655,3,TRUE,TRUE
"2021",13,"141","Szeghalomi",47.027309,21.166263,13,7,12,0,0,0,0,0.396551724137931,66,FALSE,FALSE
"2021",13,"142","Szekesfehervari",47.1887157,18.4138088,11,3,4,2105,6307,30.9533333333333,30.632380952381,0.951149425287356,20,TRUE,TRUE
"2021",13,"143","Szekszardi",46.3485623,18.7019205,3,7,8,0,1976,0,6.74433179723502,0.396551724137931,67,FALSE,FALSE
"2021",13,"144","Szentendrei",47.6734712,19.07254,4,7,3,0,5647,0,34.2704761904762,0.396551724137931,68,FALSE,FALSE
"2021",13,"145","Szentesi",46.65192,20.2571842,3,7,8,0,1105,0,6.74433179723502,0.396551724137931,69,FALSE,FALSE
"2021",13,"146","Szentgotthardi",46.9527524,16.2737218,5,7,11,0,336,0,2.03107142857143,0.396551724137931,70,FALSE,FALSE
"2021",13,"147","Szentlorinci",46.040211,17.989775,9,7,10,0,305,0,3.98892857142857,0.396551724137931,71,FALSE,FALSE
"2021",13,"148","Szerencsi",48.162418,21.205206,9,7,10,0,1043,0,3.98892857142857,0.396551724137931,72,FALSE,FALSE
"2021",13,"149","Szigetvari",46.0482577,17.8123125,9,7,10,0,554,0,3.98892857142857,0.396551724137931,73,FALSE,FALSE
"2021",13,"150","Szikszoi",48.1949949,20.9294318,9,7,10,0,351,0,3.98892857142857,0.396551724137931,75,FALSE,FALSE
"2021",13,"151","Szobi",47.818012,18.8667731,3,7,8,0,959,0,6.74433179723502,0.396551724137931,76,FALSE,FALSE
"2021",13,"152","Szolnoki",47.174662,20.17628,6,7,5,0,4579,0,20.3396825396825,0.396551724137931,15,TRUE,TRUE
"2021",13,"153","Szombathelyi",47.23514,16.6219178,6,7,5,0,4055,0,20.3396825396825,0.396551724137931,23,FALSE,FALSE
"2021",13,"154","Tabi",46.729486,18.0329558,5,7,11,0,187,0,2.03107142857143,0.396551724137931,77,FALSE,FALSE
"2021",13,"155","Tamasi",46.6295947,18.2846991,1,7,9,0,822,0,5.94186335403727,0.396551724137931,78,FALSE,FALSE
"2021",13,"156","Tapolcai",46.88289,17.4413581,3,7,8,0,1057,0,6.74433179723502,0.396551724137931,79,FALSE,FALSE
"2021",13,"157","Tatabanyai",47.5861869,18.3947662,7,5,6,680,2852,4.09904761904762,15.2685714285714,0.908045977011494,16,TRUE,TRUE
"2021",13,"158","Tatai",47.655255,18.3285248,2,6,7,0,1697,0.00730158730158731,7.90698412698412,0.847701149425287,80,FALSE,FALSE
"2021",13,"159","Teti",47.515979,17.5168418,9,7,10,0,373,0,3.98892857142857,0.396551724137931,81,FALSE,FALSE
"2021",13,"160","Tiszafuredi",47.615345,20.7617821,3,7,8,0,564,0,6.74433179723502,0.396551724137931,83,FALSE,FALSE
"2021",13,"161","Tiszaujvarosi",47.92291,21.052195,9,7,10,0,1025,0,3.98892857142857,0.396551724137931,84,FALSE,FALSE
"2021",13,"162","Tiszavasvari",47.9511368,21.3687867,3,7,8,0,641,0,6.74433179723502,0.396551724137931,85,FALSE,FALSE
"2021",13,"163","Tokaji",48.119994,21.412563,5,7,11,0,375,0,2.03107142857143,0.396551724137931,86,FALSE,FALSE
"2021",13,"164","Torokszentmiklosi",47.180736,20.4182932,3,7,8,0,989,0,6.74433179723502,0.396551724137931,87,FALSE,FALSE
"2021",13,"165","Vaci",47.7754454,19.1377076,7,5,6,1032,3181,4.09904761904762,15.2685714285714,0.908045977011494,17,TRUE,TRUE
"2021",13,"166","Varpalotai",47.1973949,18.1396572,3,7,8,0,996,0,6.74433179723502,0.396551724137931,88,FALSE,FALSE
"2021",13,"167","Vasarosnamenyi",48.126772,22.318366,3,7,8,0,1048,0,6.74433179723502,0.396551724137931,89,FALSE,FALSE
"2021",13,"168","Vasvari",47.051087,16.7985158,5,7,11,0,239,0,2.03107142857143,0.396551724137931,90,FALSE,FALSE
"2021",13,"169","Veresegyhazi",47.65714,19.284962,13,7,12,0,0,0,0,0.396551724137931,91,FALSE,FALSE
"2021",13,"170","Veszpremi",47.092967,17.913785,11,3,4,6920,3216,30.9533333333333,30.632380952381,0.951149425287356,9,TRUE,TRUE
"2021",13,"171","Zahonyi",48.406999,22.1745391,5,7,11,0,523,0,2.03107142857143,0.396551724137931,93,FALSE,FALSE
"2021",13,"172","Zalaegerszegi",46.845412,16.8472302,6,7,5,0,3485,0,20.3396825396825,0.396551724137931,94,FALSE,FALSE
"2021",13,"173","Zalakarosi",46.5605989,17.1230251,13,7,12,0,0,0,0,0.396551724137931,95,FALSE,FALSE
"2021",13,"174","Zalaszentgroti",46.947143,17.0790458,5,7,11,0,331,0,2.03107142857143,0.396551724137931,96,FALSE,FALSE
"2021",13,"175","Zirci",47.2630578,17.8725401,1,7,9,0,513,0,5.94186335403727,0.396551724137931,97,FALSE,FALSE
"2024",2,"1","Abai",47.028736,18.517633,2,2,2,0,0,0.064629294755883,8.52922242314636,0.451149425287356,26,FALSE,FALSE
"2024",2,"2","Abauj-Hegykozi",48.471017,21.2741752,2,2,2,0,438,0.064629294755883,8.52922242314636,0.451149425287356,100,FALSE,FALSE
"2024",2,"3","Adonyi",47.119574,18.8652611,2,2,2,0,0,0.064629294755883,8.52922242314636,0.451149425287356,109,FALSE,FALSE
"2024",2,"4","Ajkai",47.1068802,17.563957,2,2,2,0,1388,0.064629294755883,8.52922242314636,0.451149425287356,118,FALSE,FALSE
"2024",2,"5","Aszodi",47.6523763,19.4759463,2,2,2,0,1776,0.064629294755883,8.52922242314636,0.451149425287356,127,FALSE,FALSE
"2024",2,"6","Bacsalmasi",46.123955,19.32633,2,2,2,0,453,0.064629294755883,8.52922242314636,0.451149425287356,136,FALSE,FALSE
"2024",2,"7","Bajai",46.1834182,18.9538158,2,2,2,1307,2609,0.064629294755883,8.52922242314636,0.451149425287356,19,TRUE,TRUE
"2024",2,"8","Baktaloranthazai",47.997697,22.0766029,2,2,2,0,518,0.064629294755883,8.52922242314636,0.451149425287356,155,FALSE,FALSE
"2024",2,"9","Balassagyarmati",48.078798,19.2938953,2,2,2,0,1486,0.064629294755883,8.52922242314636,0.451149425287356,166,FALSE,FALSE
"2024",2,"10","Balatonalmadi",47.0286976,18.0148627,2,2,2,0,1474,0.064629294755883,8.52922242314636,0.451149425287356,27,FALSE,FALSE
"2024",2,"11","Balatonfoldvari",46.8497238,17.8794039,2,2,2,0,0,0.064629294755883,8.52922242314636,0.451149425287356,36,FALSE,FALSE
"2024",2,"12","Balatonfuredi",46.9564612,17.8889631,2,2,2,0,1403,0.064629294755883,8.52922242314636,0.451149425287356,46,FALSE,FALSE
"2024",2,"13","Balmazujvarosi",47.612435,21.343577,2,2,2,0,810,0.064629294755883,8.52922242314636,0.451149425287356,56,FALSE,FALSE
"2024",2,"14","Barcsi",45.959228,17.4666786,2,2,2,0,694,0.064629294755883,8.52922242314636,0.451149425287356,65,FALSE,FALSE
"2024",2,"15","Batonyterenyei",47.989222,19.828845,2,2,2,0,599,0.064629294755883,8.52922242314636,0.451149425287356,74,FALSE,FALSE
"2024",2,"16","Bekescsabai",46.6841987,21.0867872,2,2,2,0,3420,0.064629294755883,8.52922242314636,0.451149425287356,82,FALSE,FALSE
"2024",2,"17","Bekesi",46.6704899,21.0434996,2,2,2,0,1159,0.064629294755883,8.52922242314636,0.451149425287356,92,FALSE,FALSE
"2024",2,"18","Belapatfalvai",48.052725,20.348591,2,2,2,0,301,0.064629294755883,8.52922242314636,0.451149425287356,98,FALSE,FALSE
"2024",2,"19","Berettyoujfalui",47.233892,21.5340216,2,2,2,0,1374,0.064629294755883,8.52922242314636,0.451149425287356,99,FALSE,FALSE
"2024",2,"20","Bicskei",47.490759,18.6362719,2,2,2,0,1957,0.064629294755883,8.52922242314636,0.451149425287356,101,FALSE,FALSE
"2024",2,"21","Bodrogkozi",48.263291,21.8918689,2,2,2,0,281,0.064629294755883,8.52922242314636,0.451149425287356,102,FALSE,FALSE
"2024",2,"22","Bonyhadi",46.2986759,18.5305778,2,2,2,0,955,0.064629294755883,8.52922242314636,0.451149425287356,103,FALSE,FALSE
"2024",2,"23","Budaorsi",47.460753,18.9581146,2,2,2,480,0,0.064629294755883,8.52922242314636,0.451149425287356,22,FALSE,FALSE
"2024",2,"24","Budapesti",47.4984056,19.0407578,1,1,1,233181,99612,147.722689075629,69.0517647058821,0.954022988505747,1,TRUE,FALSE
"2024",2,"25","Cegledi",47.1772081,19.7980311,2,2,2,0,4677,0.064629294755883,8.52922242314636,0.451149425287356,104,FALSE,FALSE
"2024",2,"26","Celldomolki",47.257515,17.1526399,2,2,2,0,738,0.064629294755883,8.52922242314636,0.451149425287356,105,FALSE,FALSE
"2024",2,"27","Csengeri",47.8350105,22.6822754,2,2,2,0,418,0.064629294755883,8.52922242314636,0.451149425287356,106,FALSE,FALSE
"2024",2,"28","Csepregi",47.401546,16.7081249,2,2,2,0,0,0.064629294755883,8.52922242314636,0.451149425287356,107,FALSE,FALSE
"2024",2,"29","Csongradi",46.710833,20.144575,2,2,2,0,805,0.064629294755883,8.52922242314636,0.451149425287356,108,FALSE,FALSE
"2024",2,"30","Csornai",47.601529,17.249978,2,2,2,0,1018,0.064629294755883,8.52922242314636,0.451149425287356,110,FALSE,FALSE
"2024",2,"31","Csurgoi",46.260776,17.095325,2,2,2,0,486,0.064629294755883,8.52922242314636,0.451149425287356,111,FALSE,FALSE
"2024",2,"32","Dabasi",47.192283,19.330853,2,2,2,0,1995,0.064629294755883,8.52922242314636,0.451149425287356,112,FALSE,FALSE
"2024",2,"33","Debreceni",47.5299739,21.6393571,1,1,1,37000,12286,147.722689075629,69.0517647058821,0.954022988505747,2,TRUE,TRUE
"2024",2,"34","Derecske-Letavertesi",47.3824608,21.891967,2,2,2,0,765,0.064629294755883,8.52922242314636,0.451149425287356,113,FALSE,FALSE
"2024",2,"35","Devecseri",47.106397,17.437279,2,2,2,0,271,0.064629294755883,8.52922242314636,0.451149425287356,114,FALSE,FALSE
"2024",2,"36","Dombovari",46.383295,18.131089,2,2,2,0,915,0.064629294755883,8.52922242314636,0.451149425287356,115,FALSE,FALSE
"2024",2,"37","Dorogi",47.7197439,18.7287817,2,2,2,0,0,0.064629294755883,8.52922242314636,0.451149425287356,116,FALSE,FALSE
"2024",2,"38","Dunakeszi",47.6297228,19.1380528,2,2,2,0,6182,0.064629294755883,8.52922242314636,0.451149425287356,117,FALSE,FALSE
"2024",2,"39","Dunaujvarosi",46.980668,18.9127069,1,1,1,4739,4126,147.722689075629,69.0517647058821,0.954022988505747,18,TRUE,TRUE
"2024",2,"40","Edelenyi",48.2966608,20.7442671,2,2,2,0,858,0.064629294755883,8.52922242314636,0.451149425287356,119,FALSE,FALSE
"2024",2,"41","Egri",47.9031987,20.3731077,1,1,1,12071,4850,147.722689075629,69.0517647058821,0.954022988505747,8,TRUE,TRUE
"2024",2,"42","Encsi",48.330768,21.1219603,2,2,2,0,625,0.064629294755883,8.52922242314636,0.451149425287356,120,FALSE,FALSE
"2024",2,"43","Enyingi",46.9296,18.242978,2,2,2,0,648,0.064629294755883,8.52922242314636,0.451149425287356,121,FALSE,FALSE
"2024",2,"44","Ercsi",47.24966,18.891059,2,2,2,0,1394,0.064629294755883,8.52922242314636,0.451149425287356,122,FALSE,FALSE
"2024",2,"45","Erdi",47.3783095,18.9217973,2,2,2,0,9033,0.064629294755883,8.52922242314636,0.451149425287356,123,FALSE,FALSE
"2024",2,"46","Esztergomi",47.793308,18.7419333,2,2,2,0,4107,0.064629294755883,8.52922242314636,0.451149425287356,25,FALSE,FALSE
"2024",2,"47","Fehergyarmati",47.985063,22.517104,2,2,2,0,1848,0.064629294755883,8.52922242314636,0.451149425287356,124,FALSE,FALSE
"2024",2,"48","Fonyodi",46.749197,17.5558792,2,2,2,0,1333,0.064629294755883,8.52922242314636,0.451149425287356,125,FALSE,FALSE
"2024",2,"49","Fuzesabonyi",47.750888,20.409611,2,2,2,0,855,0.064629294755883,8.52922242314636,0.451149425287356,126,FALSE,FALSE
"2024",2,"50","Gardonyi",47.1973503,18.6091412,2,2,2,0,1978,0.064629294755883,8.52922242314636,0.451149425287356,128,FALSE,FALSE
"2024",2,"51","Godolloi",47.5975105,19.3480017,1,1,1,14221,10626,147.722689075629,69.0517647058821,0.954022988505747,5,TRUE,TRUE
"2024",2,"52","Gyali",47.3808958,19.215712,2,2,2,0,2369,0.064629294755883,8.52922242314636,0.451149425287356,129,FALSE,FALSE
"2024",2,"53","Gyongyosi",47.775028,19.9280689,2,2,2,0,3197,0.064629294755883,8.52922242314636,0.451149425287356,130,FALSE,FALSE
"2024",2,"54","Gyori",47.684051,17.6351011,1,1,1,19888,9655,147.722689075629,69.0517647058821,0.954022988505747,6,TRUE,TRUE
"2024",2,"55","Gyulai",46.642498,21.268809,2,2,2,0,1926,0.064629294755883,8.52922242314636,0.451149425287356,131,FALSE,FALSE
"2024",2,"56","Hajduboszormenyi",47.673238,21.5076172,2,2,2,0,2514,0.064629294755883,8.52922242314636,0.451149425287356,132,FALSE,FALSE
"2024",2,"57","Hajduhadhazi",47.68197,21.6685631,2,2,2,0,1658,0.064629294755883,8.52922242314636,0.451149425287356,133,FALSE,FALSE
"2024",2,"58","Hajduszoboszloi",47.443667,21.389719,2,2,2,0,1876,0.064629294755883,8.52922242314636,0.451149425287356,134,FALSE,FALSE
"2024",2,"59","Hatvani",47.668122,19.669901,2,2,2,0,2253,0.064629294755883,8.52922242314636,0.451149425287356,135,FALSE,FALSE
"2024",2,"60","Hevesi",47.5945238,20.2882213,2,2,2,0,860,0.064629294755883,8.52922242314636,0.451149425287356,137,FALSE,FALSE
"2024",2,"61","Hevizi",46.7905869,17.1843866,2,2,2,0,0,0.064629294755883,8.52922242314636,0.451149425287356,138,FALSE,FALSE
"2024",2,"62","Hodmezovasarhelyi",46.430411,20.3188298,2,2,2,0,2108,0.064629294755883,8.52922242314636,0.451149425287356,139,FALSE,FALSE
"2024",2,"63","Ibrany-Nagyhalaszi",48.134908,21.7187528,2,2,2,0,648,0.064629294755883,8.52922242314636,0.451149425287356,140,FALSE,FALSE
"2024",2,"64","Janoshalmai",46.2967401,19.3228798,2,2,2,0,508,0.064629294755883,8.52922242314636,0.451149425287356,141,FALSE,FALSE
"2024",2,"65","Jaszberenyi",47.5006181,19.9147188,2,2,2,0,2970,0.064629294755883,8.52922242314636,0.451149425287356,142,FALSE,FALSE
"2024",2,"66","Kadarkuti",46.2311466,17.6157102,2,2,2,0,0,0.064629294755883,8.52922242314636,0.451149425287356,143,FALSE,FALSE
"2024",2,"67","Kalocsai",46.5334145,18.9856969,2,2,2,0,1663,0.064629294755883,8.52922242314636,0.451149425287356,144,FALSE,FALSE
"2024",2,"68","Kaposvari",46.36653,17.782483,2,2,2,0,4651,0.064629294755883,8.52922242314636,0.451149425287356,12,TRUE,TRUE
"2024",2,"69","Kapuvar-Beledi",47.5935568,17.0249715,2,2,2,0,769,0.064629294755883,8.52922242314636,0.451149425287356,145,FALSE,FALSE
"2024",2,"70","Karcagi",47.316632,20.9220631,2,2,2,0,1329,0.064629294755883,8.52922242314636,0.451149425287356,146,FALSE,FALSE
"2024",2,"71","Kazincbarcikai",48.25317,20.6456512,2,2,2,0,2119,0.064629294755883,8.52922242314636,0.451149425287356,147,FALSE,FALSE
"2024",2,"72","Kecskemeti",46.9062092,19.6899774,1,1,1,6215,8255,147.722689075629,69.0517647058821,0.954022988505747,14,TRUE,TRUE
"2024",2,"73","Keszthelyi",46.7695893,17.2481444,2,2,2,0,2044,0.064629294755883,8.52922242314636,0.451149425287356,148,FALSE,FALSE
"2024",2,"74","Kisberi",47.501673,18.0269161,2,2,2,0,611,0.064629294755883,8.52922242314636,0.451149425287356,149,FALSE,FALSE
"2024",2,"75","Kiskorosi",46.620386,19.283827,2,2,2,0,1858,0.064629294755883,8.52922242314636,0.451149425287356,150,FALSE,FALSE
"2024",2,"76","Kiskunfelegyhazai",46.7050953,19.8499199,2,2,2,0,1430,0.064629294755883,8.52922242314636,0.451149425287356,151,FALSE,FALSE
"2024",2,"77","Kiskunhalasi",46.432037,19.4885269,2,2,2,0,1524,0.064629294755883,8.52922242314636,0.451149425287356,152,FALSE,FALSE
"2024",2,"78","Kiskunmajsai",46.492344,19.7368448,2,2,2,0,679,0.064629294755883,8.52922242314636,0.451149425287356,153,FALSE,FALSE
"2024",2,"79","Kisteleki",46.4696447,19.9803972,2,2,2,0,544,0.064629294755883,8.52922242314636,0.451149425287356,154,FALSE,FALSE
"2024",2,"80","Kisvardai",48.2264002,22.0846211,2,2,2,0,2416,0.064629294755883,8.52922242314636,0.451149425287356,156,FALSE,FALSE
"2024",2,"81","Komaromi",47.7434248,18.1191064,2,2,2,0,1452,0.064629294755883,8.52922242314636,0.451149425287356,157,FALSE,FALSE
"2024",2,"82","Komloi",47.600636,20.445412,2,2,2,0,974,0.064629294755883,8.52922242314636,0.451149425287356,158,FALSE,FALSE
"2024",2,"83","Kormendi",47.011113,16.6057156,2,2,2,0,852,0.064629294755883,8.52922242314636,0.451149425287356,159,FALSE,FALSE
"2024",2,"84","Koszegi",47.381935,16.552229,2,2,2,0,803,0.064629294755883,8.52922242314636,0.451149425287356,160,FALSE,FALSE
"2024",2,"85","Kunszentmartoni",46.841082,20.287233,2,2,2,0,977,0.064629294755883,8.52922242314636,0.451149425287356,161,FALSE,FALSE
"2024",2,"86","Kunszentmiklosi",47.026444,19.1227831,2,2,2,0,824,0.064629294755883,8.52922242314636,0.451149425287356,162,FALSE,FALSE
"2024",2,"87","Lengyeltoti",46.667049,17.6407711,2,2,2,0,0,0.064629294755883,8.52922242314636,0.451149425287356,163,FALSE,FALSE
"2024",2,"88","Lenti",46.623785,16.546001,2,2,2,0,582,0.064629294755883,8.52922242314636,0.451149425287356,164,FALSE,FALSE
"2024",2,"89","Letenyei",46.4337456,16.7221882,2,2,2,0,405,0.064629294755883,8.52922242314636,0.451149425287356,165,FALSE,FALSE
"2024",2,"90","Makoi",46.21498,20.47513,2,2,2,0,1355,0.064629294755883,8.52922242314636,0.451149425287356,167,FALSE,FALSE
"2024",2,"91","Marcali",46.582815,17.4119018,2,2,2,0,803,0.064629294755883,8.52922242314636,0.451149425287356,168,FALSE,FALSE
"2024",2,"92","Mateszalkai",47.943265,22.316904,2,2,2,0,1940,0.064629294755883,8.52922242314636,0.451149425287356,169,FALSE,FALSE
"2024",2,"93","Mezocsati",47.823541,20.9028038,2,2,2,0,339,0.064629294755883,8.52922242314636,0.451149425287356,170,FALSE,FALSE
"2024",2,"94","Mezokovacshazai",46.4071834,20.9241681,2,2,2,0,919,0.064629294755883,8.52922242314636,0.451149425287356,171,FALSE,FALSE
"2024",2,"95","Mezokovesdi",47.8068796,20.5650907,2,2,2,0,1592,0.064629294755883,8.52922242314636,0.451149425287356,172,FALSE,FALSE
"2024",2,"96","Mezoturi",47.00278,20.618465,2,2,2,0,1005,0.064629294755883,8.52922242314636,0.451149425287356,173,FALSE,FALSE
"2024",2,"97","Miskolci",48.1043854,20.7913563,1,1,1,13103,10711,147.722689075629,69.0517647058821,0.954022988505747,7,TRUE,TRUE
"2024",2,"98","Mohacsi",45.9959241,18.6798279,2,2,2,0,1645,0.064629294755883,8.52922242314636,0.451149425287356,174,FALSE,FALSE
"2024",2,"99","Monori",47.34754,19.448946,2,2,2,0,6010,0.064629294755883,8.52922242314636,0.451149425287356,175,FALSE,FALSE
"2024",2,"100","Morahalomi",46.217922,19.883719,2,2,2,0,1042,0.064629294755883,8.52922242314636,0.451149425287356,28,FALSE,FALSE
"2024",2,"101","Mori",47.3717781,18.2085973,2,2,2,0,1597,0.064629294755883,8.52922242314636,0.451149425287356,29,FALSE,FALSE
"2024",2,"102","Mosonmagyarovari",47.8744063,17.2693897,2,2,2,0,2584,0.064629294755883,8.52922242314636,0.451149425287356,30,FALSE,FALSE
"2024",2,"103","Nagyatadi",46.23001,17.3574429,2,2,2,0,742,0.064629294755883,8.52922242314636,0.451149425287356,31,FALSE,FALSE
"2024",2,"104","Nagykalloi",47.875519,21.8460521,2,2,2,0,997,0.064629294755883,8.52922242314636,0.451149425287356,32,FALSE,FALSE
"2024",2,"105","Nagykanizsai",46.455237,16.9953419,2,2,2,0,2555,0.064629294755883,8.52922242314636,0.451149425287356,33,FALSE,FALSE
"2024",2,"106","Nagykatai",47.4181175,19.7422453,2,2,2,0,2575,0.064629294755883,8.52922242314636,0.451149425287356,34,FALSE,FALSE
"2024",2,"107","Nyirbatori",47.835414,22.130289,2,2,2,0,1392,0.064629294755883,8.52922242314636,0.451149425287356,35,FALSE,FALSE
"2024",2,"108","Nyiregyhazai",47.9532583,21.7264647,1,1,1,8136,8963,147.722689075629,69.0517647058821,0.954022988505747,11,TRUE,TRUE
"2024",2,"109","Oroshazai",46.5615338,20.6619204,2,2,2,0,1689,0.064629294755883,8.52922242314636,0.451149425287356,13,TRUE,TRUE
"2024",2,"110","Oroszlanyi",47.4943329,18.3215448,2,2,2,0,932,0.064629294755883,8.52922242314636,0.451149425287356,37,FALSE,FALSE
"2024",2,"111","Ozdi",48.2195564,20.2869186,2,2,2,0,1807,0.064629294755883,8.52922242314636,0.451149425287356,38,FALSE,FALSE
"2024",2,"112","Oriszentpeteri",46.838954,16.4211574,2,2,2,0,0,0.064629294755883,8.52922242314636,0.451149425287356,39,FALSE,FALSE
"2024",2,"113","Pacsai",46.7226412,17.0096878,2,2,2,0,0,0.064629294755883,8.52922242314636,0.451149425287356,40,FALSE,FALSE
"2024",2,"114","Paksi",46.626368,18.8652409,2,2,2,0,1765,0.064629294755883,8.52922242314636,0.451149425287356,41,FALSE,FALSE
"2024",2,"115","Pannonhalmai",47.55021,17.754228,2,2,2,0,576,0.064629294755883,8.52922242314636,0.451149425287356,42,FALSE,FALSE
"2024",2,"116","Papai",47.3308153,17.4660302,2,2,2,0,1942,0.064629294755883,8.52922242314636,0.451149425287356,43,FALSE,FALSE
"2024",2,"117","Pasztoi",47.919562,19.6978939,2,2,2,0,1064,0.064629294755883,8.52922242314636,0.451149425287356,44,FALSE,FALSE
"2024",2,"118","Pecsi",46.0713242,18.2331772,1,1,1,29131,1755,147.722689075629,69.0517647058821,0.954022988505747,4,TRUE,TRUE
"2024",2,"119","Pecsvaradi",46.158114,18.422176,2,2,2,0,412,0.064629294755883,8.52922242314636,0.451149425287356,45,FALSE,FALSE
"2024",2,"120","Petervasarai",48.017941,20.1019849,2,2,2,0,625,0.064629294755883,8.52922242314636,0.451149425287356,47,FALSE,FALSE
"2024",2,"121","Pilisvorosvari",47.6212089,18.9111742,2,2,2,0,4800,0.064629294755883,8.52922242314636,0.451149425287356,48,FALSE,FALSE
"2024",2,"122","Polgari",47.866362,21.1242449,2,2,2,0,0,0.064629294755883,8.52922242314636,0.451149425287356,49,FALSE,FALSE
"2024",2,"123","Puspokladanyi",47.3176758,21.1165369,2,2,2,0,1244,0.064629294755883,8.52922242314636,0.451149425287356,50,FALSE,FALSE
"2024",2,"124","Rackevei",47.1611023,18.9455669,2,2,2,0,8604,0.064629294755883,8.52922242314636,0.451149425287356,51,FALSE,FALSE
"2024",2,"125","Retsagi",47.9278597,19.1372757,2,2,2,0,927,0.064629294755883,8.52922242314636,0.451149425287356,52,FALSE,FALSE
"2024",2,"126","Salgotarjani",48.0853167,19.7869357,2,2,2,0,1796,0.064629294755883,8.52922242314636,0.451149425287356,53,FALSE,FALSE
"2024",2,"127","Sarbogardi",46.887769,18.6193289,2,2,2,0,789,0.064629294755883,8.52922242314636,0.451149425287356,54,FALSE,FALSE
"2024",2,"128","Sarkadi",46.746283,21.3848669,2,2,2,0,585,0.064629294755883,8.52922242314636,0.451149425287356,55,FALSE,FALSE
"2024",2,"129","Sarospataki",48.318984,21.5663738,1,1,1,2089,1038,147.722689075629,69.0517647058821,0.954022988505747,24,FALSE,FALSE
"2024",2,"130","Sarvari",47.2540616,16.9352309,2,2,2,0,1167,0.064629294755883,8.52922242314636,0.451149425287356,57,FALSE,FALSE
"2024",2,"131","Sasdi",46.2548488,18.1060595,2,2,2,0,7669,0.064629294755883,8.52922242314636,0.451149425287356,58,FALSE,FALSE
"2024",2,"132","Satoraljaujhelyi",48.3941408,21.6559965,2,2,2,0,951,0.064629294755883,8.52922242314636,0.451149425287356,59,FALSE,FALSE
"2024",2,"133","Sellyei",45.8719698,17.8460989,2,2,2,0,247,0.064629294755883,8.52922242314636,0.451149425287356,60,FALSE,FALSE
"2024",2,"134","Siklosi",45.852147,18.2988281,2,2,2,0,1092,0.064629294755883,8.52922242314636,0.451149425287356,61,FALSE,FALSE
"2024",2,"135","Siofoki",46.9057439,18.0525018,2,2,2,0,2415,0.064629294755883,8.52922242314636,0.451149425287356,62,FALSE,FALSE
"2024",2,"136","Sopron-Fertodi",47.684898,16.583053,1,1,1,4587,3835,147.722689075629,69.0517647058821,0.954022988505747,10,TRUE,TRUE
"2024",2,"137","Sumegi",46.9775543,17.2819824,2,2,2,0,427,0.064629294755883,8.52922242314636,0.451149425287356,63,FALSE,FALSE
"2024",2,"138","Szarvasi",46.8595081,20.5595884,2,2,2,0,1869,0.064629294755883,8.52922242314636,0.451149425287356,21,FALSE,FALSE
"2024",2,"139","Szecsenyi",48.0811488,19.5197217,2,2,2,0,678,0.064629294755883,8.52922242314636,0.451149425287356,64,FALSE,FALSE
"2024",2,"140","Szegedi",46.2536169,20.1461345,1,1,1,35442,10704,147.722689075629,69.0517647058821,0.954022988505747,3,TRUE,TRUE
"2024",2,"141","Szeghalomi",47.027309,21.166263,2,2,2,0,932,0.064629294755883,8.52922242314636,0.451149425287356,66,FALSE,FALSE
"2024",2,"142","Szekesfehervari",47.1887157,18.4138088,1,1,1,5890,7523,147.722689075629,69.0517647058821,0.954022988505747,20,TRUE,TRUE
"2024",2,"143","Szekszardi",46.3485623,18.7019205,2,2,2,0,3007,0.064629294755883,8.52922242314636,0.451149425287356,67,FALSE,FALSE
"2024",2,"144","Szentendrei",47.6734712,19.07254,2,2,2,0,6509,0.064629294755883,8.52922242314636,0.451149425287356,68,FALSE,FALSE
"2024",2,"145","Szentesi",46.65192,20.2571842,2,2,2,0,1557,0.064629294755883,8.52922242314636,0.451149425287356,69,FALSE,FALSE
"2024",2,"146","Szentgotthardi",46.9527524,16.2737218,2,2,2,0,446,0.064629294755883,8.52922242314636,0.451149425287356,70,FALSE,FALSE
"2024",2,"147","Szentlorinci",46.040211,17.989775,2,2,2,0,476,0.064629294755883,8.52922242314636,0.451149425287356,71,FALSE,FALSE
"2024",2,"148","Szerencsi",48.162418,21.205206,2,2,2,0,1337,0.064629294755883,8.52922242314636,0.451149425287356,72,FALSE,FALSE
"2024",2,"149","Szigetvari",46.0482577,17.8123125,2,2,2,0,671,0.064629294755883,8.52922242314636,0.451149425287356,73,FALSE,FALSE
"2024",2,"150","Szikszoi",48.1949949,20.9294318,2,2,2,0,495,0.064629294755883,8.52922242314636,0.451149425287356,75,FALSE,FALSE
"2024",2,"151","Szobi",47.818012,18.8667731,2,2,2,0,1410,0.064629294755883,8.52922242314636,0.451149425287356,76,FALSE,FALSE
"2024",2,"152","Szolnoki",47.174662,20.17628,2,2,2,0,5164,0.064629294755883,8.52922242314636,0.451149425287356,15,TRUE,TRUE
"2024",2,"153","Szombathelyi",47.23514,16.6219178,2,2,2,0,4948,0.064629294755883,8.52922242314636,0.451149425287356,23,FALSE,FALSE
"2024",2,"154","Tabi",46.729486,18.0329558,2,2,2,0,215,0.064629294755883,8.52922242314636,0.451149425287356,77,FALSE,FALSE
"2024",2,"155","Tamasi",46.6295947,18.2846991,2,2,2,0,927,0.064629294755883,8.52922242314636,0.451149425287356,78,FALSE,FALSE
"2024",2,"156","Tapolcai",46.88289,17.4413581,2,2,2,0,1286,0.064629294755883,8.52922242314636,0.451149425287356,79,FALSE,FALSE
"2024",2,"157","Tatabanyai",47.5861869,18.3947662,1,1,1,1862,3827,147.722689075629,69.0517647058821,0.954022988505747,16,TRUE,TRUE
"2024",2,"158","Tatai",47.655255,18.3285248,2,2,2,0,2238,0.064629294755883,8.52922242314636,0.451149425287356,80,FALSE,FALSE
"2024",2,"159","Teti",47.515979,17.5168418,2,2,2,0,436,0.064629294755883,8.52922242314636,0.451149425287356,81,FALSE,FALSE
"2024",2,"160","Tiszafuredi",47.615345,20.7617821,2,2,2,0,1052,0.064629294755883,8.52922242314636,0.451149425287356,83,FALSE,FALSE
"2024",2,"161","Tiszaujvarosi",47.92291,21.052195,2,2,2,0,1349,0.064629294755883,8.52922242314636,0.451149425287356,84,FALSE,FALSE
"2024",2,"162","Tiszavasvari",47.9511368,21.3687867,2,2,2,0,735,0.064629294755883,8.52922242314636,0.451149425287356,85,FALSE,FALSE
"2024",2,"163","Tokaji",48.119994,21.412563,2,2,2,0,418,0.064629294755883,8.52922242314636,0.451149425287356,86,FALSE,FALSE
"2024",2,"164","Torokszentmiklosi",47.180736,20.4182932,2,2,2,0,1142,0.064629294755883,8.52922242314636,0.451149425287356,87,FALSE,FALSE
"2024",2,"165","Vaci",47.7754454,19.1377076,1,1,1,1827,3734,147.722689075629,69.0517647058821,0.954022988505747,17,TRUE,TRUE
"2024",2,"166","Varpalotai",47.1973949,18.1396572,2,2,2,0,1297,0.064629294755883,8.52922242314636,0.451149425287356,88,FALSE,FALSE
"2024",2,"167","Vasarosnamenyi",48.126772,22.318366,2,2,2,0,1318,0.064629294755883,8.52922242314636,0.451149425287356,89,FALSE,FALSE
"2024",2,"168","Vasvari",47.051087,16.7985158,2,2,2,0,314,0.064629294755883,8.52922242314636,0.451149425287356,90,FALSE,FALSE
"2024",2,"169","Veresegyhazi",47.65714,19.284962,2,2,2,0,0,0.064629294755883,8.52922242314636,0.451149425287356,91,FALSE,FALSE
"2024",2,"170","Veszpremi",47.092967,17.913785,1,1,1,10093,3929,147.722689075629,69.0517647058821,0.954022988505747,9,TRUE,TRUE
"2024",2,"171","Zahonyi",48.406999,22.1745391,2,2,2,0,518,0.064629294755883,8.52922242314636,0.451149425287356,93,FALSE,FALSE
"2024",2,"172","Zalaegerszegi",46.845412,16.8472302,2,2,2,0,3906,0.064629294755883,8.52922242314636,0.451149425287356,94,FALSE,FALSE
"2024",2,"173","Zalakarosi",46.5605989,17.1230251,2,2,2,0,0,0.064629294755883,8.52922242314636,0.451149425287356,95,FALSE,FALSE
"2024",2,"174","Zalaszentgroti",46.947143,17.0790458,2,2,2,0,472,0.064629294755883,8.52922242314636,0.451149425287356,96,FALSE,FALSE
"2024",2,"175","Zirci",47.2630578,17.8725401,2,2,2,0,657,0.064629294755883,8.52922242314636,0.451149425287356,97,FALSE,FALSE
"2024",4,"1","Abai",47.028736,18.517633,2,3,4,0,0,0.195918367346938,0,0.859195402298851,26,FALSE,FALSE
"2024",4,"2","Abauj-Hegykozi",48.471017,21.2741752,3,4,3,0,438,0,9.31964035964039,0.408045977011494,100,FALSE,FALSE
"2024",4,"3","Adonyi",47.119574,18.8652611,2,3,4,0,0,0.195918367346938,0,0.859195402298851,109,FALSE,FALSE
"2024",4,"4","Ajkai",47.1068802,17.563957,3,4,3,0,1388,0,9.31964035964039,0.408045977011494,118,FALSE,FALSE
"2024",4,"5","Aszodi",47.6523763,19.4759463,3,4,3,0,1776,0,9.31964035964039,0.408045977011494,127,FALSE,FALSE
"2024",4,"6","Bacsalmasi",46.123955,19.32633,3,4,3,0,453,0,9.31964035964039,0.408045977011494,136,FALSE,FALSE
"2024",4,"7","Bajai",46.1834182,18.9538158,4,2,2,1307,2609,69.7818487394959,36.4457142857142,0.948275862068966,19,TRUE,TRUE
"2024",4,"8","Baktaloranthazai",47.997697,22.0766029,3,4,3,0,518,0,9.31964035964039,0.408045977011494,155,FALSE,FALSE
"2024",4,"9","Balassagyarmati",48.078798,19.2938953,3,4,3,0,1486,0,9.31964035964039,0.408045977011494,166,FALSE,FALSE
"2024",4,"10","Balatonalmadi",47.0286976,18.0148627,3,4,3,0,1474,0,9.31964035964039,0.408045977011494,27,FALSE,FALSE
"2024",4,"11","Balatonfoldvari",46.8497238,17.8794039,2,3,4,0,0,0.195918367346938,0,0.859195402298851,36,FALSE,FALSE
"2024",4,"12","Balatonfuredi",46.9564612,17.8889631,3,4,3,0,1403,0,9.31964035964039,0.408045977011494,46,FALSE,FALSE
"2024",4,"13","Balmazujvarosi",47.612435,21.343577,3,4,3,0,810,0,9.31964035964039,0.408045977011494,56,FALSE,FALSE
"2024",4,"14","Barcsi",45.959228,17.4666786,3,4,3,0,694,0,9.31964035964039,0.408045977011494,65,FALSE,FALSE
"2024",4,"15","Batonyterenyei",47.989222,19.828845,3,4,3,0,599,0,9.31964035964039,0.408045977011494,74,FALSE,FALSE
"2024",4,"16","Bekescsabai",46.6841987,21.0867872,3,4,3,0,3420,0,9.31964035964039,0.408045977011494,82,FALSE,FALSE
"2024",4,"17","Bekesi",46.6704899,21.0434996,3,4,3,0,1159,0,9.31964035964039,0.408045977011494,92,FALSE,FALSE
"2024",4,"18","Belapatfalvai",48.052725,20.348591,3,4,3,0,301,0,9.31964035964039,0.408045977011494,98,FALSE,FALSE
"2024",4,"19","Berettyoujfalui",47.233892,21.5340216,3,4,3,0,1374,0,9.31964035964039,0.408045977011494,99,FALSE,FALSE
"2024",4,"20","Bicskei",47.490759,18.6362719,3,4,3,0,1957,0,9.31964035964039,0.408045977011494,101,FALSE,FALSE
"2024",4,"21","Bodrogkozi",48.263291,21.8918689,3,4,3,0,281,0,9.31964035964039,0.408045977011494,102,FALSE,FALSE
"2024",4,"22","Bonyhadi",46.2986759,18.5305778,3,4,3,0,955,0,9.31964035964039,0.408045977011494,103,FALSE,FALSE
"2024",4,"23","Budaorsi",47.460753,18.9581146,2,3,4,480,0,0.195918367346938,0,0.859195402298851,22,FALSE,FALSE
"2024",4,"24","Budapesti",47.4984056,19.0407578,1,1,1,233181,99612,1332.46285714286,569.211428571429,1,1,TRUE,FALSE
"2024",4,"25","Cegledi",47.1772081,19.7980311,3,4,3,0,4677,0,9.31964035964039,0.408045977011494,104,FALSE,FALSE
"2024",4,"26","Celldomolki",47.257515,17.1526399,3,4,3,0,738,0,9.31964035964039,0.408045977011494,105,FALSE,FALSE
"2024",4,"27","Csengeri",47.8350105,22.6822754,3,4,3,0,418,0,9.31964035964039,0.408045977011494,106,FALSE,FALSE
"2024",4,"28","Csepregi",47.401546,16.7081249,2,3,4,0,0,0.195918367346938,0,0.859195402298851,107,FALSE,FALSE
"2024",4,"29","Csongradi",46.710833,20.144575,3,4,3,0,805,0,9.31964035964039,0.408045977011494,108,FALSE,FALSE
"2024",4,"30","Csornai",47.601529,17.249978,3,4,3,0,1018,0,9.31964035964039,0.408045977011494,110,FALSE,FALSE
"2024",4,"31","Csurgoi",46.260776,17.095325,3,4,3,0,486,0,9.31964035964039,0.408045977011494,111,FALSE,FALSE
"2024",4,"32","Dabasi",47.192283,19.330853,3,4,3,0,1995,0,9.31964035964039,0.408045977011494,112,FALSE,FALSE
"2024",4,"33","Debreceni",47.5299739,21.6393571,4,2,2,37000,12286,69.7818487394959,36.4457142857142,0.948275862068966,2,TRUE,TRUE
"2024",4,"34","Derecske-Letavertesi",47.3824608,21.891967,3,4,3,0,765,0,9.31964035964039,0.408045977011494,113,FALSE,FALSE
"2024",4,"35","Devecseri",47.106397,17.437279,3,4,3,0,271,0,9.31964035964039,0.408045977011494,114,FALSE,FALSE
"2024",4,"36","Dombovari",46.383295,18.131089,3,4,3,0,915,0,9.31964035964039,0.408045977011494,115,FALSE,FALSE
"2024",4,"37","Dorogi",47.7197439,18.7287817,2,3,4,0,0,0.195918367346938,0,0.859195402298851,116,FALSE,FALSE
"2024",4,"38","Dunakeszi",47.6297228,19.1380528,3,4,3,0,6182,0,9.31964035964039,0.408045977011494,117,FALSE,FALSE
"2024",4,"39","Dunaujvarosi",46.980668,18.9127069,4,2,2,4739,4126,69.7818487394959,36.4457142857142,0.948275862068966,18,TRUE,TRUE
"2024",4,"40","Edelenyi",48.2966608,20.7442671,3,4,3,0,858,0,9.31964035964039,0.408045977011494,119,FALSE,FALSE
"2024",4,"41","Egri",47.9031987,20.3731077,4,2,2,12071,4850,69.7818487394959,36.4457142857142,0.948275862068966,8,TRUE,TRUE
"2024",4,"42","Encsi",48.330768,21.1219603,3,4,3,0,625,0,9.31964035964039,0.408045977011494,120,FALSE,FALSE
"2024",4,"43","Enyingi",46.9296,18.242978,3,4,3,0,648,0,9.31964035964039,0.408045977011494,121,FALSE,FALSE
"2024",4,"44","Ercsi",47.24966,18.891059,3,4,3,0,1394,0,9.31964035964039,0.408045977011494,122,FALSE,FALSE
"2024",4,"45","Erdi",47.3783095,18.9217973,3,4,3,0,9033,0,9.31964035964039,0.408045977011494,123,FALSE,FALSE
"2024",4,"46","Esztergomi",47.793308,18.7419333,3,4,3,0,4107,0,9.31964035964039,0.408045977011494,25,FALSE,FALSE
"2024",4,"47","Fehergyarmati",47.985063,22.517104,3,4,3,0,1848,0,9.31964035964039,0.408045977011494,124,FALSE,FALSE
"2024",4,"48","Fonyodi",46.749197,17.5558792,3,4,3,0,1333,0,9.31964035964039,0.408045977011494,125,FALSE,FALSE
"2024",4,"49","Fuzesabonyi",47.750888,20.409611,3,4,3,0,855,0,9.31964035964039,0.408045977011494,126,FALSE,FALSE
"2024",4,"50","Gardonyi",47.1973503,18.6091412,3,4,3,0,1978,0,9.31964035964039,0.408045977011494,128,FALSE,FALSE
"2024",4,"51","Godolloi",47.5975105,19.3480017,4,2,2,14221,10626,69.7818487394959,36.4457142857142,0.948275862068966,5,TRUE,TRUE
"2024",4,"52","Gyali",47.3808958,19.215712,3,4,3,0,2369,0,9.31964035964039,0.408045977011494,129,FALSE,FALSE
"2024",4,"53","Gyongyosi",47.775028,19.9280689,3,4,3,0,3197,0,9.31964035964039,0.408045977011494,130,FALSE,FALSE
"2024",4,"54","Gyori",47.684051,17.6351011,4,2,2,19888,9655,69.7818487394959,36.4457142857142,0.948275862068966,6,TRUE,TRUE
"2024",4,"55","Gyulai",46.642498,21.268809,3,4,3,0,1926,0,9.31964035964039,0.408045977011494,131,FALSE,FALSE
"2024",4,"56","Hajduboszormenyi",47.673238,21.5076172,3,4,3,0,2514,0,9.31964035964039,0.408045977011494,132,FALSE,FALSE
"2024",4,"57","Hajduhadhazi",47.68197,21.6685631,3,4,3,0,1658,0,9.31964035964039,0.408045977011494,133,FALSE,FALSE
"2024",4,"58","Hajduszoboszloi",47.443667,21.389719,3,4,3,0,1876,0,9.31964035964039,0.408045977011494,134,FALSE,FALSE
"2024",4,"59","Hatvani",47.668122,19.669901,3,4,3,0,2253,0,9.31964035964039,0.408045977011494,135,FALSE,FALSE
"2024",4,"60","Hevesi",47.5945238,20.2882213,3,4,3,0,860,0,9.31964035964039,0.408045977011494,137,FALSE,FALSE
"2024",4,"61","Hevizi",46.7905869,17.1843866,2,3,4,0,0,0.195918367346938,0,0.859195402298851,138,FALSE,FALSE
"2024",4,"62","Hodmezovasarhelyi",46.430411,20.3188298,3,4,3,0,2108,0,9.31964035964039,0.408045977011494,139,FALSE,FALSE
"2024",4,"63","Ibrany-Nagyhalaszi",48.134908,21.7187528,3,4,3,0,648,0,9.31964035964039,0.408045977011494,140,FALSE,FALSE
"2024",4,"64","Janoshalmai",46.2967401,19.3228798,3,4,3,0,508,0,9.31964035964039,0.408045977011494,141,FALSE,FALSE
"2024",4,"65","Jaszberenyi",47.5006181,19.9147188,3,4,3,0,2970,0,9.31964035964039,0.408045977011494,142,FALSE,FALSE
"2024",4,"66","Kadarkuti",46.2311466,17.6157102,2,3,4,0,0,0.195918367346938,0,0.859195402298851,143,FALSE,FALSE
"2024",4,"67","Kalocsai",46.5334145,18.9856969,3,4,3,0,1663,0,9.31964035964039,0.408045977011494,144,FALSE,FALSE
"2024",4,"68","Kaposvari",46.36653,17.782483,3,4,3,0,4651,0,9.31964035964039,0.408045977011494,12,TRUE,TRUE
"2024",4,"69","Kapuvar-Beledi",47.5935568,17.0249715,3,4,3,0,769,0,9.31964035964039,0.408045977011494,145,FALSE,FALSE
"2024",4,"70","Karcagi",47.316632,20.9220631,3,4,3,0,1329,0,9.31964035964039,0.408045977011494,146,FALSE,FALSE
"2024",4,"71","Kazincbarcikai",48.25317,20.6456512,3,4,3,0,2119,0,9.31964035964039,0.408045977011494,147,FALSE,FALSE
"2024",4,"72","Kecskemeti",46.9062092,19.6899774,4,2,2,6215,8255,69.7818487394959,36.4457142857142,0.948275862068966,14,TRUE,TRUE
"2024",4,"73","Keszthelyi",46.7695893,17.2481444,3,4,3,0,2044,0,9.31964035964039,0.408045977011494,148,FALSE,FALSE
"2024",4,"74","Kisberi",47.501673,18.0269161,3,4,3,0,611,0,9.31964035964039,0.408045977011494,149,FALSE,FALSE
"2024",4,"75","Kiskorosi",46.620386,19.283827,3,4,3,0,1858,0,9.31964035964039,0.408045977011494,150,FALSE,FALSE
"2024",4,"76","Kiskunfelegyhazai",46.7050953,19.8499199,3,4,3,0,1430,0,9.31964035964039,0.408045977011494,151,FALSE,FALSE
"2024",4,"77","Kiskunhalasi",46.432037,19.4885269,3,4,3,0,1524,0,9.31964035964039,0.408045977011494,152,FALSE,FALSE
"2024",4,"78","Kiskunmajsai",46.492344,19.7368448,3,4,3,0,679,0,9.31964035964039,0.408045977011494,153,FALSE,FALSE
"2024",4,"79","Kisteleki",46.4696447,19.9803972,3,4,3,0,544,0,9.31964035964039,0.408045977011494,154,FALSE,FALSE
"2024",4,"80","Kisvardai",48.2264002,22.0846211,3,4,3,0,2416,0,9.31964035964039,0.408045977011494,156,FALSE,FALSE
"2024",4,"81","Komaromi",47.7434248,18.1191064,3,4,3,0,1452,0,9.31964035964039,0.408045977011494,157,FALSE,FALSE
"2024",4,"82","Komloi",47.600636,20.445412,3,4,3,0,974,0,9.31964035964039,0.408045977011494,158,FALSE,FALSE
"2024",4,"83","Kormendi",47.011113,16.6057156,3,4,3,0,852,0,9.31964035964039,0.408045977011494,159,FALSE,FALSE
"2024",4,"84","Koszegi",47.381935,16.552229,3,4,3,0,803,0,9.31964035964039,0.408045977011494,160,FALSE,FALSE
"2024",4,"85","Kunszentmartoni",46.841082,20.287233,3,4,3,0,977,0,9.31964035964039,0.408045977011494,161,FALSE,FALSE
"2024",4,"86","Kunszentmiklosi",47.026444,19.1227831,3,4,3,0,824,0,9.31964035964039,0.408045977011494,162,FALSE,FALSE
"2024",4,"87","Lengyeltoti",46.667049,17.6407711,2,3,4,0,0,0.195918367346938,0,0.859195402298851,163,FALSE,FALSE
"2024",4,"88","Lenti",46.623785,16.546001,3,4,3,0,582,0,9.31964035964039,0.408045977011494,164,FALSE,FALSE
"2024",4,"89","Letenyei",46.4337456,16.7221882,3,4,3,0,405,0,9.31964035964039,0.408045977011494,165,FALSE,FALSE
"2024",4,"90","Makoi",46.21498,20.47513,3,4,3,0,1355,0,9.31964035964039,0.408045977011494,167,FALSE,FALSE
"2024",4,"91","Marcali",46.582815,17.4119018,3,4,3,0,803,0,9.31964035964039,0.408045977011494,168,FALSE,FALSE
"2024",4,"92","Mateszalkai",47.943265,22.316904,3,4,3,0,1940,0,9.31964035964039,0.408045977011494,169,FALSE,FALSE
"2024",4,"93","Mezocsati",47.823541,20.9028038,3,4,3,0,339,0,9.31964035964039,0.408045977011494,170,FALSE,FALSE
"2024",4,"94","Mezokovacshazai",46.4071834,20.9241681,3,4,3,0,919,0,9.31964035964039,0.408045977011494,171,FALSE,FALSE
"2024",4,"95","Mezokovesdi",47.8068796,20.5650907,3,4,3,0,1592,0,9.31964035964039,0.408045977011494,172,FALSE,FALSE
"2024",4,"96","Mezoturi",47.00278,20.618465,3,4,3,0,1005,0,9.31964035964039,0.408045977011494,173,FALSE,FALSE
"2024",4,"97","Miskolci",48.1043854,20.7913563,4,2,2,13103,10711,69.7818487394959,36.4457142857142,0.948275862068966,7,TRUE,TRUE
"2024",4,"98","Mohacsi",45.9959241,18.6798279,3,4,3,0,1645,0,9.31964035964039,0.408045977011494,174,FALSE,FALSE
"2024",4,"99","Monori",47.34754,19.448946,3,4,3,0,6010,0,9.31964035964039,0.408045977011494,175,FALSE,FALSE
"2024",4,"100","Morahalomi",46.217922,19.883719,3,4,3,0,1042,0,9.31964035964039,0.408045977011494,28,FALSE,FALSE
"2024",4,"101","Mori",47.3717781,18.2085973,3,4,3,0,1597,0,9.31964035964039,0.408045977011494,29,FALSE,FALSE
"2024",4,"102","Mosonmagyarovari",47.8744063,17.2693897,3,4,3,0,2584,0,9.31964035964039,0.408045977011494,30,FALSE,FALSE
"2024",4,"103","Nagyatadi",46.23001,17.3574429,3,4,3,0,742,0,9.31964035964039,0.408045977011494,31,FALSE,FALSE
"2024",4,"104","Nagykalloi",47.875519,21.8460521,3,4,3,0,997,0,9.31964035964039,0.408045977011494,32,FALSE,FALSE
"2024",4,"105","Nagykanizsai",46.455237,16.9953419,3,4,3,0,2555,0,9.31964035964039,0.408045977011494,33,FALSE,FALSE
"2024",4,"106","Nagykatai",47.4181175,19.7422453,3,4,3,0,2575,0,9.31964035964039,0.408045977011494,34,FALSE,FALSE
"2024",4,"107","Nyirbatori",47.835414,22.130289,3,4,3,0,1392,0,9.31964035964039,0.408045977011494,35,FALSE,FALSE
"2024",4,"108","Nyiregyhazai",47.9532583,21.7264647,4,2,2,8136,8963,69.7818487394959,36.4457142857142,0.948275862068966,11,TRUE,TRUE
"2024",4,"109","Oroshazai",46.5615338,20.6619204,3,4,3,0,1689,0,9.31964035964039,0.408045977011494,13,TRUE,TRUE
"2024",4,"110","Oroszlanyi",47.4943329,18.3215448,3,4,3,0,932,0,9.31964035964039,0.408045977011494,37,FALSE,FALSE
"2024",4,"111","Ozdi",48.2195564,20.2869186,3,4,3,0,1807,0,9.31964035964039,0.408045977011494,38,FALSE,FALSE
"2024",4,"112","Oriszentpeteri",46.838954,16.4211574,2,3,4,0,0,0.195918367346938,0,0.859195402298851,39,FALSE,FALSE
"2024",4,"113","Pacsai",46.7226412,17.0096878,2,3,4,0,0,0.195918367346938,0,0.859195402298851,40,FALSE,FALSE
"2024",4,"114","Paksi",46.626368,18.8652409,3,4,3,0,1765,0,9.31964035964039,0.408045977011494,41,FALSE,FALSE
"2024",4,"115","Pannonhalmai",47.55021,17.754228,3,4,3,0,576,0,9.31964035964039,0.408045977011494,42,FALSE,FALSE
"2024",4,"116","Papai",47.3308153,17.4660302,3,4,3,0,1942,0,9.31964035964039,0.408045977011494,43,FALSE,FALSE
"2024",4,"117","Pasztoi",47.919562,19.6978939,3,4,3,0,1064,0,9.31964035964039,0.408045977011494,44,FALSE,FALSE
"2024",4,"118","Pecsi",46.0713242,18.2331772,4,2,2,29131,1755,69.7818487394959,36.4457142857142,0.948275862068966,4,TRUE,TRUE
"2024",4,"119","Pecsvaradi",46.158114,18.422176,3,4,3,0,412,0,9.31964035964039,0.408045977011494,45,FALSE,FALSE
"2024",4,"120","Petervasarai",48.017941,20.1019849,3,4,3,0,625,0,9.31964035964039,0.408045977011494,47,FALSE,FALSE
"2024",4,"121","Pilisvorosvari",47.6212089,18.9111742,3,4,3,0,4800,0,9.31964035964039,0.408045977011494,48,FALSE,FALSE
"2024",4,"122","Polgari",47.866362,21.1242449,2,3,4,0,0,0.195918367346938,0,0.859195402298851,49,FALSE,FALSE
"2024",4,"123","Puspokladanyi",47.3176758,21.1165369,3,4,3,0,1244,0,9.31964035964039,0.408045977011494,50,FALSE,FALSE
"2024",4,"124","Rackevei",47.1611023,18.9455669,3,4,3,0,8604,0,9.31964035964039,0.408045977011494,51,FALSE,FALSE
"2024",4,"125","Retsagi",47.9278597,19.1372757,3,4,3,0,927,0,9.31964035964039,0.408045977011494,52,FALSE,FALSE
"2024",4,"126","Salgotarjani",48.0853167,19.7869357,3,4,3,0,1796,0,9.31964035964039,0.408045977011494,53,FALSE,FALSE
"2024",4,"127","Sarbogardi",46.887769,18.6193289,3,4,3,0,789,0,9.31964035964039,0.408045977011494,54,FALSE,FALSE
"2024",4,"128","Sarkadi",46.746283,21.3848669,3,4,3,0,585,0,9.31964035964039,0.408045977011494,55,FALSE,FALSE
"2024",4,"129","Sarospataki",48.318984,21.5663738,4,2,2,2089,1038,69.7818487394959,36.4457142857142,0.948275862068966,24,FALSE,FALSE
"2024",4,"130","Sarvari",47.2540616,16.9352309,3,4,3,0,1167,0,9.31964035964039,0.408045977011494,57,FALSE,FALSE
"2024",4,"131","Sasdi",46.2548488,18.1060595,3,4,3,0,7669,0,9.31964035964039,0.408045977011494,58,FALSE,FALSE
"2024",4,"132","Satoraljaujhelyi",48.3941408,21.6559965,3,4,3,0,951,0,9.31964035964039,0.408045977011494,59,FALSE,FALSE
"2024",4,"133","Sellyei",45.8719698,17.8460989,3,4,3,0,247,0,9.31964035964039,0.408045977011494,60,FALSE,FALSE
"2024",4,"134","Siklosi",45.852147,18.2988281,3,4,3,0,1092,0,9.31964035964039,0.408045977011494,61,FALSE,FALSE
"2024",4,"135","Siofoki",46.9057439,18.0525018,3,4,3,0,2415,0,9.31964035964039,0.408045977011494,62,FALSE,FALSE
"2024",4,"136","Sopron-Fertodi",47.684898,16.583053,4,2,2,4587,3835,69.7818487394959,36.4457142857142,0.948275862068966,10,TRUE,TRUE
"2024",4,"137","Sumegi",46.9775543,17.2819824,3,4,3,0,427,0,9.31964035964039,0.408045977011494,63,FALSE,FALSE
"2024",4,"138","Szarvasi",46.8595081,20.5595884,3,4,3,0,1869,0,9.31964035964039,0.408045977011494,21,FALSE,FALSE
"2024",4,"139","Szecsenyi",48.0811488,19.5197217,3,4,3,0,678,0,9.31964035964039,0.408045977011494,64,FALSE,FALSE
"2024",4,"140","Szegedi",46.2536169,20.1461345,4,2,2,35442,10704,69.7818487394959,36.4457142857142,0.948275862068966,3,TRUE,TRUE
"2024",4,"141","Szeghalomi",47.027309,21.166263,3,4,3,0,932,0,9.31964035964039,0.408045977011494,66,FALSE,FALSE
"2024",4,"142","Szekesfehervari",47.1887157,18.4138088,4,2,2,5890,7523,69.7818487394959,36.4457142857142,0.948275862068966,20,TRUE,TRUE
"2024",4,"143","Szekszardi",46.3485623,18.7019205,3,4,3,0,3007,0,9.31964035964039,0.408045977011494,67,FALSE,FALSE
"2024",4,"144","Szentendrei",47.6734712,19.07254,3,4,3,0,6509,0,9.31964035964039,0.408045977011494,68,FALSE,FALSE
"2024",4,"145","Szentesi",46.65192,20.2571842,3,4,3,0,1557,0,9.31964035964039,0.408045977011494,69,FALSE,FALSE
"2024",4,"146","Szentgotthardi",46.9527524,16.2737218,3,4,3,0,446,0,9.31964035964039,0.408045977011494,70,FALSE,FALSE
"2024",4,"147","Szentlorinci",46.040211,17.989775,3,4,3,0,476,0,9.31964035964039,0.408045977011494,71,FALSE,FALSE
"2024",4,"148","Szerencsi",48.162418,21.205206,3,4,3,0,1337,0,9.31964035964039,0.408045977011494,72,FALSE,FALSE
"2024",4,"149","Szigetvari",46.0482577,17.8123125,3,4,3,0,671,0,9.31964035964039,0.408045977011494,73,FALSE,FALSE
"2024",4,"150","Szikszoi",48.1949949,20.9294318,3,4,3,0,495,0,9.31964035964039,0.408045977011494,75,FALSE,FALSE
"2024",4,"151","Szobi",47.818012,18.8667731,3,4,3,0,1410,0,9.31964035964039,0.408045977011494,76,FALSE,FALSE
"2024",4,"152","Szolnoki",47.174662,20.17628,3,4,3,0,5164,0,9.31964035964039,0.408045977011494,15,TRUE,TRUE
"2024",4,"153","Szombathelyi",47.23514,16.6219178,3,4,3,0,4948,0,9.31964035964039,0.408045977011494,23,FALSE,FALSE
"2024",4,"154","Tabi",46.729486,18.0329558,3,4,3,0,215,0,9.31964035964039,0.408045977011494,77,FALSE,FALSE
"2024",4,"155","Tamasi",46.6295947,18.2846991,3,4,3,0,927,0,9.31964035964039,0.408045977011494,78,FALSE,FALSE
"2024",4,"156","Tapolcai",46.88289,17.4413581,3,4,3,0,1286,0,9.31964035964039,0.408045977011494,79,FALSE,FALSE
"2024",4,"157","Tatabanyai",47.5861869,18.3947662,4,2,2,1862,3827,69.7818487394959,36.4457142857142,0.948275862068966,16,TRUE,TRUE
"2024",4,"158","Tatai",47.655255,18.3285248,3,4,3,0,2238,0,9.31964035964039,0.408045977011494,80,FALSE,FALSE
"2024",4,"159","Teti",47.515979,17.5168418,3,4,3,0,436,0,9.31964035964039,0.408045977011494,81,FALSE,FALSE
"2024",4,"160","Tiszafuredi",47.615345,20.7617821,3,4,3,0,1052,0,9.31964035964039,0.408045977011494,83,FALSE,FALSE
"2024",4,"161","Tiszaujvarosi",47.92291,21.052195,3,4,3,0,1349,0,9.31964035964039,0.408045977011494,84,FALSE,FALSE
"2024",4,"162","Tiszavasvari",47.9511368,21.3687867,3,4,3,0,735,0,9.31964035964039,0.408045977011494,85,FALSE,FALSE
"2024",4,"163","Tokaji",48.119994,21.412563,3,4,3,0,418,0,9.31964035964039,0.408045977011494,86,FALSE,FALSE
"2024",4,"164","Torokszentmiklosi",47.180736,20.4182932,3,4,3,0,1142,0,9.31964035964039,0.408045977011494,87,FALSE,FALSE
"2024",4,"165","Vaci",47.7754454,19.1377076,4,2,2,1827,3734,69.7818487394959,36.4457142857142,0.948275862068966,17,TRUE,TRUE
"2024",4,"166","Varpalotai",47.1973949,18.1396572,3,4,3,0,1297,0,9.31964035964039,0.408045977011494,88,FALSE,FALSE
"2024",4,"167","Vasarosnamenyi",48.126772,22.318366,3,4,3,0,1318,0,9.31964035964039,0.408045977011494,89,FALSE,FALSE
"2024",4,"168","Vasvari",47.051087,16.7985158,3,4,3,0,314,0,9.31964035964039,0.408045977011494,90,FALSE,FALSE
"2024",4,"169","Veresegyhazi",47.65714,19.284962,2,3,4,0,0,0.195918367346938,0,0.859195402298851,91,FALSE,FALSE
"2024",4,"170","Veszpremi",47.092967,17.913785,4,2,2,10093,3929,69.7818487394959,36.4457142857142,0.948275862068966,9,TRUE,TRUE
"2024",4,"171","Zahonyi",48.406999,22.1745391,3,4,3,0,518,0,9.31964035964039,0.408045977011494,93,FALSE,FALSE
"2024",4,"172","Zalaegerszegi",46.845412,16.8472302,3,4,3,0,3906,0,9.31964035964039,0.408045977011494,94,FALSE,FALSE
"2024",4,"173","Zalakarosi",46.5605989,17.1230251,2,3,4,0,0,0.195918367346938,0,0.859195402298851,95,FALSE,FALSE
"2024",4,"174","Zalaszentgroti",46.947143,17.0790458,3,4,3,0,472,0,9.31964035964039,0.408045977011494,96,FALSE,FALSE
"2024",4,"175","Zirci",47.2630578,17.8725401,3,4,3,0,657,0,9.31964035964039,0.408045977011494,97,FALSE,FALSE
"2024",8,"1","Abai",47.028736,18.517633,4,4,8,0,0,0.195918367346939,0,0.859195402298851,26,FALSE,FALSE
"2024",8,"2","Abauj-Hegykozi",48.471017,21.2741752,8,5,7,0,438,0,2.75699248120301,0.408045977011494,100,FALSE,FALSE
"2024",8,"3","Adonyi",47.119574,18.8652611,4,4,8,0,0,0.195918367346939,0,0.859195402298851,109,FALSE,FALSE
"2024",8,"4","Ajkai",47.1068802,17.563957,1,5,6,0,1388,0,4.34699507389163,0.408045977011494,118,FALSE,FALSE
"2024",8,"5","Aszodi",47.6523763,19.4759463,5,5,4,0,1776,0,19.4132818532819,0.408045977011494,127,FALSE,FALSE
"2024",8,"6","Bacsalmasi",46.123955,19.32633,6,5,5,0,453,0,7.51674876847291,0.408045977011494,136,FALSE,FALSE
"2024",8,"7","Bajai",46.1834182,18.9538158,7,3,3,1307,2609,30.5537662337663,27.3709090909091,0.931034482758621,19,TRUE,TRUE
"2024",8,"8","Baktaloranthazai",47.997697,22.0766029,8,5,7,0,518,0,2.75699248120301,0.408045977011494,155,FALSE,FALSE
"2024",8,"9","Balassagyarmati",48.078798,19.2938953,5,5,4,0,1486,0,19.4132818532819,0.408045977011494,166,FALSE,FALSE
"2024",8,"10","Balatonalmadi",47.0286976,18.0148627,6,5,5,0,1474,0,7.51674876847291,0.408045977011494,27,FALSE,FALSE
"2024",8,"11","Balatonfoldvari",46.8497238,17.8794039,4,4,8,0,0,0.195918367346939,0,0.859195402298851,36,FALSE,FALSE
"2024",8,"12","Balatonfuredi",46.9564612,17.8889631,6,5,5,0,1403,0,7.51674876847291,0.408045977011494,46,FALSE,FALSE
"2024",8,"13","Balmazujvarosi",47.612435,21.343577,6,5,5,0,810,0,7.51674876847291,0.408045977011494,56,FALSE,FALSE
"2024",8,"14","Barcsi",45.959228,17.4666786,6,5,5,0,694,0,7.51674876847291,0.408045977011494,65,FALSE,FALSE
"2024",8,"15","Batonyterenyei",47.989222,19.828845,1,5,6,0,599,0,4.34699507389163,0.408045977011494,74,FALSE,FALSE
"2024",8,"16","Bekescsabai",46.6841987,21.0867872,5,5,4,0,3420,0,19.4132818532819,0.408045977011494,82,FALSE,FALSE
"2024",8,"17","Bekesi",46.6704899,21.0434996,6,5,5,0,1159,0,7.51674876847291,0.408045977011494,92,FALSE,FALSE
"2024",8,"18","Belapatfalvai",48.052725,20.348591,8,5,7,0,301,0,2.75699248120301,0.408045977011494,98,FALSE,FALSE
"2024",8,"19","Berettyoujfalui",47.233892,21.5340216,6,5,5,0,1374,0,7.51674876847291,0.408045977011494,99,FALSE,FALSE
"2024",8,"20","Bicskei",47.490759,18.6362719,5,5,4,0,1957,0,19.4132818532819,0.408045977011494,101,FALSE,FALSE
"2024",8,"21","Bodrogkozi",48.263291,21.8918689,1,5,6,0,281,0,4.34699507389163,0.408045977011494,102,FALSE,FALSE
"2024",8,"22","Bonyhadi",46.2986759,18.5305778,6,5,5,0,955,0,7.51674876847291,0.408045977011494,103,FALSE,FALSE
"2024",8,"23","Budaorsi",47.460753,18.9581146,4,4,8,480,0,0.195918367346939,0,0.859195402298851,22,FALSE,FALSE
"2024",8,"24","Budapesti",47.4984056,19.0407578,2,1,1,233181,99612,1332.46285714286,569.211428571429,1,1,TRUE,FALSE
"2024",8,"25","Cegledi",47.1772081,19.7980311,5,5,4,0,4677,0,19.4132818532819,0.408045977011494,104,FALSE,FALSE
"2024",8,"26","Celldomolki",47.257515,17.1526399,8,5,7,0,738,0,2.75699248120301,0.408045977011494,105,FALSE,FALSE
"2024",8,"27","Csengeri",47.8350105,22.6822754,8,5,7,0,418,0,2.75699248120301,0.408045977011494,106,FALSE,FALSE
"2024",8,"28","Csepregi",47.401546,16.7081249,4,4,8,0,0,0.195918367346939,0,0.859195402298851,107,FALSE,FALSE
"2024",8,"29","Csongradi",46.710833,20.144575,6,5,5,0,805,0,7.51674876847291,0.408045977011494,108,FALSE,FALSE
"2024",8,"30","Csornai",47.601529,17.249978,6,5,5,0,1018,0,7.51674876847291,0.408045977011494,110,FALSE,FALSE
"2024",8,"31","Csurgoi",46.260776,17.095325,1,5,6,0,486,0,4.34699507389163,0.408045977011494,111,FALSE,FALSE
"2024",8,"32","Dabasi",47.192283,19.330853,5,5,4,0,1995,0,19.4132818532819,0.408045977011494,112,FALSE,FALSE
"2024",8,"33","Debreceni",47.5299739,21.6393571,3,2,2,37000,12286,141.7,53.0828571428571,0.979885057471264,2,TRUE,TRUE
"2024",8,"34","Derecske-Letavertesi",47.3824608,21.891967,8,5,7,0,765,0,2.75699248120301,0.408045977011494,113,FALSE,FALSE
"2024",8,"35","Devecseri",47.106397,17.437279,8,5,7,0,271,0,2.75699248120301,0.408045977011494,114,FALSE,FALSE
"2024",8,"36","Dombovari",46.383295,18.131089,6,5,5,0,915,0,7.51674876847291,0.408045977011494,115,FALSE,FALSE
"2024",8,"37","Dorogi",47.7197439,18.7287817,4,4,8,0,0,0.195918367346939,0,0.859195402298851,116,FALSE,FALSE
"2024",8,"38","Dunakeszi",47.6297228,19.1380528,5,5,4,0,6182,0,19.4132818532819,0.408045977011494,117,FALSE,FALSE
"2024",8,"39","Dunaujvarosi",46.980668,18.9127069,7,3,3,4739,4126,30.5537662337663,27.3709090909091,0.931034482758621,18,TRUE,TRUE
"2024",8,"40","Edelenyi",48.2966608,20.7442671,1,5,6,0,858,0,4.34699507389163,0.408045977011494,119,FALSE,FALSE
"2024",8,"41","Egri",47.9031987,20.3731077,7,3,3,12071,4850,30.5537662337663,27.3709090909091,0.931034482758621,8,TRUE,TRUE
"2024",8,"42","Encsi",48.330768,21.1219603,1,5,6,0,625,0,4.34699507389163,0.408045977011494,120,FALSE,FALSE
"2024",8,"43","Enyingi",46.9296,18.242978,6,5,5,0,648,0,7.51674876847291,0.408045977011494,121,FALSE,FALSE
"2024",8,"44","Ercsi",47.24966,18.891059,5,5,4,0,1394,0,19.4132818532819,0.408045977011494,122,FALSE,FALSE
"2024",8,"45","Erdi",47.3783095,18.9217973,5,5,4,0,9033,0,19.4132818532819,0.408045977011494,123,FALSE,FALSE
"2024",8,"46","Esztergomi",47.793308,18.7419333,5,5,4,0,4107,0,19.4132818532819,0.408045977011494,25,FALSE,FALSE
"2024",8,"47","Fehergyarmati",47.985063,22.517104,6,5,5,0,1848,0,7.51674876847291,0.408045977011494,124,FALSE,FALSE
"2024",8,"48","Fonyodi",46.749197,17.5558792,6,5,5,0,1333,0,7.51674876847291,0.408045977011494,125,FALSE,FALSE
"2024",8,"49","Fuzesabonyi",47.750888,20.409611,1,5,6,0,855,0,4.34699507389163,0.408045977011494,126,FALSE,FALSE
"2024",8,"50","Gardonyi",47.1973503,18.6091412,5,5,4,0,1978,0,19.4132818532819,0.408045977011494,128,FALSE,FALSE
"2024",8,"51","Godolloi",47.5975105,19.3480017,3,2,2,14221,10626,141.7,53.0828571428571,0.979885057471264,5,TRUE,TRUE
"2024",8,"52","Gyali",47.3808958,19.215712,5,5,4,0,2369,0,19.4132818532819,0.408045977011494,129,FALSE,FALSE
"2024",8,"53","Gyongyosi",47.775028,19.9280689,6,5,5,0,3197,0,7.51674876847291,0.408045977011494,130,FALSE,FALSE
"2024",8,"54","Gyori",47.684051,17.6351011,3,2,2,19888,9655,141.7,53.0828571428571,0.979885057471264,6,TRUE,TRUE
"2024",8,"55","Gyulai",46.642498,21.268809,6,5,5,0,1926,0,7.51674876847291,0.408045977011494,131,FALSE,FALSE
"2024",8,"56","Hajduboszormenyi",47.673238,21.5076172,5,5,4,0,2514,0,19.4132818532819,0.408045977011494,132,FALSE,FALSE
"2024",8,"57","Hajduhadhazi",47.68197,21.6685631,6,5,5,0,1658,0,7.51674876847291,0.408045977011494,133,FALSE,FALSE
"2024",8,"58","Hajduszoboszloi",47.443667,21.389719,6,5,5,0,1876,0,7.51674876847291,0.408045977011494,134,FALSE,FALSE
"2024",8,"59","Hatvani",47.668122,19.669901,5,5,4,0,2253,0,19.4132818532819,0.408045977011494,135,FALSE,FALSE
"2024",8,"60","Hevesi",47.5945238,20.2882213,6,5,5,0,860,0,7.51674876847291,0.408045977011494,137,FALSE,FALSE
"2024",8,"61","Hevizi",46.7905869,17.1843866,4,4,8,0,0,0.195918367346939,0,0.859195402298851,138,FALSE,FALSE
"2024",8,"62","Hodmezovasarhelyi",46.430411,20.3188298,5,5,4,0,2108,0,19.4132818532819,0.408045977011494,139,FALSE,FALSE
"2024",8,"63","Ibrany-Nagyhalaszi",48.134908,21.7187528,1,5,6,0,648,0,4.34699507389163,0.408045977011494,140,FALSE,FALSE
"2024",8,"64","Janoshalmai",46.2967401,19.3228798,1,5,6,0,508,0,4.34699507389163,0.408045977011494,141,FALSE,FALSE
"2024",8,"65","Jaszberenyi",47.5006181,19.9147188,5,5,4,0,2970,0,19.4132818532819,0.408045977011494,142,FALSE,FALSE
"2024",8,"66","Kadarkuti",46.2311466,17.6157102,4,4,8,0,0,0.195918367346939,0,0.859195402298851,143,FALSE,FALSE
"2024",8,"67","Kalocsai",46.5334145,18.9856969,5,5,4,0,1663,0,19.4132818532819,0.408045977011494,144,FALSE,FALSE
"2024",8,"68","Kaposvari",46.36653,17.782483,5,5,4,0,4651,0,19.4132818532819,0.408045977011494,12,TRUE,TRUE
"2024",8,"69","Kapuvar-Beledi",47.5935568,17.0249715,1,5,6,0,769,0,4.34699507389163,0.408045977011494,145,FALSE,FALSE
"2024",8,"70","Karcagi",47.316632,20.9220631,6,5,5,0,1329,0,7.51674876847291,0.408045977011494,146,FALSE,FALSE
"2024",8,"71","Kazincbarcikai",48.25317,20.6456512,6,5,5,0,2119,0,7.51674876847291,0.408045977011494,147,FALSE,FALSE
"2024",8,"72","Kecskemeti",46.9062092,19.6899774,7,3,3,6215,8255,30.5537662337663,27.3709090909091,0.931034482758621,14,TRUE,TRUE
"2024",8,"73","Keszthelyi",46.7695893,17.2481444,6,5,5,0,2044,0,7.51674876847291,0.408045977011494,148,FALSE,FALSE
"2024",8,"74","Kisberi",47.501673,18.0269161,1,5,6,0,611,0,4.34699507389163,0.408045977011494,149,FALSE,FALSE
"2024",8,"75","Kiskorosi",46.620386,19.283827,5,5,4,0,1858,0,19.4132818532819,0.408045977011494,150,FALSE,FALSE
"2024",8,"76","Kiskunfelegyhazai",46.7050953,19.8499199,5,5,4,0,1430,0,19.4132818532819,0.408045977011494,151,FALSE,FALSE
"2024",8,"77","Kiskunhalasi",46.432037,19.4885269,6,5,5,0,1524,0,7.51674876847291,0.408045977011494,152,FALSE,FALSE
"2024",8,"78","Kiskunmajsai",46.492344,19.7368448,6,5,5,0,679,0,7.51674876847291,0.408045977011494,153,FALSE,FALSE
"2024",8,"79","Kisteleki",46.4696447,19.9803972,8,5,7,0,544,0,2.75699248120301,0.408045977011494,154,FALSE,FALSE
"2024",8,"80","Kisvardai",48.2264002,22.0846211,5,5,4,0,2416,0,19.4132818532819,0.408045977011494,156,FALSE,FALSE
"2024",8,"81","Komaromi",47.7434248,18.1191064,6,5,5,0,1452,0,7.51674876847291,0.408045977011494,157,FALSE,FALSE
"2024",8,"82","Komloi",47.600636,20.445412,6,5,5,0,974,0,7.51674876847291,0.408045977011494,158,FALSE,FALSE
"2024",8,"83","Kormendi",47.011113,16.6057156,1,5,6,0,852,0,4.34699507389163,0.408045977011494,159,FALSE,FALSE
"2024",8,"84","Koszegi",47.381935,16.552229,8,5,7,0,803,0,2.75699248120301,0.408045977011494,160,FALSE,FALSE
"2024",8,"85","Kunszentmartoni",46.841082,20.287233,6,5,5,0,977,0,7.51674876847291,0.408045977011494,161,FALSE,FALSE
"2024",8,"86","Kunszentmiklosi",47.026444,19.1227831,6,5,5,0,824,0,7.51674876847291,0.408045977011494,162,FALSE,FALSE
"2024",8,"87","Lengyeltoti",46.667049,17.6407711,4,4,8,0,0,0.195918367346939,0,0.859195402298851,163,FALSE,FALSE
"2024",8,"88","Lenti",46.623785,16.546001,1,5,6,0,582,0,4.34699507389163,0.408045977011494,164,FALSE,FALSE
"2024",8,"89","Letenyei",46.4337456,16.7221882,8,5,7,0,405,0,2.75699248120301,0.408045977011494,165,FALSE,FALSE
"2024",8,"90","Makoi",46.21498,20.47513,6,5,5,0,1355,0,7.51674876847291,0.408045977011494,167,FALSE,FALSE
"2024",8,"91","Marcali",46.582815,17.4119018,8,5,7,0,803,0,2.75699248120301,0.408045977011494,168,FALSE,FALSE
"2024",8,"92","Mateszalkai",47.943265,22.316904,6,5,5,0,1940,0,7.51674876847291,0.408045977011494,169,FALSE,FALSE
"2024",8,"93","Mezocsati",47.823541,20.9028038,8,5,7,0,339,0,2.75699248120301,0.408045977011494,170,FALSE,FALSE
"2024",8,"94","Mezokovacshazai",46.4071834,20.9241681,6,5,5,0,919,0,7.51674876847291,0.408045977011494,171,FALSE,FALSE
"2024",8,"95","Mezokovesdi",47.8068796,20.5650907,6,5,5,0,1592,0,7.51674876847291,0.408045977011494,172,FALSE,FALSE
"2024",8,"96","Mezoturi",47.00278,20.618465,6,5,5,0,1005,0,7.51674876847291,0.408045977011494,173,FALSE,FALSE
"2024",8,"97","Miskolci",48.1043854,20.7913563,3,2,2,13103,10711,141.7,53.0828571428571,0.979885057471264,7,TRUE,TRUE
"2024",8,"98","Mohacsi",45.9959241,18.6798279,6,5,5,0,1645,0,7.51674876847291,0.408045977011494,174,FALSE,FALSE
"2024",8,"99","Monori",47.34754,19.448946,5,5,4,0,6010,0,19.4132818532819,0.408045977011494,175,FALSE,FALSE
"2024",8,"100","Morahalomi",46.217922,19.883719,1,5,6,0,1042,0,4.34699507389163,0.408045977011494,28,FALSE,FALSE
"2024",8,"101","Mori",47.3717781,18.2085973,5,5,4,0,1597,0,19.4132818532819,0.408045977011494,29,FALSE,FALSE
"2024",8,"102","Mosonmagyarovari",47.8744063,17.2693897,6,5,5,0,2584,0,7.51674876847291,0.408045977011494,30,FALSE,FALSE
"2024",8,"103","Nagyatadi",46.23001,17.3574429,1,5,6,0,742,0,4.34699507389163,0.408045977011494,31,FALSE,FALSE
"2024",8,"104","Nagykalloi",47.875519,21.8460521,1,5,6,0,997,0,4.34699507389163,0.408045977011494,32,FALSE,FALSE
"2024",8,"105","Nagykanizsai",46.455237,16.9953419,6,5,5,0,2555,0,7.51674876847291,0.408045977011494,33,FALSE,FALSE
"2024",8,"106","Nagykatai",47.4181175,19.7422453,5,5,4,0,2575,0,19.4132818532819,0.408045977011494,34,FALSE,FALSE
"2024",8,"107","Nyirbatori",47.835414,22.130289,6,5,5,0,1392,0,7.51674876847291,0.408045977011494,35,FALSE,FALSE
"2024",8,"108","Nyiregyhazai",47.9532583,21.7264647,7,3,3,8136,8963,30.5537662337663,27.3709090909091,0.931034482758621,11,TRUE,TRUE
"2024",8,"109","Oroshazai",46.5615338,20.6619204,6,5,5,0,1689,0,7.51674876847291,0.408045977011494,13,TRUE,TRUE
"2024",8,"110","Oroszlanyi",47.4943329,18.3215448,6,5,5,0,932,0,7.51674876847291,0.408045977011494,37,FALSE,FALSE
"2024",8,"111","Ozdi",48.2195564,20.2869186,5,5,4,0,1807,0,19.4132818532819,0.408045977011494,38,FALSE,FALSE
"2024",8,"112","Oriszentpeteri",46.838954,16.4211574,4,4,8,0,0,0.195918367346939,0,0.859195402298851,39,FALSE,FALSE
"2024",8,"113","Pacsai",46.7226412,17.0096878,4,4,8,0,0,0.195918367346939,0,0.859195402298851,40,FALSE,FALSE
"2024",8,"114","Paksi",46.626368,18.8652409,6,5,5,0,1765,0,7.51674876847291,0.408045977011494,41,FALSE,FALSE
"2024",8,"115","Pannonhalmai",47.55021,17.754228,1,5,6,0,576,0,4.34699507389163,0.408045977011494,42,FALSE,FALSE
"2024",8,"116","Papai",47.3308153,17.4660302,6,5,5,0,1942,0,7.51674876847291,0.408045977011494,43,FALSE,FALSE
"2024",8,"117","Pasztoi",47.919562,19.6978939,6,5,5,0,1064,0,7.51674876847291,0.408045977011494,44,FALSE,FALSE
"2024",8,"118","Pecsi",46.0713242,18.2331772,3,2,2,29131,1755,141.7,53.0828571428571,0.979885057471264,4,TRUE,TRUE
"2024",8,"119","Pecsvaradi",46.158114,18.422176,1,5,6,0,412,0,4.34699507389163,0.408045977011494,45,FALSE,FALSE
"2024",8,"120","Petervasarai",48.017941,20.1019849,6,5,5,0,625,0,7.51674876847291,0.408045977011494,47,FALSE,FALSE
"2024",8,"121","Pilisvorosvari",47.6212089,18.9111742,5,5,4,0,4800,0,19.4132818532819,0.408045977011494,48,FALSE,FALSE
"2024",8,"122","Polgari",47.866362,21.1242449,4,4,8,0,0,0.195918367346939,0,0.859195402298851,49,FALSE,FALSE
"2024",8,"123","Puspokladanyi",47.3176758,21.1165369,6,5,5,0,1244,0,7.51674876847291,0.408045977011494,50,FALSE,FALSE
"2024",8,"124","Rackevei",47.1611023,18.9455669,5,5,4,0,8604,0,19.4132818532819,0.408045977011494,51,FALSE,FALSE
"2024",8,"125","Retsagi",47.9278597,19.1372757,6,5,5,0,927,0,7.51674876847291,0.408045977011494,52,FALSE,FALSE
"2024",8,"126","Salgotarjani",48.0853167,19.7869357,5,5,4,0,1796,0,19.4132818532819,0.408045977011494,53,FALSE,FALSE
"2024",8,"127","Sarbogardi",46.887769,18.6193289,6,5,5,0,789,0,7.51674876847291,0.408045977011494,54,FALSE,FALSE
"2024",8,"128","Sarkadi",46.746283,21.3848669,1,5,6,0,585,0,4.34699507389163,0.408045977011494,55,FALSE,FALSE
"2024",8,"129","Sarospataki",48.318984,21.5663738,7,3,3,2089,1038,30.5537662337663,27.3709090909091,0.931034482758621,24,FALSE,FALSE
"2024",8,"130","Sarvari",47.2540616,16.9352309,6,5,5,0,1167,0,7.51674876847291,0.408045977011494,57,FALSE,FALSE
"2024",8,"131","Sasdi",46.2548488,18.1060595,5,5,4,0,7669,0,19.4132818532819,0.408045977011494,58,FALSE,FALSE
"2024",8,"132","Satoraljaujhelyi",48.3941408,21.6559965,1,5,6,0,951,0,4.34699507389163,0.408045977011494,59,FALSE,FALSE
"2024",8,"133","Sellyei",45.8719698,17.8460989,8,5,7,0,247,0,2.75699248120301,0.408045977011494,60,FALSE,FALSE
"2024",8,"134","Siklosi",45.852147,18.2988281,6,5,5,0,1092,0,7.51674876847291,0.408045977011494,61,FALSE,FALSE
"2024",8,"135","Siofoki",46.9057439,18.0525018,5,5,4,0,2415,0,19.4132818532819,0.408045977011494,62,FALSE,FALSE
"2024",8,"136","Sopron-Fertodi",47.684898,16.583053,7,3,3,4587,3835,30.5537662337663,27.3709090909091,0.931034482758621,10,TRUE,TRUE
"2024",8,"137","Sumegi",46.9775543,17.2819824,1,5,6,0,427,0,4.34699507389163,0.408045977011494,63,FALSE,FALSE
"2024",8,"138","Szarvasi",46.8595081,20.5595884,5,5,4,0,1869,0,19.4132818532819,0.408045977011494,21,FALSE,FALSE
"2024",8,"139","Szecsenyi",48.0811488,19.5197217,6,5,5,0,678,0,7.51674876847291,0.408045977011494,64,FALSE,FALSE
"2024",8,"140","Szegedi",46.2536169,20.1461345,3,2,2,35442,10704,141.7,53.0828571428571,0.979885057471264,3,TRUE,TRUE
"2024",8,"141","Szeghalomi",47.027309,21.166263,1,5,6,0,932,0,4.34699507389163,0.408045977011494,66,FALSE,FALSE
"2024",8,"142","Szekesfehervari",47.1887157,18.4138088,7,3,3,5890,7523,30.5537662337663,27.3709090909091,0.931034482758621,20,TRUE,TRUE
"2024",8,"143","Szekszardi",46.3485623,18.7019205,6,5,5,0,3007,0,7.51674876847291,0.408045977011494,67,FALSE,FALSE
"2024",8,"144","Szentendrei",47.6734712,19.07254,5,5,4,0,6509,0,19.4132818532819,0.408045977011494,68,FALSE,FALSE
"2024",8,"145","Szentesi",46.65192,20.2571842,5,5,4,0,1557,0,19.4132818532819,0.408045977011494,69,FALSE,FALSE
"2024",8,"146","Szentgotthardi",46.9527524,16.2737218,8,5,7,0,446,0,2.75699248120301,0.408045977011494,70,FALSE,FALSE
"2024",8,"147","Szentlorinci",46.040211,17.989775,6,5,5,0,476,0,7.51674876847291,0.408045977011494,71,FALSE,FALSE
"2024",8,"148","Szerencsi",48.162418,21.205206,6,5,5,0,1337,0,7.51674876847291,0.408045977011494,72,FALSE,FALSE
"2024",8,"149","Szigetvari",46.0482577,17.8123125,8,5,7,0,671,0,2.75699248120301,0.408045977011494,73,FALSE,FALSE
"2024",8,"150","Szikszoi",48.1949949,20.9294318,8,5,7,0,495,0,2.75699248120301,0.408045977011494,75,FALSE,FALSE
"2024",8,"151","Szobi",47.818012,18.8667731,6,5,5,0,1410,0,7.51674876847291,0.408045977011494,76,FALSE,FALSE
"2024",8,"152","Szolnoki",47.174662,20.17628,5,5,4,0,5164,0,19.4132818532819,0.408045977011494,15,TRUE,TRUE
"2024",8,"153","Szombathelyi",47.23514,16.6219178,5,5,4,0,4948,0,19.4132818532819,0.408045977011494,23,FALSE,FALSE
"2024",8,"154","Tabi",46.729486,18.0329558,8,5,7,0,215,0,2.75699248120301,0.408045977011494,77,FALSE,FALSE
"2024",8,"155","Tamasi",46.6295947,18.2846991,6,5,5,0,927,0,7.51674876847291,0.408045977011494,78,FALSE,FALSE
"2024",8,"156","Tapolcai",46.88289,17.4413581,1,5,6,0,1286,0,4.34699507389163,0.408045977011494,79,FALSE,FALSE
"2024",8,"157","Tatabanyai",47.5861869,18.3947662,7,3,3,1862,3827,30.5537662337663,27.3709090909091,0.931034482758621,16,TRUE,TRUE
"2024",8,"158","Tatai",47.655255,18.3285248,5,5,4,0,2238,0,19.4132818532819,0.408045977011494,80,FALSE,FALSE
"2024",8,"159","Teti",47.515979,17.5168418,8,5,7,0,436,0,2.75699248120301,0.408045977011494,81,FALSE,FALSE
"2024",8,"160","Tiszafuredi",47.615345,20.7617821,6,5,5,0,1052,0,7.51674876847291,0.408045977011494,83,FALSE,FALSE
"2024",8,"161","Tiszaujvarosi",47.92291,21.052195,1,5,6,0,1349,0,4.34699507389163,0.408045977011494,84,FALSE,FALSE
"2024",8,"162","Tiszavasvari",47.9511368,21.3687867,1,5,6,0,735,0,4.34699507389163,0.408045977011494,85,FALSE,FALSE
"2024",8,"163","Tokaji",48.119994,21.412563,6,5,5,0,418,0,7.51674876847291,0.408045977011494,86,FALSE,FALSE
"2024",8,"164","Torokszentmiklosi",47.180736,20.4182932,6,5,5,0,1142,0,7.51674876847291,0.408045977011494,87,FALSE,FALSE
"2024",8,"165","Vaci",47.7754454,19.1377076,7,3,3,1827,3734,30.5537662337663,27.3709090909091,0.931034482758621,17,TRUE,TRUE
"2024",8,"166","Varpalotai",47.1973949,18.1396572,6,5,5,0,1297,0,7.51674876847291,0.408045977011494,88,FALSE,FALSE
"2024",8,"167","Vasarosnamenyi",48.126772,22.318366,1,5,6,0,1318,0,4.34699507389163,0.408045977011494,89,FALSE,FALSE
"2024",8,"168","Vasvari",47.051087,16.7985158,8,5,7,0,314,0,2.75699248120301,0.408045977011494,90,FALSE,FALSE
"2024",8,"169","Veresegyhazi",47.65714,19.284962,4,4,8,0,0,0.195918367346939,0,0.859195402298851,91,FALSE,FALSE
"2024",8,"170","Veszpremi",47.092967,17.913785,7,3,3,10093,3929,30.5537662337663,27.3709090909091,0.931034482758621,9,TRUE,TRUE
"2024",8,"171","Zahonyi",48.406999,22.1745391,1,5,6,0,518,0,4.34699507389163,0.408045977011494,93,FALSE,FALSE
"2024",8,"172","Zalaegerszegi",46.845412,16.8472302,5,5,4,0,3906,0,19.4132818532819,0.408045977011494,94,FALSE,FALSE
"2024",8,"173","Zalakarosi",46.5605989,17.1230251,4,4,8,0,0,0.195918367346939,0,0.859195402298851,95,FALSE,FALSE
"2024",8,"174","Zalaszentgroti",46.947143,17.0790458,1,5,6,0,472,0,4.34699507389163,0.408045977011494,96,FALSE,FALSE
"2024",8,"175","Zirci",47.2630578,17.8725401,1,5,6,0,657,0,4.34699507389163,0.408045977011494,97,FALSE,FALSE
"2024",13,"1","Abai",47.028736,18.517633,6,5,13,0,0,0.195918367346939,0,0.859195402298851,26,FALSE,FALSE
"2024",13,"2","Abauj-Hegykozi",48.471017,21.2741752,7,6,11,0,438,0,3.59875776397516,0.408045977011494,100,FALSE,FALSE
"2024",13,"3","Adonyi",47.119574,18.8652611,6,5,13,0,0,0.195918367346939,0,0.859195402298851,109,FALSE,FALSE
"2024",13,"4","Ajkai",47.1068802,17.563957,8,6,10,0,1388,0,5.03340659340659,0.408045977011494,118,FALSE,FALSE
"2024",13,"5","Aszodi",47.6523763,19.4759463,5,6,7,0,1776,0,11.125291005291,0.408045977011494,127,FALSE,FALSE
"2024",13,"6","Bacsalmasi",46.123955,19.32633,2,6,9,0,453,0,6.50228571428571,0.408045977011494,136,FALSE,FALSE
"2024",13,"7","Bajai",46.1834182,18.9538158,3,4,6,1307,2609,10.1214285714286,16.0114285714286,0.910919540229885,19,TRUE,TRUE
"2024",13,"8","Baktaloranthazai",47.997697,22.0766029,10,6,12,0,518,0,2.52,0.408045977011494,155,FALSE,FALSE
"2024",13,"9","Balassagyarmati",48.078798,19.2938953,5,6,7,0,1486,0,11.125291005291,0.408045977011494,166,FALSE,FALSE
"2024",13,"10","Balatonalmadi",47.0286976,18.0148627,2,6,9,0,1474,0,6.50228571428571,0.408045977011494,27,FALSE,FALSE
"2024",13,"11","Balatonfoldvari",46.8497238,17.8794039,6,5,13,0,0,0.195918367346939,0,0.859195402298851,36,FALSE,FALSE
"2024",13,"12","Balatonfuredi",46.9564612,17.8889631,2,6,9,0,1403,0,6.50228571428571,0.408045977011494,46,FALSE,FALSE
"2024",13,"13","Balmazujvarosi",47.612435,21.343577,2,6,9,0,810,0,6.50228571428571,0.408045977011494,56,FALSE,FALSE
"2024",13,"14","Barcsi",45.959228,17.4666786,2,6,9,0,694,0,6.50228571428571,0.408045977011494,65,FALSE,FALSE
"2024",13,"15","Batonyterenyei",47.989222,19.828845,8,6,10,0,599,0,5.03340659340659,0.408045977011494,74,FALSE,FALSE
"2024",13,"16","Bekescsabai",46.6841987,21.0867872,5,6,7,0,3420,0,11.125291005291,0.408045977011494,82,FALSE,FALSE
"2024",13,"17","Bekesi",46.6704899,21.0434996,2,6,9,0,1159,0,6.50228571428571,0.408045977011494,92,FALSE,FALSE
"2024",13,"18","Belapatfalvai",48.052725,20.348591,10,6,12,0,301,0,2.52,0.408045977011494,98,FALSE,FALSE
"2024",13,"19","Berettyoujfalui",47.233892,21.5340216,11,6,8,0,1374,0,9.43692307692308,0.408045977011494,99,FALSE,FALSE
"2024",13,"20","Bicskei",47.490759,18.6362719,5,6,7,0,1957,0,11.125291005291,0.408045977011494,101,FALSE,FALSE
"2024",13,"21","Bodrogkozi",48.263291,21.8918689,7,6,11,0,281,0,3.59875776397516,0.408045977011494,102,FALSE,FALSE
"2024",13,"22","Bonyhadi",46.2986759,18.5305778,2,6,9,0,955,0,6.50228571428571,0.408045977011494,103,FALSE,FALSE
"2024",13,"23","Budaorsi",47.460753,18.9581146,6,5,13,480,0,0.195918367346939,0,0.859195402298851,22,FALSE,FALSE
"2024",13,"24","Budapesti",47.4984056,19.0407578,13,1,1,233181,99612,1332.46285714286,569.211428571429,1,1,TRUE,FALSE
"2024",13,"25","Cegledi",47.1772081,19.7980311,4,6,5,0,4677,0,29.871746031746,0.408045977011494,104,FALSE,FALSE
"2024",13,"26","Celldomolki",47.257515,17.1526399,10,6,12,0,738,0,2.52,0.408045977011494,105,FALSE,FALSE
"2024",13,"27","Csengeri",47.8350105,22.6822754,10,6,12,0,418,0,2.52,0.408045977011494,106,FALSE,FALSE
"2024",13,"28","Csepregi",47.401546,16.7081249,6,5,13,0,0,0.195918367346939,0,0.859195402298851,107,FALSE,FALSE
"2024",13,"29","Csongradi",46.710833,20.144575,11,6,8,0,805,0,9.43692307692308,0.408045977011494,108,FALSE,FALSE
"2024",13,"30","Csornai",47.601529,17.249978,2,6,9,0,1018,0,6.50228571428571,0.408045977011494,110,FALSE,FALSE
"2024",13,"31","Csurgoi",46.260776,17.095325,7,6,11,0,486,0,3.59875776397516,0.408045977011494,111,FALSE,FALSE
"2024",13,"32","Dabasi",47.192283,19.330853,5,6,7,0,1995,0,11.125291005291,0.408045977011494,112,FALSE,FALSE
"2024",13,"33","Debreceni",47.5299739,21.6393571,9,2,3,37000,12286,193.472380952381,47.1333333333333,0.988505747126437,2,TRUE,TRUE
"2024",13,"34","Derecske-Letavertesi",47.3824608,21.891967,10,6,12,0,765,0,2.52,0.408045977011494,113,FALSE,FALSE
"2024",13,"35","Devecseri",47.106397,17.437279,10,6,12,0,271,0,2.52,0.408045977011494,114,FALSE,FALSE
"2024",13,"36","Dombovari",46.383295,18.131089,2,6,9,0,915,0,6.50228571428571,0.408045977011494,115,FALSE,FALSE
"2024",13,"37","Dorogi",47.7197439,18.7287817,6,5,13,0,0,0.195918367346939,0,0.859195402298851,116,FALSE,FALSE
"2024",13,"38","Dunakeszi",47.6297228,19.1380528,4,6,5,0,6182,0,29.871746031746,0.408045977011494,117,FALSE,FALSE
"2024",13,"39","Dunaujvarosi",46.980668,18.9127069,12,3,4,4739,4126,56.5388571428571,41.4131428571429,0.951149425287356,18,TRUE,TRUE
"2024",13,"40","Edelenyi",48.2966608,20.7442671,8,6,10,0,858,0,5.03340659340659,0.408045977011494,119,FALSE,FALSE
"2024",13,"41","Egri",47.9031987,20.3731077,12,3,4,12071,4850,56.5388571428571,41.4131428571429,0.951149425287356,8,TRUE,TRUE
"2024",13,"42","Encsi",48.330768,21.1219603,7,6,11,0,625,0,3.59875776397516,0.408045977011494,120,FALSE,FALSE
"2024",13,"43","Enyingi",46.9296,18.242978,2,6,9,0,648,0,6.50228571428571,0.408045977011494,121,FALSE,FALSE
"2024",13,"44","Ercsi",47.24966,18.891059,5,6,7,0,1394,0,11.125291005291,0.408045977011494,122,FALSE,FALSE
"2024",13,"45","Erdi",47.3783095,18.9217973,1,6,2,0,9033,0,48.2019047619048,0.408045977011494,123,FALSE,FALSE
"2024",13,"46","Esztergomi",47.793308,18.7419333,4,6,5,0,4107,0,29.871746031746,0.408045977011494,25,FALSE,FALSE
"2024",13,"47","Fehergyarmati",47.985063,22.517104,11,6,8,0,1848,0,9.43692307692308,0.408045977011494,124,FALSE,FALSE
"2024",13,"48","Fonyodi",46.749197,17.5558792,2,6,9,0,1333,0,6.50228571428571,0.408045977011494,125,FALSE,FALSE
"2024",13,"49","Fuzesabonyi",47.750888,20.409611,7,6,11,0,855,0,3.59875776397516,0.408045977011494,126,FALSE,FALSE
"2024",13,"50","Gardonyi",47.1973503,18.6091412,5,6,7,0,1978,0,11.125291005291,0.408045977011494,128,FALSE,FALSE
"2024",13,"51","Godolloi",47.5975105,19.3480017,12,3,4,14221,10626,56.5388571428571,41.4131428571429,0.951149425287356,5,TRUE,TRUE
"2024",13,"52","Gyali",47.3808958,19.215712,5,6,7,0,2369,0,11.125291005291,0.408045977011494,129,FALSE,FALSE
"2024",13,"53","Gyongyosi",47.775028,19.9280689,11,6,8,0,3197,0,9.43692307692308,0.408045977011494,130,FALSE,FALSE
"2024",13,"54","Gyori",47.684051,17.6351011,12,3,4,19888,9655,56.5388571428571,41.4131428571429,0.951149425287356,6,TRUE,TRUE
"2024",13,"55","Gyulai",46.642498,21.268809,2,6,9,0,1926,0,6.50228571428571,0.408045977011494,131,FALSE,FALSE
"2024",13,"56","Hajduboszormenyi",47.673238,21.5076172,5,6,7,0,2514,0,11.125291005291,0.408045977011494,132,FALSE,FALSE
"2024",13,"57","Hajduhadhazi",47.68197,21.6685631,2,6,9,0,1658,0,6.50228571428571,0.408045977011494,133,FALSE,FALSE
"2024",13,"58","Hajduszoboszloi",47.443667,21.389719,11,6,8,0,1876,0,9.43692307692308,0.408045977011494,134,FALSE,FALSE
"2024",13,"59","Hatvani",47.668122,19.669901,5,6,7,0,2253,0,11.125291005291,0.408045977011494,135,FALSE,FALSE
"2024",13,"60","Hevesi",47.5945238,20.2882213,2,6,9,0,860,0,6.50228571428571,0.408045977011494,137,FALSE,FALSE
"2024",13,"61","Hevizi",46.7905869,17.1843866,6,5,13,0,0,0.195918367346939,0,0.859195402298851,138,FALSE,FALSE
"2024",13,"62","Hodmezovasarhelyi",46.430411,20.3188298,5,6,7,0,2108,0,11.125291005291,0.408045977011494,139,FALSE,FALSE
"2024",13,"63","Ibrany-Nagyhalaszi",48.134908,21.7187528,8,6,10,0,648,0,5.03340659340659,0.408045977011494,140,FALSE,FALSE
"2024",13,"64","Janoshalmai",46.2967401,19.3228798,7,6,11,0,508,0,3.59875776397516,0.408045977011494,141,FALSE,FALSE
"2024",13,"65","Jaszberenyi",47.5006181,19.9147188,5,6,7,0,2970,0,11.125291005291,0.408045977011494,142,FALSE,FALSE
"2024",13,"66","Kadarkuti",46.2311466,17.6157102,6,5,13,0,0,0.195918367346939,0,0.859195402298851,143,FALSE,FALSE
"2024",13,"67","Kalocsai",46.5334145,18.9856969,5,6,7,0,1663,0,11.125291005291,0.408045977011494,144,FALSE,FALSE
"2024",13,"68","Kaposvari",46.36653,17.782483,4,6,5,0,4651,0,29.871746031746,0.408045977011494,12,TRUE,TRUE
"2024",13,"69","Kapuvar-Beledi",47.5935568,17.0249715,7,6,11,0,769,0,3.59875776397516,0.408045977011494,145,FALSE,FALSE
"2024",13,"70","Karcagi",47.316632,20.9220631,11,6,8,0,1329,0,9.43692307692308,0.408045977011494,146,FALSE,FALSE
"2024",13,"71","Kazincbarcikai",48.25317,20.6456512,2,6,9,0,2119,0,6.50228571428571,0.408045977011494,147,FALSE,FALSE
"2024",13,"72","Kecskemeti",46.9062092,19.6899774,12,3,4,6215,8255,56.5388571428571,41.4131428571429,0.951149425287356,14,TRUE,TRUE
"2024",13,"73","Keszthelyi",46.7695893,17.2481444,11,6,8,0,2044,0,9.43692307692308,0.408045977011494,148,FALSE,FALSE
"2024",13,"74","Kisberi",47.501673,18.0269161,7,6,11,0,611,0,3.59875776397516,0.408045977011494,149,FALSE,FALSE
"2024",13,"75","Kiskorosi",46.620386,19.283827,5,6,7,0,1858,0,11.125291005291,0.408045977011494,150,FALSE,FALSE
"2024",13,"76","Kiskunfelegyhazai",46.7050953,19.8499199,5,6,7,0,1430,0,11.125291005291,0.408045977011494,151,FALSE,FALSE
"2024",13,"77","Kiskunhalasi",46.432037,19.4885269,11,6,8,0,1524,0,9.43692307692308,0.408045977011494,152,FALSE,FALSE
"2024",13,"78","Kiskunmajsai",46.492344,19.7368448,11,6,8,0,679,0,9.43692307692308,0.408045977011494,153,FALSE,FALSE
"2024",13,"79","Kisteleki",46.4696447,19.9803972,7,6,11,0,544,0,3.59875776397516,0.408045977011494,154,FALSE,FALSE
"2024",13,"80","Kisvardai",48.2264002,22.0846211,5,6,7,0,2416,0,11.125291005291,0.408045977011494,156,FALSE,FALSE
"2024",13,"81","Komaromi",47.7434248,18.1191064,2,6,9,0,1452,0,6.50228571428571,0.408045977011494,157,FALSE,FALSE
"2024",13,"82","Komloi",47.600636,20.445412,2,6,9,0,974,0,6.50228571428571,0.408045977011494,158,FALSE,FALSE
"2024",13,"83","Kormendi",47.011113,16.6057156,7,6,11,0,852,0,3.59875776397516,0.408045977011494,159,FALSE,FALSE
"2024",13,"84","Koszegi",47.381935,16.552229,7,6,11,0,803,0,3.59875776397516,0.408045977011494,160,FALSE,FALSE
"2024",13,"85","Kunszentmartoni",46.841082,20.287233,11,6,8,0,977,0,9.43692307692308,0.408045977011494,161,FALSE,FALSE
"2024",13,"86","Kunszentmiklosi",47.026444,19.1227831,2,6,9,0,824,0,6.50228571428571,0.408045977011494,162,FALSE,FALSE
"2024",13,"87","Lengyeltoti",46.667049,17.6407711,6,5,13,0,0,0.195918367346939,0,0.859195402298851,163,FALSE,FALSE
"2024",13,"88","Lenti",46.623785,16.546001,8,6,10,0,582,0,5.03340659340659,0.408045977011494,164,FALSE,FALSE
"2024",13,"89","Letenyei",46.4337456,16.7221882,7,6,11,0,405,0,3.59875776397516,0.408045977011494,165,FALSE,FALSE
"2024",13,"90","Makoi",46.21498,20.47513,11,6,8,0,1355,0,9.43692307692308,0.408045977011494,167,FALSE,FALSE
"2024",13,"91","Marcali",46.582815,17.4119018,7,6,11,0,803,0,3.59875776397516,0.408045977011494,168,FALSE,FALSE
"2024",13,"92","Mateszalkai",47.943265,22.316904,11,6,8,0,1940,0,9.43692307692308,0.408045977011494,169,FALSE,FALSE
"2024",13,"93","Mezocsati",47.823541,20.9028038,10,6,12,0,339,0,2.52,0.408045977011494,170,FALSE,FALSE
"2024",13,"94","Mezokovacshazai",46.4071834,20.9241681,11,6,8,0,919,0,9.43692307692308,0.408045977011494,171,FALSE,FALSE
"2024",13,"95","Mezokovesdi",47.8068796,20.5650907,11,6,8,0,1592,0,9.43692307692308,0.408045977011494,172,FALSE,FALSE
"2024",13,"96","Mezoturi",47.00278,20.618465,11,6,8,0,1005,0,9.43692307692308,0.408045977011494,173,FALSE,FALSE
"2024",13,"97","Miskolci",48.1043854,20.7913563,12,3,4,13103,10711,56.5388571428571,41.4131428571429,0.951149425287356,7,TRUE,TRUE
"2024",13,"98","Mohacsi",45.9959241,18.6798279,11,6,8,0,1645,0,9.43692307692308,0.408045977011494,174,FALSE,FALSE
"2024",13,"99","Monori",47.34754,19.448946,4,6,5,0,6010,0,29.871746031746,0.408045977011494,175,FALSE,FALSE
"2024",13,"100","Morahalomi",46.217922,19.883719,7,6,11,0,1042,0,3.59875776397516,0.408045977011494,28,FALSE,FALSE
"2024",13,"101","Mori",47.3717781,18.2085973,5,6,7,0,1597,0,11.125291005291,0.408045977011494,29,FALSE,FALSE
"2024",13,"102","Mosonmagyarovari",47.8744063,17.2693897,11,6,8,0,2584,0,9.43692307692308,0.408045977011494,30,FALSE,FALSE
"2024",13,"103","Nagyatadi",46.23001,17.3574429,7,6,11,0,742,0,3.59875776397516,0.408045977011494,31,FALSE,FALSE
"2024",13,"104","Nagykalloi",47.875519,21.8460521,8,6,10,0,997,0,5.03340659340659,0.408045977011494,32,FALSE,FALSE
"2024",13,"105","Nagykanizsai",46.455237,16.9953419,2,6,9,0,2555,0,6.50228571428571,0.408045977011494,33,FALSE,FALSE
"2024",13,"106","Nagykatai",47.4181175,19.7422453,5,6,7,0,2575,0,11.125291005291,0.408045977011494,34,FALSE,FALSE
"2024",13,"107","Nyirbatori",47.835414,22.130289,2,6,9,0,1392,0,6.50228571428571,0.408045977011494,35,FALSE,FALSE
"2024",13,"108","Nyiregyhazai",47.9532583,21.7264647,12,3,4,8136,8963,56.5388571428571,41.4131428571429,0.951149425287356,11,TRUE,TRUE
"2024",13,"109","Oroshazai",46.5615338,20.6619204,2,6,9,0,1689,0,6.50228571428571,0.408045977011494,13,TRUE,TRUE
"2024",13,"110","Oroszlanyi",47.4943329,18.3215448,5,6,7,0,932,0,11.125291005291,0.408045977011494,37,FALSE,FALSE
"2024",13,"111","Ozdi",48.2195564,20.2869186,5,6,7,0,1807,0,11.125291005291,0.408045977011494,38,FALSE,FALSE
"2024",13,"112","Oriszentpeteri",46.838954,16.4211574,6,5,13,0,0,0.195918367346939,0,0.859195402298851,39,FALSE,FALSE
"2024",13,"113","Pacsai",46.7226412,17.0096878,6,5,13,0,0,0.195918367346939,0,0.859195402298851,40,FALSE,FALSE
"2024",13,"114","Paksi",46.626368,18.8652409,11,6,8,0,1765,0,9.43692307692308,0.408045977011494,41,FALSE,FALSE
"2024",13,"115","Pannonhalmai",47.55021,17.754228,8,6,10,0,576,0,5.03340659340659,0.408045977011494,42,FALSE,FALSE
"2024",13,"116","Papai",47.3308153,17.4660302,11,6,8,0,1942,0,9.43692307692308,0.408045977011494,43,FALSE,FALSE
"2024",13,"117","Pasztoi",47.919562,19.6978939,11,6,8,0,1064,0,9.43692307692308,0.408045977011494,44,FALSE,FALSE
"2024",13,"118","Pecsi",46.0713242,18.2331772,9,2,3,29131,1755,193.472380952381,47.1333333333333,0.988505747126437,4,TRUE,TRUE
"2024",13,"119","Pecsvaradi",46.158114,18.422176,7,6,11,0,412,0,3.59875776397516,0.408045977011494,45,FALSE,FALSE
"2024",13,"120","Petervasarai",48.017941,20.1019849,2,6,9,0,625,0,6.50228571428571,0.408045977011494,47,FALSE,FALSE
"2024",13,"121","Pilisvorosvari",47.6212089,18.9111742,4,6,5,0,4800,0,29.871746031746,0.408045977011494,48,FALSE,FALSE
"2024",13,"122","Polgari",47.866362,21.1242449,6,5,13,0,0,0.195918367346939,0,0.859195402298851,49,FALSE,FALSE
"2024",13,"123","Puspokladanyi",47.3176758,21.1165369,2,6,9,0,1244,0,6.50228571428571,0.408045977011494,50,FALSE,FALSE
"2024",13,"124","Rackevei",47.1611023,18.9455669,1,6,2,0,8604,0,48.2019047619048,0.408045977011494,51,FALSE,FALSE
"2024",13,"125","Retsagi",47.9278597,19.1372757,11,6,8,0,927,0,9.43692307692308,0.408045977011494,52,FALSE,FALSE
"2024",13,"126","Salgotarjani",48.0853167,19.7869357,5,6,7,0,1796,0,11.125291005291,0.408045977011494,53,FALSE,FALSE
"2024",13,"127","Sarbogardi",46.887769,18.6193289,2,6,9,0,789,0,6.50228571428571,0.408045977011494,54,FALSE,FALSE
"2024",13,"128","Sarkadi",46.746283,21.3848669,7,6,11,0,585,0,3.59875776397516,0.408045977011494,55,FALSE,FALSE
"2024",13,"129","Sarospataki",48.318984,21.5663738,3,4,6,2089,1038,10.1214285714286,16.0114285714286,0.910919540229885,24,FALSE,FALSE
"2024",13,"130","Sarvari",47.2540616,16.9352309,2,6,9,0,1167,0,6.50228571428571,0.408045977011494,57,FALSE,FALSE
"2024",13,"131","Sasdi",46.2548488,18.1060595,1,6,2,0,7669,0,48.2019047619048,0.408045977011494,58,FALSE,FALSE
"2024",13,"132","Satoraljaujhelyi",48.3941408,21.6559965,8,6,10,0,951,0,5.03340659340659,0.408045977011494,59,FALSE,FALSE
"2024",13,"133","Sellyei",45.8719698,17.8460989,10,6,12,0,247,0,2.52,0.408045977011494,60,FALSE,FALSE
"2024",13,"134","Siklosi",45.852147,18.2988281,2,6,9,0,1092,0,6.50228571428571,0.408045977011494,61,FALSE,FALSE
"2024",13,"135","Siofoki",46.9057439,18.0525018,5,6,7,0,2415,0,11.125291005291,0.408045977011494,62,FALSE,FALSE
"2024",13,"136","Sopron-Fertodi",47.684898,16.583053,12,3,4,4587,3835,56.5388571428571,41.4131428571429,0.951149425287356,10,TRUE,TRUE
"2024",13,"137","Sumegi",46.9775543,17.2819824,7,6,11,0,427,0,3.59875776397516,0.408045977011494,63,FALSE,FALSE
"2024",13,"138","Szarvasi",46.8595081,20.5595884,5,6,7,0,1869,0,11.125291005291,0.408045977011494,21,FALSE,FALSE
"2024",13,"139","Szecsenyi",48.0811488,19.5197217,2,6,9,0,678,0,6.50228571428571,0.408045977011494,64,FALSE,FALSE
"2024",13,"140","Szegedi",46.2536169,20.1461345,9,2,3,35442,10704,193.472380952381,47.1333333333333,0.988505747126437,3,TRUE,TRUE
"2024",13,"141","Szeghalomi",47.027309,21.166263,8,6,10,0,932,0,5.03340659340659,0.408045977011494,66,FALSE,FALSE
"2024",13,"142","Szekesfehervari",47.1887157,18.4138088,12,3,4,5890,7523,56.5388571428571,41.4131428571429,0.951149425287356,20,TRUE,TRUE
"2024",13,"143","Szekszardi",46.3485623,18.7019205,11,6,8,0,3007,0,9.43692307692308,0.408045977011494,67,FALSE,FALSE
"2024",13,"144","Szentendrei",47.6734712,19.07254,4,6,5,0,6509,0,29.871746031746,0.408045977011494,68,FALSE,FALSE
"2024",13,"145","Szentesi",46.65192,20.2571842,5,6,7,0,1557,0,11.125291005291,0.408045977011494,69,FALSE,FALSE
"2024",13,"146","Szentgotthardi",46.9527524,16.2737218,7,6,11,0,446,0,3.59875776397516,0.408045977011494,70,FALSE,FALSE
"2024",13,"147","Szentlorinci",46.040211,17.989775,2,6,9,0,476,0,6.50228571428571,0.408045977011494,71,FALSE,FALSE
"2024",13,"148","Szerencsi",48.162418,21.205206,2,6,9,0,1337,0,6.50228571428571,0.408045977011494,72,FALSE,FALSE
"2024",13,"149","Szigetvari",46.0482577,17.8123125,10,6,12,0,671,0,2.52,0.408045977011494,73,FALSE,FALSE
"2024",13,"150","Szikszoi",48.1949949,20.9294318,10,6,12,0,495,0,2.52,0.408045977011494,75,FALSE,FALSE
"2024",13,"151","Szobi",47.818012,18.8667731,11,6,8,0,1410,0,9.43692307692308,0.408045977011494,76,FALSE,FALSE
"2024",13,"152","Szolnoki",47.174662,20.17628,4,6,5,0,5164,0,29.871746031746,0.408045977011494,15,TRUE,TRUE
"2024",13,"153","Szombathelyi",47.23514,16.6219178,4,6,5,0,4948,0,29.871746031746,0.408045977011494,23,FALSE,FALSE
"2024",13,"154","Tabi",46.729486,18.0329558,10,6,12,0,215,0,2.52,0.408045977011494,77,FALSE,FALSE
"2024",13,"155","Tamasi",46.6295947,18.2846991,11,6,8,0,927,0,9.43692307692308,0.408045977011494,78,FALSE,FALSE
"2024",13,"156","Tapolcai",46.88289,17.4413581,7,6,11,0,1286,0,3.59875776397516,0.408045977011494,79,FALSE,FALSE
"2024",13,"157","Tatabanyai",47.5861869,18.3947662,3,4,6,1862,3827,10.1214285714286,16.0114285714286,0.910919540229885,16,TRUE,TRUE
"2024",13,"158","Tatai",47.655255,18.3285248,5,6,7,0,2238,0,11.125291005291,0.408045977011494,80,FALSE,FALSE
"2024",13,"159","Teti",47.515979,17.5168418,7,6,11,0,436,0,3.59875776397516,0.408045977011494,81,FALSE,FALSE
"2024",13,"160","Tiszafuredi",47.615345,20.7617821,5,6,7,0,1052,0,11.125291005291,0.408045977011494,83,FALSE,FALSE
"2024",13,"161","Tiszaujvarosi",47.92291,21.052195,8,6,10,0,1349,0,5.03340659340659,0.408045977011494,84,FALSE,FALSE
"2024",13,"162","Tiszavasvari",47.9511368,21.3687867,8,6,10,0,735,0,5.03340659340659,0.408045977011494,85,FALSE,FALSE
"2024",13,"163","Tokaji",48.119994,21.412563,2,6,9,0,418,0,6.50228571428571,0.408045977011494,86,FALSE,FALSE
"2024",13,"164","Torokszentmiklosi",47.180736,20.4182932,5,6,7,0,1142,0,11.125291005291,0.408045977011494,87,FALSE,FALSE
"2024",13,"165","Vaci",47.7754454,19.1377076,3,4,6,1827,3734,10.1214285714286,16.0114285714286,0.910919540229885,17,TRUE,TRUE
"2024",13,"166","Varpalotai",47.1973949,18.1396572,11,6,8,0,1297,0,9.43692307692308,0.408045977011494,88,FALSE,FALSE
"2024",13,"167","Vasarosnamenyi",48.126772,22.318366,8,6,10,0,1318,0,5.03340659340659,0.408045977011494,89,FALSE,FALSE
"2024",13,"168","Vasvari",47.051087,16.7985158,10,6,12,0,314,0,2.52,0.408045977011494,90,FALSE,FALSE
"2024",13,"169","Veresegyhazi",47.65714,19.284962,6,5,13,0,0,0.195918367346939,0,0.859195402298851,91,FALSE,FALSE
"2024",13,"170","Veszpremi",47.092967,17.913785,12,3,4,10093,3929,56.5388571428571,41.4131428571429,0.951149425287356,9,TRUE,TRUE
"2024",13,"171","Zahonyi",48.406999,22.1745391,8,6,10,0,518,0,5.03340659340659,0.408045977011494,93,FALSE,FALSE
"2024",13,"172","Zalaegerszegi",46.845412,16.8472302,11,6,8,0,3906,0,9.43692307692308,0.408045977011494,94,FALSE,FALSE
"2024",13,"173","Zalakarosi",46.5605989,17.1230251,6,5,13,0,0,0.195918367346939,0,0.859195402298851,95,FALSE,FALSE
"2024",13,"174","Zalaszentgroti",46.947143,17.0790458,7,6,11,0,472,0,3.59875776397516,0.408045977011494,96,FALSE,FALSE
"2024",13,"175","Zirci",47.2630578,17.8725401,7,6,11,0,657,0,3.59875776397516,0.408045977011494,97,FALSE,FALSE
