"year","nodeID","nodeLabel","nodeLat","nodeLong","block","block_size","destination_role_rank","origin_role_rank","raw_in_strength","raw_out_strength","fitted_in_mean","fitted_out_mean","fitted_in_rank01","fitted_out_rank01","destination_core_rank","is_destination_core","is_regional_destination_core"
2006,"1","Abai",47.028736,18.517633,10,37,6,9,0,626,0,7.07258687258687,0.436781609195402,0.488505747126437,26,FALSE,FALSE
2006,"2","Abauj-Hegykozi",48.471017,21.2741752,2,32,6,11,0,484,0,4.14071428571428,0.436781609195402,0.192528735632184,100,FALSE,FALSE
2006,"3","Adonyi",47.119574,18.8652611,10,37,6,9,0,672,0,7.07258687258687,0.436781609195402,0.488505747126437,109,FALSE,FALSE
2006,"4","Ajkai",47.1068802,17.563957,5,17,6,10,0,2065,0,5.76840336134454,0.436781609195402,0.333333333333333,118,FALSE,FALSE
2006,"5","Aszodi",47.6523763,19.4759463,10,37,6,9,0,1119,0,7.07258687258687,0.436781609195402,0.488505747126437,127,FALSE,FALSE
2006,"6","Bacsalmasi",46.123955,19.32633,2,32,6,11,0,429,0,4.14071428571428,0.436781609195402,0.192528735632184,136,FALSE,FALSE
2006,"7","Bajai",46.1834182,18.9538158,3,6,5,5,1660,2849,9.5847619047619,22.6028571428571,0.89367816091954,0.89367816091954,19,TRUE,TRUE
2006,"8","Baktaloranthazai",47.997697,22.0766029,5,17,6,10,0,1253,0,5.76840336134454,0.436781609195402,0.333333333333333,155,FALSE,FALSE
2006,"9","Balassagyarmati",48.078798,19.2938953,10,37,6,9,0,2100,0,7.07258687258687,0.436781609195402,0.488505747126437,166,FALSE,FALSE
2006,"10","Balatonalmadi",47.0286976,18.0148627,2,32,6,11,0,1182,0,4.14071428571428,0.436781609195402,0.192528735632184,27,FALSE,FALSE
2006,"11","Balatonfoldvari",46.8497238,17.8794039,2,32,6,11,0,426,0,4.14071428571428,0.436781609195402,0.192528735632184,36,FALSE,FALSE
2006,"12","Balatonfuredi",46.9564612,17.8889631,10,37,6,9,0,1090,0,7.07258687258687,0.436781609195402,0.488505747126437,46,FALSE,FALSE
2006,"13","Balmazujvarosi",47.612435,21.343577,5,17,6,10,0,787,0,5.76840336134454,0.436781609195402,0.333333333333333,56,FALSE,FALSE
2006,"14","Barcsi",45.959228,17.4666786,7,11,6,12,0,707,0,2.43896103896104,0.436781609195402,0.0689655172413793,65,FALSE,FALSE
2006,"15","Batonyterenyei",47.989222,19.828845,10,37,6,9,0,716,0,7.07258687258687,0.436781609195402,0.488505747126437,74,FALSE,FALSE
2006,"16","Bekescsabai",46.6841987,21.0867872,13,21,6,6,0,3410,0,17.1447619047619,0.436781609195402,0.816091954022989,82,FALSE,FALSE
2006,"17","Bekesi",46.6704899,21.0434996,13,21,6,6,0,1820,0,17.1447619047619,0.436781609195402,0.816091954022989,92,FALSE,FALSE
2006,"18","Belapatfalvai",48.052725,20.348591,2,32,6,11,0,359,0,4.14071428571428,0.436781609195402,0.192528735632184,98,FALSE,FALSE
2006,"19","Berettyoujfalui",47.233892,21.5340216,2,32,6,11,0,1666,0,4.14071428571428,0.436781609195402,0.192528735632184,99,FALSE,FALSE
2006,"20","Bicskei",47.490759,18.6362719,10,37,6,9,0,1215,0,7.07258687258687,0.436781609195402,0.488505747126437,101,FALSE,FALSE
2006,"21","Bodrogkozi",48.263291,21.8918689,2,32,6,11,0,437,0,4.14071428571428,0.436781609195402,0.192528735632184,102,FALSE,FALSE
2006,"22","Bonyhadi",46.2986759,18.5305778,10,37,6,9,0,1075,0,7.07258687258687,0.436781609195402,0.488505747126437,103,FALSE,FALSE
2006,"23","Budaorsi",47.460753,18.9581146,3,6,5,5,447,7738,9.5847619047619,22.6028571428571,0.89367816091954,0.89367816091954,22,FALSE,FALSE
2006,"24","Budapesti",47.4984056,19.0407578,11,1,1,1,177803,87521,1016.01714285714,500.12,1,1,1,TRUE,FALSE
2006,"25","Cegledi",47.1772081,19.7980311,13,21,6,6,0,3996,0,17.1447619047619,0.436781609195402,0.816091954022989,104,FALSE,FALSE
2006,"26","Celldomolki",47.257515,17.1526399,2,32,6,11,0,774,0,4.14071428571428,0.436781609195402,0.192528735632184,105,FALSE,FALSE
2006,"27","Csengeri",47.8350105,22.6822754,7,11,6,12,0,493,0,2.43896103896104,0.436781609195402,0.0689655172413793,106,FALSE,FALSE
2006,"28","Csepregi",47.401546,16.7081249,7,11,6,12,0,345,0,2.43896103896104,0.436781609195402,0.0689655172413793,107,FALSE,FALSE
2006,"29","Csongradi",46.710833,20.144575,12,20,6,8,0,848,0,7.51057142857143,0.436781609195402,0.652298850574713,108,FALSE,FALSE
2006,"30","Csornai",47.601529,17.249978,12,20,6,8,0,1066,0,7.51057142857143,0.436781609195402,0.652298850574713,110,FALSE,FALSE
2006,"31","Csurgoi",46.260776,17.095325,2,32,6,11,0,528,0,4.14071428571428,0.436781609195402,0.192528735632184,111,FALSE,FALSE
2006,"32","Dabasi",47.192283,19.330853,10,37,6,9,0,1439,0,7.07258687258687,0.436781609195402,0.488505747126437,112,FALSE,FALSE
2006,"33","Debreceni",47.5299739,21.6393571,6,3,2,3,34371,9496,188.994285714286,49.5733333333333,0.988505747126437,0.971264367816092,2,TRUE,TRUE
2006,"34","Derecske-Letavertesi",47.3824608,21.891967,5,17,6,10,0,1045,0,5.76840336134454,0.436781609195402,0.333333333333333,113,FALSE,FALSE
2006,"35","Devecseri",47.106397,17.437279,4,7,6,13,0,0,0,0,0.436781609195402,0.0172413793103448,114,FALSE,FALSE
2006,"36","Dombovari",46.383295,18.131089,12,20,6,8,0,1187,0,7.51057142857143,0.436781609195402,0.652298850574713,115,FALSE,FALSE
2006,"37","Dorogi",47.7197439,18.7287817,12,20,6,8,0,1203,0,7.51057142857143,0.436781609195402,0.652298850574713,116,FALSE,FALSE
2006,"38","Dunakeszi",47.6297228,19.1380528,9,8,6,7,0,3635,0,15.7464285714286,0.436781609195402,0.732758620689655,117,FALSE,FALSE
2006,"39","Dunaujvarosi",46.980668,18.9127069,13,21,6,6,0,2995,0,17.1447619047619,0.436781609195402,0.816091954022989,18,TRUE,TRUE
2006,"40","Edelenyi",48.2966608,20.7442671,10,37,6,9,0,960,0,7.07258687258687,0.436781609195402,0.488505747126437,119,FALSE,FALSE
2006,"41","Egri",47.9031987,20.3731077,8,9,4,4,12156,4466,48.6400000000001,22.7847619047619,0.936781609195402,0.936781609195402,8,TRUE,TRUE
2006,"42","Encsi",48.330768,21.1219603,5,17,6,10,0,716,0,5.76840336134454,0.436781609195402,0.333333333333333,120,FALSE,FALSE
2006,"43","Enyingi",46.9296,18.242978,2,32,6,11,0,443,0,4.14071428571428,0.436781609195402,0.192528735632184,121,FALSE,FALSE
2006,"44","Ercsi",47.24966,18.891059,10,37,6,9,0,811,0,7.07258687258687,0.436781609195402,0.488505747126437,122,FALSE,FALSE
2006,"45","Erdi",47.3783095,18.9217973,4,7,6,13,0,0,0,0,0.436781609195402,0.0172413793103448,123,FALSE,FALSE
2006,"46","Esztergomi",47.793308,18.7419333,3,6,5,5,1458,2191,9.5847619047619,22.6028571428571,0.89367816091954,0.89367816091954,25,FALSE,FALSE
2006,"47","Fehergyarmati",47.985063,22.517104,2,32,6,11,0,1439,0,4.14071428571428,0.436781609195402,0.192528735632184,124,FALSE,FALSE
2006,"48","Fonyodi",46.749197,17.5558792,12,20,6,8,0,1138,0,7.51057142857143,0.436781609195402,0.652298850574713,125,FALSE,FALSE
2006,"49","Fuzesabonyi",47.750888,20.409611,12,20,6,8,0,989,0,7.51057142857143,0.436781609195402,0.652298850574713,126,FALSE,FALSE
2006,"50","Gardonyi",47.1973503,18.6091412,10,37,6,9,0,1008,0,7.07258687258687,0.436781609195402,0.488505747126437,128,FALSE,FALSE
2006,"51","Godolloi",47.5975105,19.3480017,8,9,4,4,12323,4853,48.6400000000001,22.7847619047619,0.936781609195402,0.936781609195402,5,TRUE,TRUE
2006,"52","Gyali",47.3808958,19.215712,13,21,6,6,0,2350,0,17.1447619047619,0.436781609195402,0.816091954022989,129,FALSE,FALSE
2006,"53","Gyongyosi",47.775028,19.9280689,13,21,6,6,0,2925,0,17.1447619047619,0.436781609195402,0.816091954022989,130,FALSE,FALSE
2006,"54","Gyori",47.684051,17.6351011,1,3,3,2,10903,6960,71.8704761904761,49.6857142857143,0.971264367816092,0.988505747126437,6,TRUE,TRUE
2006,"55","Gyulai",46.642498,21.268809,13,21,6,6,0,2269,0,17.1447619047619,0.436781609195402,0.816091954022989,131,FALSE,FALSE
2006,"56","Hajduboszormenyi",47.673238,21.5076172,9,8,6,7,0,2174,0,15.7464285714286,0.436781609195402,0.732758620689655,132,FALSE,FALSE
2006,"57","Hajduhadhazi",47.68197,21.6685631,2,32,6,11,0,1584,0,4.14071428571428,0.436781609195402,0.192528735632184,133,FALSE,FALSE
2006,"58","Hajduszoboszloi",47.443667,21.389719,2,32,6,11,0,1276,0,4.14071428571428,0.436781609195402,0.192528735632184,134,FALSE,FALSE
2006,"59","Hatvani",47.668122,19.669901,9,8,6,7,0,1892,0,15.7464285714286,0.436781609195402,0.732758620689655,135,FALSE,FALSE
2006,"60","Hevesi",47.5945238,20.2882213,10,37,6,9,0,1093,0,7.07258687258687,0.436781609195402,0.488505747126437,137,FALSE,FALSE
2006,"61","Hevizi",46.7905869,17.1843866,4,7,6,13,0,0,0,0,0.436781609195402,0.0172413793103448,138,FALSE,FALSE
2006,"62","Hodmezovasarhelyi",46.430411,20.3188298,10,37,6,9,0,2080,0,7.07258687258687,0.436781609195402,0.488505747126437,139,FALSE,FALSE
2006,"63","Ibrany-Nagyhalaszi",48.134908,21.7187528,5,17,6,10,0,1376,0,5.76840336134454,0.436781609195402,0.333333333333333,140,FALSE,FALSE
2006,"64","Janoshalmai",46.2967401,19.3228798,10,37,6,9,0,517,0,7.07258687258687,0.436781609195402,0.488505747126437,141,FALSE,FALSE
2006,"65","Jaszberenyi",47.5006181,19.9147188,13,21,6,6,0,2782,0,17.1447619047619,0.436781609195402,0.816091954022989,142,FALSE,FALSE
2006,"66","Kadarkuti",46.2311466,17.6157102,4,7,6,13,0,0,0,0,0.436781609195402,0.0172413793103448,143,FALSE,FALSE
2006,"67","Kalocsai",46.5334145,18.9856969,13,21,6,6,0,2125,0,17.1447619047619,0.436781609195402,0.816091954022989,144,FALSE,FALSE
2006,"68","Kaposvari",46.36653,17.782483,8,9,4,4,8801,4014,48.6400000000001,22.7847619047619,0.936781609195402,0.936781609195402,12,TRUE,TRUE
2006,"69","Kapuvar-Beledi",47.5935568,17.0249715,7,11,6,12,0,758,0,2.43896103896104,0.436781609195402,0.0689655172413793,145,FALSE,FALSE
2006,"70","Karcagi",47.316632,20.9220631,10,37,6,9,0,1716,0,7.07258687258687,0.436781609195402,0.488505747126437,146,FALSE,FALSE
2006,"71","Kazincbarcikai",48.25317,20.6456512,13,21,6,6,0,2498,0,17.1447619047619,0.436781609195402,0.816091954022989,147,FALSE,FALSE
2006,"72","Kecskemeti",46.9062092,19.6899774,3,6,5,5,227,7044,9.5847619047619,22.6028571428571,0.89367816091954,0.89367816091954,14,TRUE,TRUE
2006,"73","Keszthelyi",46.7695893,17.2481444,12,20,6,8,0,2050,0,7.51057142857143,0.436781609195402,0.652298850574713,148,FALSE,FALSE
2006,"74","Kisberi",47.501673,18.0269161,5,17,6,10,0,518,0,5.76840336134454,0.436781609195402,0.333333333333333,149,FALSE,FALSE
2006,"75","Kiskorosi",46.620386,19.283827,13,21,6,6,0,2069,0,17.1447619047619,0.436781609195402,0.816091954022989,150,FALSE,FALSE
2006,"76","Kiskunfelegyhazai",46.7050953,19.8499199,10,37,6,9,0,1688,0,7.07258687258687,0.436781609195402,0.488505747126437,151,FALSE,FALSE
2006,"77","Kiskunhalasi",46.432037,19.4885269,10,37,6,9,0,1679,0,7.07258687258687,0.436781609195402,0.488505747126437,152,FALSE,FALSE
2006,"78","Kiskunmajsai",46.492344,19.7368448,2,32,6,11,0,584,0,4.14071428571428,0.436781609195402,0.192528735632184,153,FALSE,FALSE
2006,"79","Kisteleki",46.4696447,19.9803972,5,17,6,10,0,513,0,5.76840336134454,0.436781609195402,0.333333333333333,154,FALSE,FALSE
2006,"80","Kisvardai",48.2264002,22.0846211,13,21,6,6,0,3319,0,17.1447619047619,0.436781609195402,0.816091954022989,156,FALSE,FALSE
2006,"81","Komaromi",47.7434248,18.1191064,10,37,6,9,0,1373,0,7.07258687258687,0.436781609195402,0.488505747126437,157,FALSE,FALSE
2006,"82","Komloi",47.600636,20.445412,5,17,6,10,0,1335,0,5.76840336134454,0.436781609195402,0.333333333333333,158,FALSE,FALSE
2006,"83","Kormendi",47.011113,16.6057156,2,32,6,11,0,710,0,4.14071428571428,0.436781609195402,0.192528735632184,159,FALSE,FALSE
2006,"84","Koszegi",47.381935,16.552229,2,32,6,11,0,576,0,4.14071428571428,0.436781609195402,0.192528735632184,160,FALSE,FALSE
2006,"85","Kunszentmartoni",46.841082,20.287233,12,20,6,8,0,1143,0,7.51057142857143,0.436781609195402,0.652298850574713,161,FALSE,FALSE
2006,"86","Kunszentmiklosi",47.026444,19.1227831,10,37,6,9,0,812,0,7.07258687258687,0.436781609195402,0.488505747126437,162,FALSE,FALSE
2006,"87","Lengyeltoti",46.667049,17.6407711,2,32,6,11,0,234,0,4.14071428571428,0.436781609195402,0.192528735632184,163,FALSE,FALSE
2006,"88","Lenti",46.623785,16.546001,12,20,6,8,0,810,0,7.51057142857143,0.436781609195402,0.652298850574713,164,FALSE,FALSE
2006,"89","Letenyei",46.4337456,16.7221882,2,32,6,11,0,577,0,4.14071428571428,0.436781609195402,0.192528735632184,165,FALSE,FALSE
2006,"90","Makoi",46.21498,20.47513,10,37,6,9,0,1487,0,7.07258687258687,0.436781609195402,0.488505747126437,167,FALSE,FALSE
2006,"91","Marcali",46.582815,17.4119018,2,32,6,11,0,860,0,4.14071428571428,0.436781609195402,0.192528735632184,168,FALSE,FALSE
2006,"92","Mateszalkai",47.943265,22.316904,12,20,6,8,0,2587,0,7.51057142857143,0.436781609195402,0.652298850574713,169,FALSE,FALSE
2006,"93","Mezocsati",47.823541,20.9028038,7,11,6,12,0,489,0,2.43896103896104,0.436781609195402,0.0689655172413793,170,FALSE,FALSE
2006,"94","Mezokovacshazai",46.4071834,20.9241681,13,21,6,6,0,1166,0,17.1447619047619,0.436781609195402,0.816091954022989,171,FALSE,FALSE
2006,"95","Mezokovesdi",47.8068796,20.5650907,2,32,6,11,0,1811,0,4.14071428571428,0.436781609195402,0.192528735632184,172,FALSE,FALSE
2006,"96","Mezoturi",47.00278,20.618465,10,37,6,9,0,1011,0,7.07258687258687,0.436781609195402,0.488505747126437,173,FALSE,FALSE
2006,"97","Miskolci",48.1043854,20.7913563,1,3,3,2,12883,11434,71.8704761904761,49.6857142857143,0.971264367816092,0.988505747126437,7,TRUE,TRUE
2006,"98","Mohacsi",45.9959241,18.6798279,10,37,6,9,0,1612,0,7.07258687258687,0.436781609195402,0.488505747126437,174,FALSE,FALSE
2006,"99","Monori",47.34754,19.448946,13,21,6,6,0,2694,0,17.1447619047619,0.436781609195402,0.816091954022989,175,FALSE,FALSE
2006,"100","Morahalomi",46.217922,19.883719,5,17,6,10,0,617,0,5.76840336134454,0.436781609195402,0.333333333333333,28,FALSE,FALSE
2006,"101","Mori",47.3717781,18.2085973,10,37,6,9,0,1169,0,7.07258687258687,0.436781609195402,0.488505747126437,29,FALSE,FALSE
2006,"102","Mosonmagyarovari",47.8744063,17.2693897,12,20,6,8,0,2115,0,7.51057142857143,0.436781609195402,0.652298850574713,30,FALSE,FALSE
2006,"103","Nagyatadi",46.23001,17.3574429,12,20,6,8,0,825,0,7.51057142857143,0.436781609195402,0.652298850574713,31,FALSE,FALSE
2006,"104","Nagykalloi",47.875519,21.8460521,12,20,6,8,0,1833,0,7.51057142857143,0.436781609195402,0.652298850574713,32,FALSE,FALSE
2006,"105","Nagykanizsai",46.455237,16.9953419,9,8,6,7,0,3145,0,15.7464285714286,0.436781609195402,0.732758620689655,33,FALSE,FALSE
2006,"106","Nagykatai",47.4181175,19.7422453,10,37,6,9,0,1728,0,7.07258687258687,0.436781609195402,0.488505747126437,34,FALSE,FALSE
2006,"107","Nyirbatori",47.835414,22.130289,10,37,6,9,0,1451,0,7.07258687258687,0.436781609195402,0.488505747126437,35,FALSE,FALSE
2006,"108","Nyiregyhazai",47.9532583,21.7264647,1,3,3,2,13946,7691,71.8704761904761,49.6857142857143,0.971264367816092,0.988505747126437,11,TRUE,TRUE
2006,"109","Oroshazai",46.5615338,20.6619204,8,9,4,4,6868,2124,48.6400000000001,22.7847619047619,0.936781609195402,0.936781609195402,13,TRUE,TRUE
2006,"110","Oroszlanyi",47.4943329,18.3215448,12,20,6,8,0,790,0,7.51057142857143,0.436781609195402,0.652298850574713,37,FALSE,FALSE
2006,"111","Ozdi",48.2195564,20.2869186,10,37,6,9,0,1987,0,7.07258687258687,0.436781609195402,0.488505747126437,38,FALSE,FALSE
2006,"112","Oriszentpeteri",46.838954,16.4211574,7,11,6,12,0,136,0,2.43896103896104,0.436781609195402,0.0689655172413793,39,FALSE,FALSE
2006,"113","Pacsai",46.7226412,17.0096878,4,7,6,13,0,0,0,0,0.436781609195402,0.0172413793103448,40,FALSE,FALSE
2006,"114","Paksi",46.626368,18.8652409,9,8,6,7,0,2095,0,15.7464285714286,0.436781609195402,0.732758620689655,41,FALSE,FALSE
2006,"115","Pannonhalmai",47.55021,17.754228,7,11,6,12,0,361,0,2.43896103896104,0.436781609195402,0.0689655172413793,42,FALSE,FALSE
2006,"116","Papai",47.3308153,17.4660302,9,8,6,7,0,2189,0,15.7464285714286,0.436781609195402,0.732758620689655,43,FALSE,FALSE
2006,"117","Pasztoi",47.919562,19.6978939,10,37,6,9,0,1011,0,7.07258687258687,0.436781609195402,0.488505747126437,44,FALSE,FALSE
2006,"118","Pecsi",46.0713242,18.2331772,6,3,2,3,33369,7449,188.994285714286,49.5733333333333,0.988505747126437,0.971264367816092,4,TRUE,TRUE
2006,"119","Pecsvaradi",46.158114,18.422176,2,32,6,11,0,394,0,4.14071428571428,0.436781609195402,0.192528735632184,45,FALSE,FALSE
2006,"120","Petervasarai",48.017941,20.1019849,5,17,6,10,0,609,0,5.76840336134454,0.436781609195402,0.333333333333333,47,FALSE,FALSE
2006,"121","Pilisvorosvari",47.6212089,18.9111742,13,21,6,6,0,5100,0,17.1447619047619,0.436781609195402,0.816091954022989,48,FALSE,FALSE
2006,"122","Polgari",47.866362,21.1242449,7,11,6,12,0,436,0,2.43896103896104,0.436781609195402,0.0689655172413793,49,FALSE,FALSE
2006,"123","Puspokladanyi",47.3176758,21.1165369,5,17,6,10,0,1813,0,5.76840336134454,0.436781609195402,0.333333333333333,50,FALSE,FALSE
2006,"124","Rackevei",47.1611023,18.9455669,13,21,6,6,0,4528,0,17.1447619047619,0.436781609195402,0.816091954022989,51,FALSE,FALSE
2006,"125","Retsagi",47.9278597,19.1372757,10,37,6,9,0,922,0,7.07258687258687,0.436781609195402,0.488505747126437,52,FALSE,FALSE
2006,"126","Salgotarjani",48.0853167,19.7869357,9,8,6,7,0,2735,0,15.7464285714286,0.436781609195402,0.732758620689655,53,FALSE,FALSE
2006,"127","Sarbogardi",46.887769,18.6193289,10,37,6,9,0,769,0,7.07258687258687,0.436781609195402,0.488505747126437,54,FALSE,FALSE
2006,"128","Sarkadi",46.746283,21.3848669,5,17,6,10,0,670,0,5.76840336134454,0.436781609195402,0.333333333333333,55,FALSE,FALSE
2006,"129","Sarospataki",48.318984,21.5663738,10,37,6,9,0,1282,0,7.07258687258687,0.436781609195402,0.488505747126437,24,FALSE,FALSE
2006,"130","Sarvari",47.2540616,16.9352309,12,20,6,8,0,1173,0,7.51057142857143,0.436781609195402,0.652298850574713,57,FALSE,FALSE
2006,"131","Sasdi",46.2548488,18.1060595,2,32,6,11,0,359,0,4.14071428571428,0.436781609195402,0.192528735632184,58,FALSE,FALSE
2006,"132","Satoraljaujhelyi",48.3941408,21.6559965,2,32,6,11,0,938,0,4.14071428571428,0.436781609195402,0.192528735632184,59,FALSE,FALSE
2006,"133","Sellyei",45.8719698,17.8460989,2,32,6,11,0,316,0,4.14071428571428,0.436781609195402,0.192528735632184,60,FALSE,FALSE
2006,"134","Siklosi",45.852147,18.2988281,12,20,6,8,0,937,0,7.51057142857143,0.436781609195402,0.652298850574713,61,FALSE,FALSE
2006,"135","Siofoki",46.9057439,18.0525018,10,37,6,9,0,1560,0,7.07258687258687,0.436781609195402,0.488505747126437,62,FALSE,FALSE
2006,"136","Sopron-Fertodi",47.684898,16.583053,8,9,4,4,10727,3069,48.6400000000001,22.7847619047619,0.936781609195402,0.936781609195402,10,TRUE,TRUE
2006,"137","Sumegi",46.9775543,17.2819824,2,32,6,11,0,488,0,4.14071428571428,0.436781609195402,0.192528735632184,63,FALSE,FALSE
2006,"138","Szarvasi",46.8595081,20.5595884,3,6,5,5,4537,1048,9.5847619047619,22.6028571428571,0.89367816091954,0.89367816091954,21,FALSE,FALSE
2006,"139","Szecsenyi",48.0811488,19.5197217,10,37,6,9,0,713,0,7.07258687258687,0.436781609195402,0.488505747126437,64,FALSE,FALSE
2006,"140","Szegedi",46.2536169,20.1461345,6,3,2,3,31482,9081,188.994285714286,49.5733333333333,0.988505747126437,0.971264367816092,3,TRUE,TRUE
2006,"141","Szeghalomi",47.027309,21.166263,10,37,6,9,0,1135,0,7.07258687258687,0.436781609195402,0.488505747126437,66,FALSE,FALSE
2006,"142","Szekesfehervari",47.1887157,18.4138088,13,21,6,6,0,7153,0,17.1447619047619,0.436781609195402,0.816091954022989,20,TRUE,TRUE
2006,"143","Szekszardi",46.3485623,18.7019205,13,21,6,6,0,3317,0,17.1447619047619,0.436781609195402,0.816091954022989,67,FALSE,FALSE
2006,"144","Szentendrei",47.6734712,19.07254,13,21,6,6,0,4013,0,17.1447619047619,0.436781609195402,0.816091954022989,68,FALSE,FALSE
2006,"145","Szentesi",46.65192,20.2571842,13,21,6,6,0,1349,0,17.1447619047619,0.436781609195402,0.816091954022989,69,FALSE,FALSE
2006,"146","Szentgotthardi",46.9527524,16.2737218,2,32,6,11,0,352,0,4.14071428571428,0.436781609195402,0.192528735632184,70,FALSE,FALSE
2006,"147","Szentlorinci",46.040211,17.989775,7,11,6,12,0,316,0,2.43896103896104,0.436781609195402,0.0689655172413793,71,FALSE,FALSE
2006,"148","Szerencsi",48.162418,21.205206,12,20,6,8,0,1579,0,7.51057142857143,0.436781609195402,0.652298850574713,72,FALSE,FALSE
2006,"149","Szigetvari",46.0482577,17.8123125,5,17,6,10,0,697,0,5.76840336134454,0.436781609195402,0.333333333333333,73,FALSE,FALSE
2006,"150","Szikszoi",48.1949949,20.9294318,5,17,6,10,0,595,0,5.76840336134454,0.436781609195402,0.333333333333333,75,FALSE,FALSE
2006,"151","Szobi",47.818012,18.8667731,2,32,6,11,0,373,0,4.14071428571428,0.436781609195402,0.192528735632184,76,FALSE,FALSE
2006,"152","Szolnoki",47.174662,20.17628,8,9,4,4,5827,5626,48.6400000000001,22.7847619047619,0.936781609195402,0.936781609195402,15,TRUE,TRUE
2006,"153","Szombathelyi",47.23514,16.6219178,8,9,4,4,5088,4279,48.6400000000001,22.7847619047619,0.936781609195402,0.936781609195402,23,FALSE,FALSE
2006,"154","Tabi",46.729486,18.0329558,2,32,6,11,0,425,0,4.14071428571428,0.436781609195402,0.192528735632184,77,FALSE,FALSE
2006,"155","Tamasi",46.6295947,18.2846991,5,17,6,10,0,1163,0,5.76840336134454,0.436781609195402,0.333333333333333,78,FALSE,FALSE
2006,"156","Tapolcai",46.88289,17.4413581,12,20,6,8,0,1447,0,7.51057142857143,0.436781609195402,0.652298850574713,79,FALSE,FALSE
2006,"157","Tatabanyai",47.5861869,18.3947662,8,9,4,4,2981,3493,48.6400000000001,22.7847619047619,0.936781609195402,0.936781609195402,16,TRUE,TRUE
2006,"158","Tatai",47.655255,18.3285248,10,37,6,9,0,1759,0,7.07258687258687,0.436781609195402,0.488505747126437,80,FALSE,FALSE
2006,"159","Teti",47.515979,17.5168418,2,32,6,11,0,442,0,4.14071428571428,0.436781609195402,0.192528735632184,81,FALSE,FALSE
2006,"160","Tiszafuredi",47.615345,20.7617821,10,37,6,9,0,1348,0,7.07258687258687,0.436781609195402,0.488505747126437,83,FALSE,FALSE
2006,"161","Tiszaujvarosi",47.92291,21.052195,2,32,6,11,0,1493,0,4.14071428571428,0.436781609195402,0.192528735632184,84,FALSE,FALSE
2006,"162","Tiszavasvari",47.9511368,21.3687867,12,20,6,8,0,1168,0,7.51057142857143,0.436781609195402,0.652298850574713,85,FALSE,FALSE
2006,"163","Tokaji",48.119994,21.412563,2,32,6,11,0,580,0,4.14071428571428,0.436781609195402,0.192528735632184,86,FALSE,FALSE
2006,"164","Torokszentmiklosi",47.180736,20.4182932,12,20,6,8,0,1399,0,7.51057142857143,0.436781609195402,0.652298850574713,87,FALSE,FALSE
2006,"165","Vaci",47.7754454,19.1377076,3,6,5,5,1735,2863,9.5847619047619,22.6028571428571,0.89367816091954,0.89367816091954,17,TRUE,TRUE
2006,"166","Varpalotai",47.1973949,18.1396572,10,37,6,9,0,1062,0,7.07258687258687,0.436781609195402,0.488505747126437,88,FALSE,FALSE
2006,"167","Vasarosnamenyi",48.126772,22.318366,5,17,6,10,0,1389,0,5.76840336134454,0.436781609195402,0.333333333333333,89,FALSE,FALSE
2006,"168","Vasvari",47.051087,16.7985158,7,11,6,12,0,253,0,2.43896103896104,0.436781609195402,0.0689655172413793,90,FALSE,FALSE
2006,"169","Veresegyhazi",47.65714,19.284962,13,21,6,6,0,1129,0,17.1447619047619,0.436781609195402,0.816091954022989,91,FALSE,FALSE
2006,"170","Veszpremi",47.092967,17.913785,8,9,4,4,11837,3962,48.6400000000001,22.7847619047619,0.936781609195402,0.936781609195402,9,TRUE,TRUE
2006,"171","Zahonyi",48.406999,22.1745391,4,7,6,13,0,0,0,0,0.436781609195402,0.0172413793103448,93,FALSE,FALSE
2006,"172","Zalaegerszegi",46.845412,16.8472302,9,8,6,7,0,4180,0,15.7464285714286,0.436781609195402,0.732758620689655,94,FALSE,FALSE
2006,"173","Zalakarosi",46.5605989,17.1230251,4,7,6,13,0,0,0,0,0.436781609195402,0.0172413793103448,95,FALSE,FALSE
2006,"174","Zalaszentgroti",46.947143,17.0790458,7,11,6,12,0,401,0,2.43896103896104,0.436781609195402,0.0689655172413793,96,FALSE,FALSE
2006,"175","Zirci",47.2630578,17.8725401,2,32,6,11,0,649,0,4.14071428571428,0.436781609195402,0.192528735632184,97,FALSE,FALSE
2007,"1","Abai",47.028736,18.517633,6,26,5,7,0,583,0,8.03142857142857,0.436781609195402,0.560344827586207,26,FALSE,FALSE
2007,"2","Abauj-Hegykozi",48.471017,21.2741752,9,16,5,12,0,396,0,2.50571428571429,0.436781609195402,0.0833333333333333,100,FALSE,FALSE
2007,"3","Adonyi",47.119574,18.8652611,6,26,5,7,0,738,0,8.03142857142857,0.436781609195402,0.560344827586207,109,FALSE,FALSE
2007,"4","Ajkai",47.1068802,17.563957,6,26,5,7,0,2033,0,8.03142857142857,0.436781609195402,0.560344827586207,118,FALSE,FALSE
2007,"5","Aszodi",47.6523763,19.4759463,3,29,5,6,0,1265,0,9.10009852216748,0.436781609195402,0.718390804597701,127,FALSE,FALSE
2007,"6","Bacsalmasi",46.123955,19.32633,3,29,5,6,0,512,0,9.10009852216748,0.436781609195402,0.718390804597701,136,FALSE,FALSE
2007,"7","Bajai",46.1834182,18.9538158,4,6,4,4,1949,2875,9.65809523809524,22.9571428571429,0.89367816091954,0.89367816091954,19,TRUE,TRUE
2007,"8","Baktaloranthazai",47.997697,22.0766029,1,9,5,11,0,1127,0,3.85079365079365,0.436781609195402,0.155172413793103,155,FALSE,FALSE
2007,"9","Balassagyarmati",48.078798,19.2938953,3,29,5,6,0,2166,0,9.10009852216748,0.436781609195402,0.718390804597701,166,FALSE,FALSE
2007,"10","Balatonalmadi",47.0286976,18.0148627,2,23,5,8,0,1210,0,7.10360248447205,0.436781609195402,0.419540229885057,27,FALSE,FALSE
2007,"11","Balatonfoldvari",46.8497238,17.8794039,9,16,5,12,0,368,0,2.50571428571429,0.436781609195402,0.0833333333333333,36,FALSE,FALSE
2007,"12","Balatonfuredi",46.9564612,17.8889631,6,26,5,7,0,1101,0,8.03142857142857,0.436781609195402,0.560344827586207,46,FALSE,FALSE
2007,"13","Balmazujvarosi",47.612435,21.343577,5,15,5,9,0,860,0,6.3687619047619,0.436781609195402,0.310344827586207,56,FALSE,FALSE
2007,"14","Barcsi",45.959228,17.4666786,10,15,5,10,0,689,0,4.88266666666667,0.436781609195402,0.224137931034483,65,FALSE,FALSE
2007,"15","Batonyterenyei",47.989222,19.828845,6,26,5,7,0,770,0,8.03142857142857,0.436781609195402,0.560344827586207,74,FALSE,FALSE
2007,"16","Bekescsabai",46.6841987,21.0867872,13,13,5,5,0,3353,0,22.1569230769231,0.436781609195402,0.839080459770115,82,FALSE,FALSE
2007,"17","Bekesi",46.6704899,21.0434996,3,29,5,6,0,1800,0,9.10009852216748,0.436781609195402,0.718390804597701,92,FALSE,FALSE
2007,"18","Belapatfalvai",48.052725,20.348591,1,9,5,11,0,363,0,3.85079365079365,0.436781609195402,0.155172413793103,98,FALSE,FALSE
2007,"19","Berettyoujfalui",47.233892,21.5340216,6,26,5,7,0,1517,0,8.03142857142857,0.436781609195402,0.560344827586207,99,FALSE,FALSE
2007,"20","Bicskei",47.490759,18.6362719,3,29,5,6,0,1449,0,9.10009852216748,0.436781609195402,0.718390804597701,101,FALSE,FALSE
2007,"21","Bodrogkozi",48.263291,21.8918689,9,16,5,12,0,504,0,2.50571428571429,0.436781609195402,0.0833333333333333,102,FALSE,FALSE
2007,"22","Bonyhadi",46.2986759,18.5305778,10,15,5,10,0,930,0,4.88266666666667,0.436781609195402,0.224137931034483,103,FALSE,FALSE
2007,"23","Budaorsi",47.460753,18.9581146,4,6,4,4,664,8177,9.65809523809524,22.9571428571429,0.89367816091954,0.89367816091954,22,FALSE,FALSE
2007,"24","Budapesti",47.4984056,19.0407578,8,1,1,1,181634,93299,1037.90857142857,533.137142857143,1,1,1,TRUE,FALSE
2007,"25","Cegledi",47.1772081,19.7980311,13,13,5,5,0,3855,0,22.1569230769231,0.436781609195402,0.839080459770115,104,FALSE,FALSE
2007,"26","Celldomolki",47.257515,17.1526399,10,15,5,10,0,856,0,4.88266666666667,0.436781609195402,0.224137931034483,105,FALSE,FALSE
2007,"27","Csengeri",47.8350105,22.6822754,9,16,5,12,0,471,0,2.50571428571429,0.436781609195402,0.0833333333333333,106,FALSE,FALSE
2007,"28","Csepregi",47.401546,16.7081249,9,16,5,12,0,377,0,2.50571428571429,0.436781609195402,0.0833333333333333,107,FALSE,FALSE
2007,"29","Csongradi",46.710833,20.144575,3,29,5,6,0,839,0,9.10009852216748,0.436781609195402,0.718390804597701,108,FALSE,FALSE
2007,"30","Csornai",47.601529,17.249978,10,15,5,10,0,1069,0,4.88266666666667,0.436781609195402,0.224137931034483,110,FALSE,FALSE
2007,"31","Csurgoi",46.260776,17.095325,10,15,5,10,0,581,0,4.88266666666667,0.436781609195402,0.224137931034483,111,FALSE,FALSE
2007,"32","Dabasi",47.192283,19.330853,3,29,5,6,0,1575,0,9.10009852216748,0.436781609195402,0.718390804597701,112,FALSE,FALSE
2007,"33","Debreceni",47.5299739,21.6393571,12,3,2,2,36711,10154,191.087619047619,50.4419047619048,0.988505747126437,0.988505747126437,2,TRUE,TRUE
2007,"34","Derecske-Letavertesi",47.3824608,21.891967,5,15,5,9,0,1152,0,6.3687619047619,0.436781609195402,0.310344827586207,113,FALSE,FALSE
2007,"35","Devecseri",47.106397,17.437279,7,7,5,13,0,0,0,0,0.436781609195402,0.0172413793103448,114,FALSE,FALSE
2007,"36","Dombovari",46.383295,18.131089,6,26,5,7,0,1121,0,8.03142857142857,0.436781609195402,0.560344827586207,115,FALSE,FALSE
2007,"37","Dorogi",47.7197439,18.7287817,3,29,5,6,0,1279,0,9.10009852216748,0.436781609195402,0.718390804597701,116,FALSE,FALSE
2007,"38","Dunakeszi",47.6297228,19.1380528,13,13,5,5,0,3446,0,22.1569230769231,0.436781609195402,0.839080459770115,117,FALSE,FALSE
2007,"39","Dunaujvarosi",46.980668,18.9127069,13,13,5,5,0,3193,0,22.1569230769231,0.436781609195402,0.839080459770115,18,TRUE,TRUE
2007,"40","Edelenyi",48.2966608,20.7442671,6,26,5,7,0,1045,0,8.03142857142857,0.436781609195402,0.560344827586207,119,FALSE,FALSE
2007,"41","Egri",47.9031987,20.3731077,11,12,3,3,11027,4061,56.697619047619,29.9685714285714,0.945402298850575,0.945402298850575,8,TRUE,TRUE
2007,"42","Encsi",48.330768,21.1219603,2,23,5,8,0,744,0,7.10360248447205,0.436781609195402,0.419540229885057,120,FALSE,FALSE
2007,"43","Enyingi",46.9296,18.242978,6,26,5,7,0,538,0,8.03142857142857,0.436781609195402,0.560344827586207,121,FALSE,FALSE
2007,"44","Ercsi",47.24966,18.891059,3,29,5,6,0,934,0,9.10009852216748,0.436781609195402,0.718390804597701,122,FALSE,FALSE
2007,"45","Erdi",47.3783095,18.9217973,7,7,5,13,0,0,0,0,0.436781609195402,0.0172413793103448,123,FALSE,FALSE
2007,"46","Esztergomi",47.793308,18.7419333,4,6,4,4,1318,1928,9.65809523809524,22.9571428571429,0.89367816091954,0.89367816091954,25,FALSE,FALSE
2007,"47","Fehergyarmati",47.985063,22.517104,5,15,5,9,0,1462,0,6.3687619047619,0.436781609195402,0.310344827586207,124,FALSE,FALSE
2007,"48","Fonyodi",46.749197,17.5558792,10,15,5,10,0,1058,0,4.88266666666667,0.436781609195402,0.224137931034483,125,FALSE,FALSE
2007,"49","Fuzesabonyi",47.750888,20.409611,6,26,5,7,0,1026,0,8.03142857142857,0.436781609195402,0.560344827586207,126,FALSE,FALSE
2007,"50","Gardonyi",47.1973503,18.6091412,2,23,5,8,0,988,0,7.10360248447205,0.436781609195402,0.419540229885057,128,FALSE,FALSE
2007,"51","Godolloi",47.5975105,19.3480017,11,12,3,3,12409,5274,56.697619047619,29.9685714285714,0.945402298850575,0.945402298850575,5,TRUE,TRUE
2007,"52","Gyali",47.3808958,19.215712,13,13,5,5,0,2621,0,22.1569230769231,0.436781609195402,0.839080459770115,129,FALSE,FALSE
2007,"53","Gyongyosi",47.775028,19.9280689,3,29,5,6,0,2923,0,9.10009852216748,0.436781609195402,0.718390804597701,130,FALSE,FALSE
2007,"54","Gyori",47.684051,17.6351011,11,12,3,3,10975,7280,56.697619047619,29.9685714285714,0.945402298850575,0.945402298850575,6,TRUE,TRUE
2007,"55","Gyulai",46.642498,21.268809,3,29,5,6,0,2048,0,9.10009852216748,0.436781609195402,0.718390804597701,131,FALSE,FALSE
2007,"56","Hajduboszormenyi",47.673238,21.5076172,2,23,5,8,0,2048,0,7.10360248447205,0.436781609195402,0.419540229885057,132,FALSE,FALSE
2007,"57","Hajduhadhazi",47.68197,21.6685631,2,23,5,8,0,1487,0,7.10360248447205,0.436781609195402,0.419540229885057,133,FALSE,FALSE
2007,"58","Hajduszoboszloi",47.443667,21.389719,10,15,5,10,0,1268,0,4.88266666666667,0.436781609195402,0.224137931034483,134,FALSE,FALSE
2007,"59","Hatvani",47.668122,19.669901,3,29,5,6,0,1937,0,9.10009852216748,0.436781609195402,0.718390804597701,135,FALSE,FALSE
2007,"60","Hevesi",47.5945238,20.2882213,2,23,5,8,0,993,0,7.10360248447205,0.436781609195402,0.419540229885057,137,FALSE,FALSE
2007,"61","Hevizi",46.7905869,17.1843866,7,7,5,13,0,0,0,0,0.436781609195402,0.0172413793103448,138,FALSE,FALSE
2007,"62","Hodmezovasarhelyi",46.430411,20.3188298,6,26,5,7,0,2145,0,8.03142857142857,0.436781609195402,0.560344827586207,139,FALSE,FALSE
2007,"63","Ibrany-Nagyhalaszi",48.134908,21.7187528,5,15,5,9,0,1335,0,6.3687619047619,0.436781609195402,0.310344827586207,140,FALSE,FALSE
2007,"64","Janoshalmai",46.2967401,19.3228798,2,23,5,8,0,633,0,7.10360248447205,0.436781609195402,0.419540229885057,141,FALSE,FALSE
2007,"65","Jaszberenyi",47.5006181,19.9147188,13,13,5,5,0,2720,0,22.1569230769231,0.436781609195402,0.839080459770115,142,FALSE,FALSE
2007,"66","Kadarkuti",46.2311466,17.6157102,7,7,5,13,0,0,0,0,0.436781609195402,0.0172413793103448,143,FALSE,FALSE
2007,"67","Kalocsai",46.5334145,18.9856969,3,29,5,6,0,2256,0,9.10009852216748,0.436781609195402,0.718390804597701,144,FALSE,FALSE
2007,"68","Kaposvari",46.36653,17.782483,11,12,3,3,8971,4510,56.697619047619,29.9685714285714,0.945402298850575,0.945402298850575,12,TRUE,TRUE
2007,"69","Kapuvar-Beledi",47.5935568,17.0249715,9,16,5,12,0,725,0,2.50571428571429,0.436781609195402,0.0833333333333333,145,FALSE,FALSE
2007,"70","Karcagi",47.316632,20.9220631,3,29,5,6,0,1682,0,9.10009852216748,0.436781609195402,0.718390804597701,146,FALSE,FALSE
2007,"71","Kazincbarcikai",48.25317,20.6456512,2,23,5,8,0,2328,0,7.10360248447205,0.436781609195402,0.419540229885057,147,FALSE,FALSE
2007,"72","Kecskemeti",46.9062092,19.6899774,4,6,4,4,325,7025,9.65809523809524,22.9571428571429,0.89367816091954,0.89367816091954,14,TRUE,TRUE
2007,"73","Keszthelyi",46.7695893,17.2481444,6,26,5,7,0,2136,0,8.03142857142857,0.436781609195402,0.560344827586207,148,FALSE,FALSE
2007,"74","Kisberi",47.501673,18.0269161,2,23,5,8,0,535,0,7.10360248447205,0.436781609195402,0.419540229885057,149,FALSE,FALSE
2007,"75","Kiskorosi",46.620386,19.283827,3,29,5,6,0,1789,0,9.10009852216748,0.436781609195402,0.718390804597701,150,FALSE,FALSE
2007,"76","Kiskunfelegyhazai",46.7050953,19.8499199,3,29,5,6,0,1952,0,9.10009852216748,0.436781609195402,0.718390804597701,151,FALSE,FALSE
2007,"77","Kiskunhalasi",46.432037,19.4885269,6,26,5,7,0,1851,0,8.03142857142857,0.436781609195402,0.560344827586207,152,FALSE,FALSE
2007,"78","Kiskunmajsai",46.492344,19.7368448,2,23,5,8,0,541,0,7.10360248447205,0.436781609195402,0.419540229885057,153,FALSE,FALSE
2007,"79","Kisteleki",46.4696447,19.9803972,2,23,5,8,0,524,0,7.10360248447205,0.436781609195402,0.419540229885057,154,FALSE,FALSE
2007,"80","Kisvardai",48.2264002,22.0846211,13,13,5,5,0,3225,0,22.1569230769231,0.436781609195402,0.839080459770115,156,FALSE,FALSE
2007,"81","Komaromi",47.7434248,18.1191064,5,15,5,9,0,1251,0,6.3687619047619,0.436781609195402,0.310344827586207,157,FALSE,FALSE
2007,"82","Komloi",47.600636,20.445412,5,15,5,9,0,1015,0,6.3687619047619,0.436781609195402,0.310344827586207,158,FALSE,FALSE
2007,"83","Kormendi",47.011113,16.6057156,9,16,5,12,0,698,0,2.50571428571429,0.436781609195402,0.0833333333333333,159,FALSE,FALSE
2007,"84","Koszegi",47.381935,16.552229,2,23,5,8,0,575,0,7.10360248447205,0.436781609195402,0.419540229885057,160,FALSE,FALSE
2007,"85","Kunszentmartoni",46.841082,20.287233,5,15,5,9,0,1005,0,6.3687619047619,0.436781609195402,0.310344827586207,161,FALSE,FALSE
2007,"86","Kunszentmiklosi",47.026444,19.1227831,6,26,5,7,0,1018,0,8.03142857142857,0.436781609195402,0.560344827586207,162,FALSE,FALSE
2007,"87","Lengyeltoti",46.667049,17.6407711,1,9,5,11,0,306,0,3.85079365079365,0.436781609195402,0.155172413793103,163,FALSE,FALSE
2007,"88","Lenti",46.623785,16.546001,10,15,5,10,0,811,0,4.88266666666667,0.436781609195402,0.224137931034483,164,FALSE,FALSE
2007,"89","Letenyei",46.4337456,16.7221882,1,9,5,11,0,613,0,3.85079365079365,0.436781609195402,0.155172413793103,165,FALSE,FALSE
2007,"90","Makoi",46.21498,20.47513,6,26,5,7,0,1418,0,8.03142857142857,0.436781609195402,0.560344827586207,167,FALSE,FALSE
2007,"91","Marcali",46.582815,17.4119018,10,15,5,10,0,943,0,4.88266666666667,0.436781609195402,0.224137931034483,168,FALSE,FALSE
2007,"92","Mateszalkai",47.943265,22.316904,2,23,5,8,0,2346,0,7.10360248447205,0.436781609195402,0.419540229885057,169,FALSE,FALSE
2007,"93","Mezocsati",47.823541,20.9028038,10,15,5,10,0,459,0,4.88266666666667,0.436781609195402,0.224137931034483,170,FALSE,FALSE
2007,"94","Mezokovacshazai",46.4071834,20.9241681,2,23,5,8,0,1129,0,7.10360248447205,0.436781609195402,0.419540229885057,171,FALSE,FALSE
2007,"95","Mezokovesdi",47.8068796,20.5650907,3,29,5,6,0,1796,0,9.10009852216748,0.436781609195402,0.718390804597701,172,FALSE,FALSE
2007,"96","Mezoturi",47.00278,20.618465,6,26,5,7,0,919,0,8.03142857142857,0.436781609195402,0.560344827586207,173,FALSE,FALSE
2007,"97","Miskolci",48.1043854,20.7913563,11,12,3,3,14378,11424,56.697619047619,29.9685714285714,0.945402298850575,0.945402298850575,7,TRUE,TRUE
2007,"98","Mohacsi",45.9959241,18.6798279,3,29,5,6,0,1686,0,9.10009852216748,0.436781609195402,0.718390804597701,174,FALSE,FALSE
2007,"99","Monori",47.34754,19.448946,13,13,5,5,0,2905,0,22.1569230769231,0.436781609195402,0.839080459770115,175,FALSE,FALSE
2007,"100","Morahalomi",46.217922,19.883719,5,15,5,9,0,810,0,6.3687619047619,0.436781609195402,0.310344827586207,28,FALSE,FALSE
2007,"101","Mori",47.3717781,18.2085973,2,23,5,8,0,1297,0,7.10360248447205,0.436781609195402,0.419540229885057,29,FALSE,FALSE
2007,"102","Mosonmagyarovari",47.8744063,17.2693897,2,23,5,8,0,2325,0,7.10360248447205,0.436781609195402,0.419540229885057,30,FALSE,FALSE
2007,"103","Nagyatadi",46.23001,17.3574429,10,15,5,10,0,758,0,4.88266666666667,0.436781609195402,0.224137931034483,31,FALSE,FALSE
2007,"104","Nagykalloi",47.875519,21.8460521,2,23,5,8,0,1562,0,7.10360248447205,0.436781609195402,0.419540229885057,32,FALSE,FALSE
2007,"105","Nagykanizsai",46.455237,16.9953419,13,13,5,5,0,3188,0,22.1569230769231,0.436781609195402,0.839080459770115,33,FALSE,FALSE
2007,"106","Nagykatai",47.4181175,19.7422453,3,29,5,6,0,1714,0,9.10009852216748,0.436781609195402,0.718390804597701,34,FALSE,FALSE
2007,"107","Nyirbatori",47.835414,22.130289,5,15,5,9,0,1399,0,6.3687619047619,0.436781609195402,0.310344827586207,35,FALSE,FALSE
2007,"108","Nyiregyhazai",47.9532583,21.7264647,11,12,3,3,13373,7397,56.697619047619,29.9685714285714,0.945402298850575,0.945402298850575,11,TRUE,TRUE
2007,"109","Oroshazai",46.5615338,20.6619204,11,12,3,3,9839,2039,56.697619047619,29.9685714285714,0.945402298850575,0.945402298850575,13,TRUE,TRUE
2007,"110","Oroszlanyi",47.4943329,18.3215448,6,26,5,7,0,1061,0,8.03142857142857,0.436781609195402,0.560344827586207,37,FALSE,FALSE
2007,"111","Ozdi",48.2195564,20.2869186,3,29,5,6,0,2104,0,9.10009852216748,0.436781609195402,0.718390804597701,38,FALSE,FALSE
2007,"112","Oriszentpeteri",46.838954,16.4211574,9,16,5,12,0,148,0,2.50571428571429,0.436781609195402,0.0833333333333333,39,FALSE,FALSE
2007,"113","Pacsai",46.7226412,17.0096878,7,7,5,13,0,0,0,0,0.436781609195402,0.0172413793103448,40,FALSE,FALSE
2007,"114","Paksi",46.626368,18.8652409,6,26,5,7,0,2227,0,8.03142857142857,0.436781609195402,0.560344827586207,41,FALSE,FALSE
2007,"115","Pannonhalmai",47.55021,17.754228,5,15,5,9,0,446,0,6.3687619047619,0.436781609195402,0.310344827586207,42,FALSE,FALSE
2007,"116","Papai",47.3308153,17.4660302,2,23,5,8,0,2011,0,7.10360248447205,0.436781609195402,0.419540229885057,43,FALSE,FALSE
2007,"117","Pasztoi",47.919562,19.6978939,6,26,5,7,0,1103,0,8.03142857142857,0.436781609195402,0.560344827586207,44,FALSE,FALSE
2007,"118","Pecsi",46.0713242,18.2331772,12,3,2,2,32476,7491,191.087619047619,50.4419047619048,0.988505747126437,0.988505747126437,4,TRUE,TRUE
2007,"119","Pecsvaradi",46.158114,18.422176,9,16,5,12,0,409,0,2.50571428571429,0.436781609195402,0.0833333333333333,45,FALSE,FALSE
2007,"120","Petervasarai",48.017941,20.1019849,2,23,5,8,0,623,0,7.10360248447205,0.436781609195402,0.419540229885057,47,FALSE,FALSE
2007,"121","Pilisvorosvari",47.6212089,18.9111742,13,13,5,5,0,5297,0,22.1569230769231,0.436781609195402,0.839080459770115,48,FALSE,FALSE
2007,"122","Polgari",47.866362,21.1242449,9,16,5,12,0,486,0,2.50571428571429,0.436781609195402,0.0833333333333333,49,FALSE,FALSE
2007,"123","Puspokladanyi",47.3176758,21.1165369,5,15,5,9,0,1796,0,6.3687619047619,0.436781609195402,0.310344827586207,50,FALSE,FALSE
2007,"124","Rackevei",47.1611023,18.9455669,13,13,5,5,0,5103,0,22.1569230769231,0.436781609195402,0.839080459770115,51,FALSE,FALSE
2007,"125","Retsagi",47.9278597,19.1372757,5,15,5,9,0,648,0,6.3687619047619,0.436781609195402,0.310344827586207,52,FALSE,FALSE
2007,"126","Salgotarjani",48.0853167,19.7869357,3,29,5,6,0,2352,0,9.10009852216748,0.436781609195402,0.718390804597701,53,FALSE,FALSE
2007,"127","Sarbogardi",46.887769,18.6193289,6,26,5,7,0,847,0,8.03142857142857,0.436781609195402,0.560344827586207,54,FALSE,FALSE
2007,"128","Sarkadi",46.746283,21.3848669,6,26,5,7,0,643,0,8.03142857142857,0.436781609195402,0.560344827586207,55,FALSE,FALSE
2007,"129","Sarospataki",48.318984,21.5663738,5,15,5,9,0,1181,0,6.3687619047619,0.436781609195402,0.310344827586207,24,FALSE,FALSE
2007,"130","Sarvari",47.2540616,16.9352309,5,15,5,9,0,1240,0,6.3687619047619,0.436781609195402,0.310344827586207,57,FALSE,FALSE
2007,"131","Sasdi",46.2548488,18.1060595,9,16,5,12,0,364,0,2.50571428571429,0.436781609195402,0.0833333333333333,58,FALSE,FALSE
2007,"132","Satoraljaujhelyi",48.3941408,21.6559965,10,15,5,10,0,1141,0,4.88266666666667,0.436781609195402,0.224137931034483,59,FALSE,FALSE
2007,"133","Sellyei",45.8719698,17.8460989,9,16,5,12,0,307,0,2.50571428571429,0.436781609195402,0.0833333333333333,60,FALSE,FALSE
2007,"134","Siklosi",45.852147,18.2988281,10,15,5,10,0,980,0,4.88266666666667,0.436781609195402,0.224137931034483,61,FALSE,FALSE
2007,"135","Siofoki",46.9057439,18.0525018,6,26,5,7,0,1541,0,8.03142857142857,0.436781609195402,0.560344827586207,62,FALSE,FALSE
2007,"136","Sopron-Fertodi",47.684898,16.583053,11,12,3,3,11447,3406,56.697619047619,29.9685714285714,0.945402298850575,0.945402298850575,10,TRUE,TRUE
2007,"137","Sumegi",46.9775543,17.2819824,9,16,5,12,0,506,0,2.50571428571429,0.436781609195402,0.0833333333333333,63,FALSE,FALSE
2007,"138","Szarvasi",46.8595081,20.5595884,4,6,4,4,4274,1075,9.65809523809524,22.9571428571429,0.89367816091954,0.89367816091954,21,FALSE,FALSE
2007,"139","Szecsenyi",48.0811488,19.5197217,3,29,5,6,0,694,0,9.10009852216748,0.436781609195402,0.718390804597701,64,FALSE,FALSE
2007,"140","Szegedi",46.2536169,20.1461345,12,3,2,2,31134,8837,191.087619047619,50.4419047619048,0.988505747126437,0.988505747126437,3,TRUE,TRUE
2007,"141","Szeghalomi",47.027309,21.166263,3,29,5,6,0,1219,0,9.10009852216748,0.436781609195402,0.718390804597701,66,FALSE,FALSE
2007,"142","Szekesfehervari",47.1887157,18.4138088,13,13,5,5,0,7065,0,22.1569230769231,0.436781609195402,0.839080459770115,20,TRUE,TRUE
2007,"143","Szekszardi",46.3485623,18.7019205,6,26,5,7,0,3363,0,8.03142857142857,0.436781609195402,0.560344827586207,67,FALSE,FALSE
2007,"144","Szentendrei",47.6734712,19.07254,13,13,5,5,0,4436,0,22.1569230769231,0.436781609195402,0.839080459770115,68,FALSE,FALSE
2007,"145","Szentesi",46.65192,20.2571842,3,29,5,6,0,1514,0,9.10009852216748,0.436781609195402,0.718390804597701,69,FALSE,FALSE
2007,"146","Szentgotthardi",46.9527524,16.2737218,9,16,5,12,0,479,0,2.50571428571429,0.436781609195402,0.0833333333333333,70,FALSE,FALSE
2007,"147","Szentlorinci",46.040211,17.989775,9,16,5,12,0,435,0,2.50571428571429,0.436781609195402,0.0833333333333333,71,FALSE,FALSE
2007,"148","Szerencsi",48.162418,21.205206,2,23,5,8,0,1636,0,7.10360248447205,0.436781609195402,0.419540229885057,72,FALSE,FALSE
2007,"149","Szigetvari",46.0482577,17.8123125,1,9,5,11,0,778,0,3.85079365079365,0.436781609195402,0.155172413793103,73,FALSE,FALSE
2007,"150","Szikszoi",48.1949949,20.9294318,10,15,5,10,0,595,0,4.88266666666667,0.436781609195402,0.224137931034483,75,FALSE,FALSE
2007,"151","Szobi",47.818012,18.8667731,2,23,5,8,0,432,0,7.10360248447205,0.436781609195402,0.419540229885057,76,FALSE,FALSE
2007,"152","Szolnoki",47.174662,20.17628,11,12,3,3,5638,5809,56.697619047619,29.9685714285714,0.945402298850575,0.945402298850575,15,TRUE,TRUE
2007,"153","Szombathelyi",47.23514,16.6219178,11,12,3,3,5555,4530,56.697619047619,29.9685714285714,0.945402298850575,0.945402298850575,23,FALSE,FALSE
2007,"154","Tabi",46.729486,18.0329558,6,26,5,7,0,468,0,8.03142857142857,0.436781609195402,0.560344827586207,77,FALSE,FALSE
2007,"155","Tamasi",46.6295947,18.2846991,3,29,5,6,0,1102,0,9.10009852216748,0.436781609195402,0.718390804597701,78,FALSE,FALSE
2007,"156","Tapolcai",46.88289,17.4413581,2,23,5,8,0,1410,0,7.10360248447205,0.436781609195402,0.419540229885057,79,FALSE,FALSE
2007,"157","Tatabanyai",47.5861869,18.3947662,11,12,3,3,3272,3516,56.697619047619,29.9685714285714,0.945402298850575,0.945402298850575,16,TRUE,TRUE
2007,"158","Tatai",47.655255,18.3285248,3,29,5,6,0,1909,0,9.10009852216748,0.436781609195402,0.718390804597701,80,FALSE,FALSE
2007,"159","Teti",47.515979,17.5168418,1,9,5,11,0,502,0,3.85079365079365,0.436781609195402,0.155172413793103,81,FALSE,FALSE
2007,"160","Tiszafuredi",47.615345,20.7617821,3,29,5,6,0,982,0,9.10009852216748,0.436781609195402,0.718390804597701,83,FALSE,FALSE
2007,"161","Tiszaujvarosi",47.92291,21.052195,6,26,5,7,0,1345,0,8.03142857142857,0.436781609195402,0.560344827586207,84,FALSE,FALSE
2007,"162","Tiszavasvari",47.9511368,21.3687867,2,23,5,8,0,1215,0,7.10360248447205,0.436781609195402,0.419540229885057,85,FALSE,FALSE
2007,"163","Tokaji",48.119994,21.412563,1,9,5,11,0,646,0,3.85079365079365,0.436781609195402,0.155172413793103,86,FALSE,FALSE
2007,"164","Torokszentmiklosi",47.180736,20.4182932,3,29,5,6,0,1396,0,9.10009852216748,0.436781609195402,0.718390804597701,87,FALSE,FALSE
2007,"165","Vaci",47.7754454,19.1377076,4,6,4,4,1611,3025,9.65809523809524,22.9571428571429,0.89367816091954,0.89367816091954,17,TRUE,TRUE
2007,"166","Varpalotai",47.1973949,18.1396572,5,15,5,9,0,1118,0,6.3687619047619,0.436781609195402,0.310344827586207,88,FALSE,FALSE
2007,"167","Vasarosnamenyi",48.126772,22.318366,1,9,5,11,0,1249,0,3.85079365079365,0.436781609195402,0.155172413793103,89,FALSE,FALSE
2007,"168","Vasvari",47.051087,16.7985158,9,16,5,12,0,343,0,2.50571428571429,0.436781609195402,0.0833333333333333,90,FALSE,FALSE
2007,"169","Veresegyhazi",47.65714,19.284962,3,29,5,6,0,1309,0,9.10009852216748,0.436781609195402,0.718390804597701,91,FALSE,FALSE
2007,"170","Veszpremi",47.092967,17.913785,11,12,3,3,12181,3688,56.697619047619,29.9685714285714,0.945402298850575,0.945402298850575,9,TRUE,TRUE
2007,"171","Zahonyi",48.406999,22.1745391,7,7,5,13,0,0,0,0,0.436781609195402,0.0172413793103448,93,FALSE,FALSE
2007,"172","Zalaegerszegi",46.845412,16.8472302,6,26,5,7,0,3986,0,8.03142857142857,0.436781609195402,0.560344827586207,94,FALSE,FALSE
2007,"173","Zalakarosi",46.5605989,17.1230251,7,7,5,13,0,0,0,0,0.436781609195402,0.0172413793103448,95,FALSE,FALSE
2007,"174","Zalaszentgroti",46.947143,17.0790458,1,9,5,11,0,481,0,3.85079365079365,0.436781609195402,0.155172413793103,96,FALSE,FALSE
2007,"175","Zirci",47.2630578,17.8725401,10,15,5,10,0,679,0,4.88266666666667,0.436781609195402,0.224137931034483,97,FALSE,FALSE
2008,"1","Abai",47.028736,18.517633,11,25,7,9,0,595,0,8.02925714285714,0.387931034482759,0.477011494252874,26,FALSE,FALSE
2008,"2","Abauj-Hegykozi",48.471017,21.2741752,3,21,7,12,0,397,0,2.6930612244898,0.387931034482759,0.0632183908045977,100,FALSE,FALSE
2008,"3","Adonyi",47.119574,18.8652611,9,19,6,8,0,651,0.0399999999999999,8.33654135338346,0.833333333333333,0.603448275862069,109,FALSE,FALSE
2008,"4","Ajkai",47.1068802,17.563957,9,19,6,8,0,1866,0.0399999999999999,8.33654135338346,0.833333333333333,0.603448275862069,118,FALSE,FALSE
2008,"5","Aszodi",47.6523763,19.4759463,10,18,7,7,0,1135,0,8.48984126984127,0.387931034482759,0.709770114942529,127,FALSE,FALSE
2008,"6","Bacsalmasi",46.123955,19.32633,4,18,7,11,0,437,0,3.0184126984127,0.387931034482759,0.175287356321839,136,FALSE,FALSE
2008,"7","Bajai",46.1834182,18.9538158,1,6,4,5,1571,2647,23.4647619047619,22.5514285714286,0.916666666666667,0.905172413793103,19,TRUE,TRUE
2008,"8","Baktaloranthazai",47.997697,22.0766029,12,31,7,10,0,1014,0,5.2726267281106,0.387931034482759,0.316091954022989,155,FALSE,FALSE
2008,"9","Balassagyarmati",48.078798,19.2938953,10,18,7,7,0,1761,0,8.48984126984127,0.387931034482759,0.709770114942529,166,FALSE,FALSE
2008,"10","Balatonalmadi",47.0286976,18.0148627,11,25,7,9,0,1214,0,8.02925714285714,0.387931034482759,0.477011494252874,27,FALSE,FALSE
2008,"11","Balatonfoldvari",46.8497238,17.8794039,4,18,7,11,0,412,0,3.0184126984127,0.387931034482759,0.175287356321839,36,FALSE,FALSE
2008,"12","Balatonfuredi",46.9564612,17.8889631,12,31,7,10,0,1121,0,5.2726267281106,0.387931034482759,0.316091954022989,46,FALSE,FALSE
2008,"13","Balmazujvarosi",47.612435,21.343577,4,18,7,11,0,782,0,3.0184126984127,0.387931034482759,0.175287356321839,56,FALSE,FALSE
2008,"14","Barcsi",45.959228,17.4666786,12,31,7,10,0,654,0,5.2726267281106,0.387931034482759,0.316091954022989,65,FALSE,FALSE
2008,"15","Batonyterenyei",47.989222,19.828845,12,31,7,10,0,694,0,5.2726267281106,0.387931034482759,0.316091954022989,74,FALSE,FALSE
2008,"16","Bekescsabai",46.6841987,21.0867872,2,22,7,6,0,3403,0,16.4797402597403,0.387931034482759,0.824712643678161,82,FALSE,FALSE
2008,"17","Bekesi",46.6704899,21.0434996,10,18,7,7,0,1219,0,8.48984126984127,0.387931034482759,0.709770114942529,92,FALSE,FALSE
2008,"18","Belapatfalvai",48.052725,20.348591,4,18,7,11,0,371,0,3.0184126984127,0.387931034482759,0.175287356321839,98,FALSE,FALSE
2008,"19","Berettyoujfalui",47.233892,21.5340216,10,18,7,7,0,1381,0,8.48984126984127,0.387931034482759,0.709770114942529,99,FALSE,FALSE
2008,"20","Bicskei",47.490759,18.6362719,2,22,7,6,0,1278,0,16.4797402597403,0.387931034482759,0.824712643678161,101,FALSE,FALSE
2008,"21","Bodrogkozi",48.263291,21.8918689,4,18,7,11,0,399,0,3.0184126984127,0.387931034482759,0.175287356321839,102,FALSE,FALSE
2008,"22","Bonyhadi",46.2986759,18.5305778,11,25,7,9,0,928,0,8.02925714285714,0.387931034482759,0.477011494252874,103,FALSE,FALSE
2008,"23","Budaorsi",47.460753,18.9581146,7,2,5,3,680,5102,2.78571428571428,35.6685714285714,0.89367816091954,0.974137931034483,22,FALSE,FALSE
2008,"24","Budapesti",47.4984056,19.0407578,5,1,1,1,186421,91951,1065.26285714286,525.434285714286,1,1,1,TRUE,FALSE
2008,"25","Cegledi",47.1772081,19.7980311,2,22,7,6,0,3602,0,16.4797402597403,0.387931034482759,0.824712643678161,104,FALSE,FALSE
2008,"26","Celldomolki",47.257515,17.1526399,3,21,7,12,0,843,0,2.6930612244898,0.387931034482759,0.0632183908045977,105,FALSE,FALSE
2008,"27","Csengeri",47.8350105,22.6822754,4,18,7,11,0,408,0,3.0184126984127,0.387931034482759,0.175287356321839,106,FALSE,FALSE
2008,"28","Csepregi",47.401546,16.7081249,3,21,7,12,0,293,0,2.6930612244898,0.387931034482759,0.0632183908045977,107,FALSE,FALSE
2008,"29","Csongradi",46.710833,20.144575,11,25,7,9,0,809,0,8.02925714285714,0.387931034482759,0.477011494252874,108,FALSE,FALSE
2008,"30","Csornai",47.601529,17.249978,3,21,7,12,0,939,0,2.6930612244898,0.387931034482759,0.0632183908045977,110,FALSE,FALSE
2008,"31","Csurgoi",46.260776,17.095325,3,21,7,12,0,470,0,2.6930612244898,0.387931034482759,0.0632183908045977,111,FALSE,FALSE
2008,"32","Dabasi",47.192283,19.330853,10,18,7,7,0,1308,0,8.48984126984127,0.387931034482759,0.709770114942529,112,FALSE,FALSE
2008,"33","Debreceni",47.5299739,21.6393571,6,3,2,2,33548,10110,174.750476190476,51.0552380952381,0.988505747126437,0.988505747126437,2,TRUE,TRUE
2008,"34","Derecske-Letavertesi",47.3824608,21.891967,4,18,7,11,0,876,0,3.0184126984127,0.387931034482759,0.175287356321839,113,FALSE,FALSE
2008,"35","Devecseri",47.106397,17.437279,13,1,7,13,0,0,0,0,0.387931034482759,0,114,FALSE,FALSE
2008,"36","Dombovari",46.383295,18.131089,2,22,7,6,0,1003,0,16.4797402597403,0.387931034482759,0.824712643678161,115,FALSE,FALSE
2008,"37","Dorogi",47.7197439,18.7287817,10,18,7,7,0,1074,0,8.48984126984127,0.387931034482759,0.709770114942529,116,FALSE,FALSE
2008,"38","Dunakeszi",47.6297228,19.1380528,2,22,7,6,0,3819,0,16.4797402597403,0.387931034482759,0.824712643678161,117,FALSE,FALSE
2008,"39","Dunaujvarosi",46.980668,18.9127069,2,22,7,6,0,3026,0,16.4797402597403,0.387931034482759,0.824712643678161,18,TRUE,TRUE
2008,"40","Edelenyi",48.2966608,20.7442671,9,19,6,8,0,1027,0.0399999999999999,8.33654135338346,0.833333333333333,0.603448275862069,119,FALSE,FALSE
2008,"41","Egri",47.9031987,20.3731077,8,8,3,4,10156,4015,65.3278571428571,28.1471428571429,0.956896551724138,0.945402298850575,8,TRUE,TRUE
2008,"42","Encsi",48.330768,21.1219603,4,18,7,11,0,652,0,3.0184126984127,0.387931034482759,0.175287356321839,120,FALSE,FALSE
2008,"43","Enyingi",46.9296,18.242978,3,21,7,12,0,507,0,2.6930612244898,0.387931034482759,0.0632183908045977,121,FALSE,FALSE
2008,"44","Ercsi",47.24966,18.891059,11,25,7,9,0,928,0,8.02925714285714,0.387931034482759,0.477011494252874,122,FALSE,FALSE
2008,"45","Erdi",47.3783095,18.9217973,2,22,7,6,0,4973,0,16.4797402597403,0.387931034482759,0.824712643678161,123,FALSE,FALSE
2008,"46","Esztergomi",47.793308,18.7419333,10,18,7,7,0,1860,0,8.48984126984127,0.387931034482759,0.709770114942529,25,FALSE,FALSE
2008,"47","Fehergyarmati",47.985063,22.517104,9,19,6,8,0,1319,0.0399999999999999,8.33654135338346,0.833333333333333,0.603448275862069,124,FALSE,FALSE
2008,"48","Fonyodi",46.749197,17.5558792,9,19,6,8,0,1003,0.0399999999999999,8.33654135338346,0.833333333333333,0.603448275862069,125,FALSE,FALSE
2008,"49","Fuzesabonyi",47.750888,20.409611,12,31,7,10,0,858,0,5.2726267281106,0.387931034482759,0.316091954022989,126,FALSE,FALSE
2008,"50","Gardonyi",47.1973503,18.6091412,10,18,7,7,0,670,0,8.48984126984127,0.387931034482759,0.709770114942529,128,FALSE,FALSE
2008,"51","Godolloi",47.5975105,19.3480017,8,8,3,4,13355,5246,65.3278571428571,28.1471428571429,0.956896551724138,0.945402298850575,5,TRUE,TRUE
2008,"52","Gyali",47.3808958,19.215712,2,22,7,6,0,1659,0,16.4797402597403,0.387931034482759,0.824712643678161,129,FALSE,FALSE
2008,"53","Gyongyosi",47.775028,19.9280689,11,25,7,9,0,2701,0,8.02925714285714,0.387931034482759,0.477011494252874,130,FALSE,FALSE
2008,"54","Gyori",47.684051,17.6351011,8,8,3,4,9267,6692,65.3278571428571,28.1471428571429,0.956896551724138,0.945402298850575,6,TRUE,TRUE
2008,"55","Gyulai",46.642498,21.268809,10,18,7,7,0,1743,0,8.48984126984127,0.387931034482759,0.709770114942529,131,FALSE,FALSE
2008,"56","Hajduboszormenyi",47.673238,21.5076172,9,19,6,8,0,2094,0.0399999999999999,8.33654135338346,0.833333333333333,0.603448275862069,132,FALSE,FALSE
2008,"57","Hajduhadhazi",47.68197,21.6685631,11,25,7,9,0,1638,0,8.02925714285714,0.387931034482759,0.477011494252874,133,FALSE,FALSE
2008,"58","Hajduszoboszloi",47.443667,21.389719,12,31,7,10,0,1126,0,5.2726267281106,0.387931034482759,0.316091954022989,134,FALSE,FALSE
2008,"59","Hatvani",47.668122,19.669901,9,19,6,8,0,1986,0.0399999999999999,8.33654135338346,0.833333333333333,0.603448275862069,135,FALSE,FALSE
2008,"60","Hevesi",47.5945238,20.2882213,10,18,7,7,0,1125,0,8.48984126984127,0.387931034482759,0.709770114942529,137,FALSE,FALSE
2008,"61","Hevizi",46.7905869,17.1843866,3,21,7,12,0,510,0,2.6930612244898,0.387931034482759,0.0632183908045977,138,FALSE,FALSE
2008,"62","Hodmezovasarhelyi",46.430411,20.3188298,11,25,7,9,0,1898,0,8.02925714285714,0.387931034482759,0.477011494252874,139,FALSE,FALSE
2008,"63","Ibrany-Nagyhalaszi",48.134908,21.7187528,12,31,7,10,0,1294,0,5.2726267281106,0.387931034482759,0.316091954022989,140,FALSE,FALSE
2008,"64","Janoshalmai",46.2967401,19.3228798,9,19,6,8,0,602,0.0399999999999999,8.33654135338346,0.833333333333333,0.603448275862069,141,FALSE,FALSE
2008,"65","Jaszberenyi",47.5006181,19.9147188,10,18,7,7,0,2626,0,8.48984126984127,0.387931034482759,0.709770114942529,142,FALSE,FALSE
2008,"66","Kadarkuti",46.2311466,17.6157102,12,31,7,10,0,594,0,5.2726267281106,0.387931034482759,0.316091954022989,143,FALSE,FALSE
2008,"67","Kalocsai",46.5334145,18.9856969,2,22,7,6,0,1803,0,16.4797402597403,0.387931034482759,0.824712643678161,144,FALSE,FALSE
2008,"68","Kaposvari",46.36653,17.782483,8,8,3,4,7613,4012,65.3278571428571,28.1471428571429,0.956896551724138,0.945402298850575,12,TRUE,TRUE
2008,"69","Kapuvar-Beledi",47.5935568,17.0249715,3,21,7,12,0,630,0,2.6930612244898,0.387931034482759,0.0632183908045977,145,FALSE,FALSE
2008,"70","Karcagi",47.316632,20.9220631,11,25,7,9,0,1474,0,8.02925714285714,0.387931034482759,0.477011494252874,146,FALSE,FALSE
2008,"71","Kazincbarcikai",48.25317,20.6456512,2,22,7,6,0,1910,0,16.4797402597403,0.387931034482759,0.824712643678161,147,FALSE,FALSE
2008,"72","Kecskemeti",46.9062092,19.6899774,7,2,5,3,295,7382,2.78571428571428,35.6685714285714,0.89367816091954,0.974137931034483,14,TRUE,TRUE
2008,"73","Keszthelyi",46.7695893,17.2481444,12,31,7,10,0,1489,0,5.2726267281106,0.387931034482759,0.316091954022989,148,FALSE,FALSE
2008,"74","Kisberi",47.501673,18.0269161,4,18,7,11,0,529,0,3.0184126984127,0.387931034482759,0.175287356321839,149,FALSE,FALSE
2008,"75","Kiskorosi",46.620386,19.283827,2,22,7,6,0,2051,0,16.4797402597403,0.387931034482759,0.824712643678161,150,FALSE,FALSE
2008,"76","Kiskunfelegyhazai",46.7050953,19.8499199,2,22,7,6,0,1698,0,16.4797402597403,0.387931034482759,0.824712643678161,151,FALSE,FALSE
2008,"77","Kiskunhalasi",46.432037,19.4885269,11,25,7,9,0,1661,0,8.02925714285714,0.387931034482759,0.477011494252874,152,FALSE,FALSE
2008,"78","Kiskunmajsai",46.492344,19.7368448,12,31,7,10,0,734,0,5.2726267281106,0.387931034482759,0.316091954022989,153,FALSE,FALSE
2008,"79","Kisteleki",46.4696447,19.9803972,9,19,6,8,0,501,0.0399999999999999,8.33654135338346,0.833333333333333,0.603448275862069,154,FALSE,FALSE
2008,"80","Kisvardai",48.2264002,22.0846211,10,18,7,7,0,2366,0,8.48984126984127,0.387931034482759,0.709770114942529,156,FALSE,FALSE
2008,"81","Komaromi",47.7434248,18.1191064,11,25,7,9,0,1269,0,8.02925714285714,0.387931034482759,0.477011494252874,157,FALSE,FALSE
2008,"82","Komloi",47.600636,20.445412,11,25,7,9,0,1000,0,8.02925714285714,0.387931034482759,0.477011494252874,158,FALSE,FALSE
2008,"83","Kormendi",47.011113,16.6057156,3,21,7,12,0,558,0,2.6930612244898,0.387931034482759,0.0632183908045977,159,FALSE,FALSE
2008,"84","Koszegi",47.381935,16.552229,4,18,7,11,0,557,0,3.0184126984127,0.387931034482759,0.175287356321839,160,FALSE,FALSE
2008,"85","Kunszentmartoni",46.841082,20.287233,2,22,7,6,0,1048,0,16.4797402597403,0.387931034482759,0.824712643678161,161,FALSE,FALSE
2008,"86","Kunszentmiklosi",47.026444,19.1227831,11,25,7,9,0,961,0,8.02925714285714,0.387931034482759,0.477011494252874,162,FALSE,FALSE
2008,"87","Lengyeltoti",46.667049,17.6407711,3,21,7,12,0,231,0,2.6930612244898,0.387931034482759,0.0632183908045977,163,FALSE,FALSE
2008,"88","Lenti",46.623785,16.546001,12,31,7,10,0,730,0,5.2726267281106,0.387931034482759,0.316091954022989,164,FALSE,FALSE
2008,"89","Letenyei",46.4337456,16.7221882,12,31,7,10,0,557,0,5.2726267281106,0.387931034482759,0.316091954022989,165,FALSE,FALSE
2008,"90","Makoi",46.21498,20.47513,10,18,7,7,0,1449,0,8.48984126984127,0.387931034482759,0.709770114942529,167,FALSE,FALSE
2008,"91","Marcali",46.582815,17.4119018,12,31,7,10,0,1079,0,5.2726267281106,0.387931034482759,0.316091954022989,168,FALSE,FALSE
2008,"92","Mateszalkai",47.943265,22.316904,11,25,7,9,0,2402,0,8.02925714285714,0.387931034482759,0.477011494252874,169,FALSE,FALSE
2008,"93","Mezocsati",47.823541,20.9028038,4,18,7,11,0,366,0,3.0184126984127,0.387931034482759,0.175287356321839,170,FALSE,FALSE
2008,"94","Mezokovacshazai",46.4071834,20.9241681,11,25,7,9,0,1098,0,8.02925714285714,0.387931034482759,0.477011494252874,171,FALSE,FALSE
2008,"95","Mezokovesdi",47.8068796,20.5650907,11,25,7,9,0,1611,0,8.02925714285714,0.387931034482759,0.477011494252874,172,FALSE,FALSE
2008,"96","Mezoturi",47.00278,20.618465,10,18,7,7,0,808,0,8.48984126984127,0.387931034482759,0.709770114942529,173,FALSE,FALSE
2008,"97","Miskolci",48.1043854,20.7913563,8,8,3,4,13642,10864,65.3278571428571,28.1471428571429,0.956896551724138,0.945402298850575,7,TRUE,TRUE
2008,"98","Mohacsi",45.9959241,18.6798279,2,22,7,6,0,1490,0,16.4797402597403,0.387931034482759,0.824712643678161,174,FALSE,FALSE
2008,"99","Monori",47.34754,19.448946,2,22,7,6,0,3629,0,16.4797402597403,0.387931034482759,0.824712643678161,175,FALSE,FALSE
2008,"100","Morahalomi",46.217922,19.883719,12,31,7,10,0,697,0,5.2726267281106,0.387931034482759,0.316091954022989,28,FALSE,FALSE
2008,"101","Mori",47.3717781,18.2085973,9,19,6,8,0,1280,0.0399999999999999,8.33654135338346,0.833333333333333,0.603448275862069,29,FALSE,FALSE
2008,"102","Mosonmagyarovari",47.8744063,17.2693897,12,31,7,10,0,1883,0,5.2726267281106,0.387931034482759,0.316091954022989,30,FALSE,FALSE
2008,"103","Nagyatadi",46.23001,17.3574429,12,31,7,10,0,684,0,5.2726267281106,0.387931034482759,0.316091954022989,31,FALSE,FALSE
2008,"104","Nagykalloi",47.875519,21.8460521,9,19,6,8,0,1629,0.0399999999999999,8.33654135338346,0.833333333333333,0.603448275862069,32,FALSE,FALSE
2008,"105","Nagykanizsai",46.455237,16.9953419,11,25,7,9,0,2457,0,8.02925714285714,0.387931034482759,0.477011494252874,33,FALSE,FALSE
2008,"106","Nagykatai",47.4181175,19.7422453,2,22,7,6,0,2304,0,16.4797402597403,0.387931034482759,0.824712643678161,34,FALSE,FALSE
2008,"107","Nyirbatori",47.835414,22.130289,12,31,7,10,0,1197,0,5.2726267281106,0.387931034482759,0.316091954022989,35,FALSE,FALSE
2008,"108","Nyiregyhazai",47.9532583,21.7264647,1,6,4,5,10034,7407,23.4647619047619,22.5514285714286,0.916666666666667,0.905172413793103,11,TRUE,TRUE
2008,"109","Oroshazai",46.5615338,20.6619204,8,8,3,4,9438,2010,65.3278571428571,28.1471428571429,0.956896551724138,0.945402298850575,13,TRUE,TRUE
2008,"110","Oroszlanyi",47.4943329,18.3215448,9,19,6,8,0,1113,0.0399999999999999,8.33654135338346,0.833333333333333,0.603448275862069,37,FALSE,FALSE
2008,"111","Ozdi",48.2195564,20.2869186,9,19,6,8,0,1712,0.0399999999999999,8.33654135338346,0.833333333333333,0.603448275862069,38,FALSE,FALSE
2008,"112","Oriszentpeteri",46.838954,16.4211574,3,21,7,12,0,137,0,2.6930612244898,0.387931034482759,0.0632183908045977,39,FALSE,FALSE
2008,"113","Pacsai",46.7226412,17.0096878,12,31,7,10,0,220,0,5.2726267281106,0.387931034482759,0.316091954022989,40,FALSE,FALSE
2008,"114","Paksi",46.626368,18.8652409,10,18,7,7,0,2157,0,8.48984126984127,0.387931034482759,0.709770114942529,41,FALSE,FALSE
2008,"115","Pannonhalmai",47.55021,17.754228,3,21,7,12,0,486,0,2.6930612244898,0.387931034482759,0.0632183908045977,42,FALSE,FALSE
2008,"116","Papai",47.3308153,17.4660302,9,19,6,8,0,1633,0.0399999999999999,8.33654135338346,0.833333333333333,0.603448275862069,43,FALSE,FALSE
2008,"117","Pasztoi",47.919562,19.6978939,11,25,7,9,0,825,0,8.02925714285714,0.387931034482759,0.477011494252874,44,FALSE,FALSE
2008,"118","Pecsi",46.0713242,18.2331772,6,3,2,2,27755,7447,174.750476190476,51.0552380952381,0.988505747126437,0.988505747126437,4,TRUE,TRUE
2008,"119","Pecsvaradi",46.158114,18.422176,3,21,7,12,0,363,0,2.6930612244898,0.387931034482759,0.0632183908045977,45,FALSE,FALSE
2008,"120","Petervasarai",48.017941,20.1019849,11,25,7,9,0,481,0,8.02925714285714,0.387931034482759,0.477011494252874,47,FALSE,FALSE
2008,"121","Pilisvorosvari",47.6212089,18.9111742,2,22,7,6,0,3758,0,16.4797402597403,0.387931034482759,0.824712643678161,48,FALSE,FALSE
2008,"122","Polgari",47.866362,21.1242449,12,31,7,10,0,425,0,5.2726267281106,0.387931034482759,0.316091954022989,49,FALSE,FALSE
2008,"123","Puspokladanyi",47.3176758,21.1165369,12,31,7,10,0,1587,0,5.2726267281106,0.387931034482759,0.316091954022989,50,FALSE,FALSE
2008,"124","Rackevei",47.1611023,18.9455669,2,22,7,6,0,4798,0,16.4797402597403,0.387931034482759,0.824712643678161,51,FALSE,FALSE
2008,"125","Retsagi",47.9278597,19.1372757,4,18,7,11,0,670,0,3.0184126984127,0.387931034482759,0.175287356321839,52,FALSE,FALSE
2008,"126","Salgotarjani",48.0853167,19.7869357,11,25,7,9,0,1983,0,8.02925714285714,0.387931034482759,0.477011494252874,53,FALSE,FALSE
2008,"127","Sarbogardi",46.887769,18.6193289,11,25,7,9,0,868,0,8.02925714285714,0.387931034482759,0.477011494252874,54,FALSE,FALSE
2008,"128","Sarkadi",46.746283,21.3848669,11,25,7,9,0,494,0,8.02925714285714,0.387931034482759,0.477011494252874,55,FALSE,FALSE
2008,"129","Sarospataki",48.318984,21.5663738,12,31,7,10,0,1089,0,5.2726267281106,0.387931034482759,0.316091954022989,24,FALSE,FALSE
2008,"130","Sarvari",47.2540616,16.9352309,12,31,7,10,0,1111,0,5.2726267281106,0.387931034482759,0.316091954022989,57,FALSE,FALSE
2008,"131","Sasdi",46.2548488,18.1060595,3,21,7,12,0,329,0,2.6930612244898,0.387931034482759,0.0632183908045977,58,FALSE,FALSE
2008,"132","Satoraljaujhelyi",48.3941408,21.6559965,12,31,7,10,0,874,0,5.2726267281106,0.387931034482759,0.316091954022989,59,FALSE,FALSE
2008,"133","Sellyei",45.8719698,17.8460989,3,21,7,12,0,273,0,2.6930612244898,0.387931034482759,0.0632183908045977,60,FALSE,FALSE
2008,"134","Siklosi",45.852147,18.2988281,3,21,7,12,0,896,0,2.6930612244898,0.387931034482759,0.0632183908045977,61,FALSE,FALSE
2008,"135","Siofoki",46.9057439,18.0525018,9,19,6,8,0,1418,0.0399999999999999,8.33654135338346,0.833333333333333,0.603448275862069,62,FALSE,FALSE
2008,"136","Sopron-Fertodi",47.684898,16.583053,8,8,3,4,15034,2851,65.3278571428571,28.1471428571429,0.956896551724138,0.945402298850575,10,TRUE,TRUE
2008,"137","Sumegi",46.9775543,17.2819824,3,21,7,12,0,364,0,2.6930612244898,0.387931034482759,0.0632183908045977,63,FALSE,FALSE
2008,"138","Szarvasi",46.8595081,20.5595884,1,6,4,5,3753,1497,23.4647619047619,22.5514285714286,0.916666666666667,0.905172413793103,21,FALSE,FALSE
2008,"139","Szecsenyi",48.0811488,19.5197217,9,19,6,8,0,631,0.0399999999999999,8.33654135338346,0.833333333333333,0.603448275862069,64,FALSE,FALSE
2008,"140","Szegedi",46.2536169,20.1461345,6,3,2,2,30441,9247,174.750476190476,51.0552380952381,0.988505747126437,0.988505747126437,3,TRUE,TRUE
2008,"141","Szeghalomi",47.027309,21.166263,10,18,7,7,0,930,0,8.48984126984127,0.387931034482759,0.709770114942529,66,FALSE,FALSE
2008,"142","Szekesfehervari",47.1887157,18.4138088,2,22,7,6,0,7309,0,16.4797402597403,0.387931034482759,0.824712643678161,20,TRUE,TRUE
2008,"143","Szekszardi",46.3485623,18.7019205,2,22,7,6,0,2930,0,16.4797402597403,0.387931034482759,0.824712643678161,67,FALSE,FALSE
2008,"144","Szentendrei",47.6734712,19.07254,2,22,7,6,0,4597,0,16.4797402597403,0.387931034482759,0.824712643678161,68,FALSE,FALSE
2008,"145","Szentesi",46.65192,20.2571842,2,22,7,6,0,1359,0,16.4797402597403,0.387931034482759,0.824712643678161,69,FALSE,FALSE
2008,"146","Szentgotthardi",46.9527524,16.2737218,4,18,7,11,0,427,0,3.0184126984127,0.387931034482759,0.175287356321839,70,FALSE,FALSE
2008,"147","Szentlorinci",46.040211,17.989775,3,21,7,12,0,377,0,2.6930612244898,0.387931034482759,0.0632183908045977,71,FALSE,FALSE
2008,"148","Szerencsi",48.162418,21.205206,12,31,7,10,0,1395,0,5.2726267281106,0.387931034482759,0.316091954022989,72,FALSE,FALSE
2008,"149","Szigetvari",46.0482577,17.8123125,12,31,7,10,0,710,0,5.2726267281106,0.387931034482759,0.316091954022989,73,FALSE,FALSE
2008,"150","Szikszoi",48.1949949,20.9294318,12,31,7,10,0,508,0,5.2726267281106,0.387931034482759,0.316091954022989,75,FALSE,FALSE
2008,"151","Szobi",47.818012,18.8667731,4,18,7,11,0,334,0,3.0184126984127,0.387931034482759,0.175287356321839,76,FALSE,FALSE
2008,"152","Szolnoki",47.174662,20.17628,1,6,4,5,4830,5771,23.4647619047619,22.5514285714286,0.916666666666667,0.905172413793103,15,TRUE,TRUE
2008,"153","Szombathelyi",47.23514,16.6219178,9,19,6,8,133,4380,0.0399999999999999,8.33654135338346,0.833333333333333,0.603448275862069,23,FALSE,FALSE
2008,"154","Tabi",46.729486,18.0329558,4,18,7,11,0,383,0,3.0184126984127,0.387931034482759,0.175287356321839,77,FALSE,FALSE
2008,"155","Tamasi",46.6295947,18.2846991,12,31,7,10,0,667,0,5.2726267281106,0.387931034482759,0.316091954022989,78,FALSE,FALSE
2008,"156","Tapolcai",46.88289,17.4413581,9,19,6,8,0,1556,0.0399999999999999,8.33654135338346,0.833333333333333,0.603448275862069,79,FALSE,FALSE
2008,"157","Tatabanyai",47.5861869,18.3947662,1,6,4,5,2336,3625,23.4647619047619,22.5514285714286,0.916666666666667,0.905172413793103,16,TRUE,TRUE
2008,"158","Tatai",47.655255,18.3285248,10,18,7,7,0,1784,0,8.48984126984127,0.387931034482759,0.709770114942529,80,FALSE,FALSE
2008,"159","Teti",47.515979,17.5168418,4,18,7,11,0,430,0,3.0184126984127,0.387931034482759,0.175287356321839,81,FALSE,FALSE
2008,"160","Tiszafuredi",47.615345,20.7617821,11,25,7,9,0,1056,0,8.02925714285714,0.387931034482759,0.477011494252874,83,FALSE,FALSE
2008,"161","Tiszaujvarosi",47.92291,21.052195,9,19,6,8,0,1318,0.0399999999999999,8.33654135338346,0.833333333333333,0.603448275862069,84,FALSE,FALSE
2008,"162","Tiszavasvari",47.9511368,21.3687867,12,31,7,10,0,1171,0,5.2726267281106,0.387931034482759,0.316091954022989,85,FALSE,FALSE
2008,"163","Tokaji",48.119994,21.412563,3,21,7,12,0,489,0,2.6930612244898,0.387931034482759,0.0632183908045977,86,FALSE,FALSE
2008,"164","Torokszentmiklosi",47.180736,20.4182932,12,31,7,10,0,1147,0,5.2726267281106,0.387931034482759,0.316091954022989,87,FALSE,FALSE
2008,"165","Vaci",47.7754454,19.1377076,1,6,4,5,2114,2732,23.4647619047619,22.5514285714286,0.916666666666667,0.905172413793103,17,TRUE,TRUE
2008,"166","Varpalotai",47.1973949,18.1396572,11,25,7,9,0,1051,0,8.02925714285714,0.387931034482759,0.477011494252874,88,FALSE,FALSE
2008,"167","Vasarosnamenyi",48.126772,22.318366,4,18,7,11,0,1089,0,3.0184126984127,0.387931034482759,0.175287356321839,89,FALSE,FALSE
2008,"168","Vasvari",47.051087,16.7985158,4,18,7,11,0,386,0,3.0184126984127,0.387931034482759,0.175287356321839,90,FALSE,FALSE
2008,"169","Veresegyhazi",47.65714,19.284962,10,18,7,7,0,1347,0,8.48984126984127,0.387931034482759,0.709770114942529,91,FALSE,FALSE
2008,"170","Veszpremi",47.092967,17.913785,8,8,3,4,12954,3716,65.3278571428571,28.1471428571429,0.956896551724138,0.945402298850575,9,TRUE,TRUE
2008,"171","Zahonyi",48.406999,22.1745391,12,31,7,10,0,694,0,5.2726267281106,0.387931034482759,0.316091954022989,93,FALSE,FALSE
2008,"172","Zalaegerszegi",46.845412,16.8472302,11,25,7,9,0,3726,0,8.02925714285714,0.387931034482759,0.477011494252874,94,FALSE,FALSE
2008,"173","Zalakarosi",46.5605989,17.1230251,3,21,7,12,0,299,0,2.6930612244898,0.387931034482759,0.0632183908045977,95,FALSE,FALSE
2008,"174","Zalaszentgroti",46.947143,17.0790458,3,21,7,12,0,506,0,2.6930612244898,0.387931034482759,0.0632183908045977,96,FALSE,FALSE
2008,"175","Zirci",47.2630578,17.8725401,12,31,7,10,0,601,0,5.2726267281106,0.387931034482759,0.316091954022989,97,FALSE,FALSE
2009,"1","Abai",47.028736,18.517633,5,26,5,9,0,621,0,7.48,0.442528735632184,0.451149425287356,26,FALSE,FALSE
2009,"2","Abauj-Hegykozi",48.471017,21.2741752,8,18,5,11,0,476,0,3.81873015873016,0.442528735632184,0.152298850574713,100,FALSE,FALSE
2009,"3","Adonyi",47.119574,18.8652611,9,18,5,8,0,790,0,9.78,0.442528735632184,0.577586206896552,109,FALSE,FALSE
2009,"4","Ajkai",47.1068802,17.563957,11,30,5,10,0,1859,0,6.40304761904762,0.442528735632184,0.290229885057471,118,FALSE,FALSE
2009,"5","Aszodi",47.6523763,19.4759463,5,26,5,9,0,1464,0,7.48,0.442528735632184,0.451149425287356,127,FALSE,FALSE
2009,"6","Bacsalmasi",46.123955,19.32633,5,26,5,9,0,591,0,7.48,0.442528735632184,0.451149425287356,136,FALSE,FALSE
2009,"7","Bajai",46.1834182,18.9538158,10,7,4,5,1454,3172,11.7020408163265,25.4277551020408,0.908045977011494,0.850574712643678,19,TRUE,TRUE
2009,"8","Baktaloranthazai",47.997697,22.0766029,1,28,5,7,0,1366,0,9.86244897959184,0.442528735632184,0.709770114942529,155,FALSE,FALSE
2009,"9","Balassagyarmati",48.078798,19.2938953,2,7,5,6,0,2068,0,12.7959183673469,0.442528735632184,0.810344827586207,166,FALSE,FALSE
2009,"10","Balatonalmadi",47.0286976,18.0148627,5,26,5,9,0,1186,0,7.48,0.442528735632184,0.451149425287356,27,FALSE,FALSE
2009,"11","Balatonfoldvari",46.8497238,17.8794039,8,18,5,11,0,459,0,3.81873015873016,0.442528735632184,0.152298850574713,36,FALSE,FALSE
2009,"12","Balatonfuredi",46.9564612,17.8889631,9,18,5,8,0,1308,0,9.78,0.442528735632184,0.577586206896552,46,FALSE,FALSE
2009,"13","Balmazujvarosi",47.612435,21.343577,8,18,5,11,0,994,0,3.81873015873016,0.442528735632184,0.152298850574713,56,FALSE,FALSE
2009,"14","Barcsi",45.959228,17.4666786,8,18,5,11,0,672,0,3.81873015873016,0.442528735632184,0.152298850574713,65,FALSE,FALSE
2009,"15","Batonyterenyei",47.989222,19.828845,1,28,5,7,0,913,0,9.86244897959184,0.442528735632184,0.709770114942529,74,FALSE,FALSE
2009,"16","Bekescsabai",46.6841987,21.0867872,4,10,5,4,0,4056,0,28.0765714285714,0.442528735632184,0.899425287356322,82,FALSE,FALSE
2009,"17","Bekesi",46.6704899,21.0434996,9,18,5,8,0,1394,0,9.78,0.442528735632184,0.577586206896552,92,FALSE,FALSE
2009,"18","Belapatfalvai",48.052725,20.348591,11,30,5,10,0,357,0,6.40304761904762,0.442528735632184,0.290229885057471,98,FALSE,FALSE
2009,"19","Berettyoujfalui",47.233892,21.5340216,5,26,5,9,0,1716,0,7.48,0.442528735632184,0.451149425287356,99,FALSE,FALSE
2009,"20","Bicskei",47.490759,18.6362719,1,28,5,7,0,1535,0,9.86244897959184,0.442528735632184,0.709770114942529,101,FALSE,FALSE
2009,"21","Bodrogkozi",48.263291,21.8918689,8,18,5,11,0,507,0,3.81873015873016,0.442528735632184,0.152298850574713,102,FALSE,FALSE
2009,"22","Bonyhadi",46.2986759,18.5305778,5,26,5,9,0,971,0,7.48,0.442528735632184,0.451149425287356,103,FALSE,FALSE
2009,"23","Budaorsi",47.460753,18.9581146,10,7,4,5,1074,5623,11.7020408163265,25.4277551020408,0.908045977011494,0.850574712643678,22,FALSE,FALSE
2009,"24","Budapesti",47.4984056,19.0407578,3,1,1,1,206196,98558,1178.26285714286,563.188571428572,1,1,1,TRUE,FALSE
2009,"25","Cegledi",47.1772081,19.7980311,4,10,5,4,0,4870,0,28.0765714285714,0.442528735632184,0.899425287356322,104,FALSE,FALSE
2009,"26","Celldomolki",47.257515,17.1526399,8,18,5,11,0,947,0,3.81873015873016,0.442528735632184,0.152298850574713,105,FALSE,FALSE
2009,"27","Csengeri",47.8350105,22.6822754,8,18,5,11,0,488,0,3.81873015873016,0.442528735632184,0.152298850574713,106,FALSE,FALSE
2009,"28","Csepregi",47.401546,16.7081249,6,17,5,12,0,370,0,2.64403361344538,0.442528735632184,0.0517241379310345,107,FALSE,FALSE
2009,"29","Csongradi",46.710833,20.144575,1,28,5,7,0,933,0,9.86244897959184,0.442528735632184,0.709770114942529,108,FALSE,FALSE
2009,"30","Csornai",47.601529,17.249978,11,30,5,10,0,1171,0,6.40304761904762,0.442528735632184,0.290229885057471,110,FALSE,FALSE
2009,"31","Csurgoi",46.260776,17.095325,11,30,5,10,0,581,0,6.40304761904762,0.442528735632184,0.290229885057471,111,FALSE,FALSE
2009,"32","Dabasi",47.192283,19.330853,1,28,5,7,0,1520,0,9.86244897959184,0.442528735632184,0.709770114942529,112,FALSE,FALSE
2009,"33","Debreceni",47.5299739,21.6393571,7,3,2,2,40572,10910,203.929523809524,57.7085714285714,0.988505747126437,0.988505747126437,2,TRUE,TRUE
2009,"34","Derecske-Letavertesi",47.3824608,21.891967,11,30,5,10,0,1195,0,6.40304761904762,0.442528735632184,0.290229885057471,113,FALSE,FALSE
2009,"35","Devecseri",47.106397,17.437279,12,1,5,13,0,0,0,0,0.442528735632184,0,114,FALSE,FALSE
2009,"36","Dombovari",46.383295,18.131089,1,28,5,7,0,1123,0,9.86244897959184,0.442528735632184,0.709770114942529,115,FALSE,FALSE
2009,"37","Dorogi",47.7197439,18.7287817,5,26,5,9,0,1430,0,7.48,0.442528735632184,0.451149425287356,116,FALSE,FALSE
2009,"38","Dunakeszi",47.6297228,19.1380528,4,10,5,4,0,4462,0,28.0765714285714,0.442528735632184,0.899425287356322,117,FALSE,FALSE
2009,"39","Dunaujvarosi",46.980668,18.9127069,2,7,5,6,0,3479,0,12.7959183673469,0.442528735632184,0.810344827586207,18,TRUE,TRUE
2009,"40","Edelenyi",48.2966608,20.7442671,11,30,5,10,0,1102,0,6.40304761904762,0.442528735632184,0.290229885057471,119,FALSE,FALSE
2009,"41","Egri",47.9031987,20.3731077,13,9,3,3,12001,4609,73.4914285714285,32.9219047619048,0.954022988505747,0.954022988505747,8,TRUE,TRUE
2009,"42","Encsi",48.330768,21.1219603,5,26,5,9,0,813,0,7.48,0.442528735632184,0.451149425287356,120,FALSE,FALSE
2009,"43","Enyingi",46.9296,18.242978,11,30,5,10,0,497,0,6.40304761904762,0.442528735632184,0.290229885057471,121,FALSE,FALSE
2009,"44","Ercsi",47.24966,18.891059,9,18,5,8,0,967,0,9.78,0.442528735632184,0.577586206896552,122,FALSE,FALSE
2009,"45","Erdi",47.3783095,18.9217973,4,10,5,4,0,5042,0,28.0765714285714,0.442528735632184,0.899425287356322,123,FALSE,FALSE
2009,"46","Esztergomi",47.793308,18.7419333,1,28,5,7,0,1997,0,9.86244897959184,0.442528735632184,0.709770114942529,25,FALSE,FALSE
2009,"47","Fehergyarmati",47.985063,22.517104,11,30,5,10,0,1542,0,6.40304761904762,0.442528735632184,0.290229885057471,124,FALSE,FALSE
2009,"48","Fonyodi",46.749197,17.5558792,9,18,5,8,0,1036,0,9.78,0.442528735632184,0.577586206896552,125,FALSE,FALSE
2009,"49","Fuzesabonyi",47.750888,20.409611,11,30,5,10,0,893,0,6.40304761904762,0.442528735632184,0.290229885057471,126,FALSE,FALSE
2009,"50","Gardonyi",47.1973503,18.6091412,1,28,5,7,0,1198,0,9.86244897959184,0.442528735632184,0.709770114942529,128,FALSE,FALSE
2009,"51","Godolloi",47.5975105,19.3480017,13,9,3,3,17772,5449,73.4914285714285,32.9219047619048,0.954022988505747,0.954022988505747,5,TRUE,TRUE
2009,"52","Gyali",47.3808958,19.215712,2,7,5,6,0,1919,0,12.7959183673469,0.442528735632184,0.810344827586207,129,FALSE,FALSE
2009,"53","Gyongyosi",47.775028,19.9280689,9,18,5,8,0,3240,0,9.78,0.442528735632184,0.577586206896552,130,FALSE,FALSE
2009,"54","Gyori",47.684051,17.6351011,13,9,3,3,10193,7132,73.4914285714285,32.9219047619048,0.954022988505747,0.954022988505747,6,TRUE,TRUE
2009,"55","Gyulai",46.642498,21.268809,11,30,5,10,0,2117,0,6.40304761904762,0.442528735632184,0.290229885057471,131,FALSE,FALSE
2009,"56","Hajduboszormenyi",47.673238,21.5076172,5,26,5,9,0,2388,0,7.48,0.442528735632184,0.451149425287356,132,FALSE,FALSE
2009,"57","Hajduhadhazi",47.68197,21.6685631,5,26,5,9,0,1931,0,7.48,0.442528735632184,0.451149425287356,133,FALSE,FALSE
2009,"58","Hajduszoboszloi",47.443667,21.389719,5,26,5,9,0,1499,0,7.48,0.442528735632184,0.451149425287356,134,FALSE,FALSE
2009,"59","Hatvani",47.668122,19.669901,1,28,5,7,0,1926,0,9.86244897959184,0.442528735632184,0.709770114942529,135,FALSE,FALSE
2009,"60","Hevesi",47.5945238,20.2882213,11,30,5,10,0,1059,0,6.40304761904762,0.442528735632184,0.290229885057471,137,FALSE,FALSE
2009,"61","Hevizi",46.7905869,17.1843866,6,17,5,12,0,559,0,2.64403361344538,0.442528735632184,0.0517241379310345,138,FALSE,FALSE
2009,"62","Hodmezovasarhelyi",46.430411,20.3188298,9,18,5,8,0,2240,0,9.78,0.442528735632184,0.577586206896552,139,FALSE,FALSE
2009,"63","Ibrany-Nagyhalaszi",48.134908,21.7187528,11,30,5,10,0,1637,0,6.40304761904762,0.442528735632184,0.290229885057471,140,FALSE,FALSE
2009,"64","Janoshalmai",46.2967401,19.3228798,11,30,5,10,0,573,0,6.40304761904762,0.442528735632184,0.290229885057471,141,FALSE,FALSE
2009,"65","Jaszberenyi",47.5006181,19.9147188,1,28,5,7,0,2933,0,9.86244897959184,0.442528735632184,0.709770114942529,142,FALSE,FALSE
2009,"66","Kadarkuti",46.2311466,17.6157102,6,17,5,12,0,626,0,2.64403361344538,0.442528735632184,0.0517241379310345,143,FALSE,FALSE
2009,"67","Kalocsai",46.5334145,18.9856969,2,7,5,6,0,2203,0,12.7959183673469,0.442528735632184,0.810344827586207,144,FALSE,FALSE
2009,"68","Kaposvari",46.36653,17.782483,13,9,3,3,8389,4321,73.4914285714285,32.9219047619048,0.954022988505747,0.954022988505747,12,TRUE,TRUE
2009,"69","Kapuvar-Beledi",47.5935568,17.0249715,6,17,5,12,0,832,0,2.64403361344538,0.442528735632184,0.0517241379310345,145,FALSE,FALSE
2009,"70","Karcagi",47.316632,20.9220631,9,18,5,8,0,1607,0,9.78,0.442528735632184,0.577586206896552,146,FALSE,FALSE
2009,"71","Kazincbarcikai",48.25317,20.6456512,9,18,5,8,0,2422,0,9.78,0.442528735632184,0.577586206896552,147,FALSE,FALSE
2009,"72","Kecskemeti",46.9062092,19.6899774,10,7,4,5,273,7586,11.7020408163265,25.4277551020408,0.908045977011494,0.850574712643678,14,TRUE,TRUE
2009,"73","Keszthelyi",46.7695893,17.2481444,11,30,5,10,0,1501,0,6.40304761904762,0.442528735632184,0.290229885057471,148,FALSE,FALSE
2009,"74","Kisberi",47.501673,18.0269161,11,30,5,10,0,514,0,6.40304761904762,0.442528735632184,0.290229885057471,149,FALSE,FALSE
2009,"75","Kiskorosi",46.620386,19.283827,5,26,5,9,0,1994,0,7.48,0.442528735632184,0.451149425287356,150,FALSE,FALSE
2009,"76","Kiskunfelegyhazai",46.7050953,19.8499199,1,28,5,7,0,1805,0,9.86244897959184,0.442528735632184,0.709770114942529,151,FALSE,FALSE
2009,"77","Kiskunhalasi",46.432037,19.4885269,1,28,5,7,0,2007,0,9.86244897959184,0.442528735632184,0.709770114942529,152,FALSE,FALSE
2009,"78","Kiskunmajsai",46.492344,19.7368448,1,28,5,7,0,786,0,9.86244897959184,0.442528735632184,0.709770114942529,153,FALSE,FALSE
2009,"79","Kisteleki",46.4696447,19.9803972,11,30,5,10,0,583,0,6.40304761904762,0.442528735632184,0.290229885057471,154,FALSE,FALSE
2009,"80","Kisvardai",48.2264002,22.0846211,1,28,5,7,0,2487,0,9.86244897959184,0.442528735632184,0.709770114942529,156,FALSE,FALSE
2009,"81","Komaromi",47.7434248,18.1191064,5,26,5,9,0,1339,0,7.48,0.442528735632184,0.451149425287356,157,FALSE,FALSE
2009,"82","Komloi",47.600636,20.445412,1,28,5,7,0,1135,0,9.86244897959184,0.442528735632184,0.709770114942529,158,FALSE,FALSE
2009,"83","Kormendi",47.011113,16.6057156,6,17,5,12,0,685,0,2.64403361344538,0.442528735632184,0.0517241379310345,159,FALSE,FALSE
2009,"84","Koszegi",47.381935,16.552229,8,18,5,11,0,588,0,3.81873015873016,0.442528735632184,0.152298850574713,160,FALSE,FALSE
2009,"85","Kunszentmartoni",46.841082,20.287233,9,18,5,8,0,1083,0,9.78,0.442528735632184,0.577586206896552,161,FALSE,FALSE
2009,"86","Kunszentmiklosi",47.026444,19.1227831,1,28,5,7,0,975,0,9.86244897959184,0.442528735632184,0.709770114942529,162,FALSE,FALSE
2009,"87","Lengyeltoti",46.667049,17.6407711,6,17,5,12,0,273,0,2.64403361344538,0.442528735632184,0.0517241379310345,163,FALSE,FALSE
2009,"88","Lenti",46.623785,16.546001,11,30,5,10,0,839,0,6.40304761904762,0.442528735632184,0.290229885057471,164,FALSE,FALSE
2009,"89","Letenyei",46.4337456,16.7221882,6,17,5,12,0,579,0,2.64403361344538,0.442528735632184,0.0517241379310345,165,FALSE,FALSE
2009,"90","Makoi",46.21498,20.47513,1,28,5,7,0,1691,0,9.86244897959184,0.442528735632184,0.709770114942529,167,FALSE,FALSE
2009,"91","Marcali",46.582815,17.4119018,5,26,5,9,0,1070,0,7.48,0.442528735632184,0.451149425287356,168,FALSE,FALSE
2009,"92","Mateszalkai",47.943265,22.316904,1,28,5,7,0,2999,0,9.86244897959184,0.442528735632184,0.709770114942529,169,FALSE,FALSE
2009,"93","Mezocsati",47.823541,20.9028038,8,18,5,11,0,456,0,3.81873015873016,0.442528735632184,0.152298850574713,170,FALSE,FALSE
2009,"94","Mezokovacshazai",46.4071834,20.9241681,5,26,5,9,0,1406,0,7.48,0.442528735632184,0.451149425287356,171,FALSE,FALSE
2009,"95","Mezokovesdi",47.8068796,20.5650907,1,28,5,7,0,1766,0,9.86244897959184,0.442528735632184,0.709770114942529,172,FALSE,FALSE
2009,"96","Mezoturi",47.00278,20.618465,9,18,5,8,0,1119,0,9.78,0.442528735632184,0.577586206896552,173,FALSE,FALSE
2009,"97","Miskolci",48.1043854,20.7913563,13,9,3,3,16032,12094,73.4914285714285,32.9219047619048,0.954022988505747,0.954022988505747,7,TRUE,TRUE
2009,"98","Mohacsi",45.9959241,18.6798279,9,18,5,8,0,1563,0,9.78,0.442528735632184,0.577586206896552,174,FALSE,FALSE
2009,"99","Monori",47.34754,19.448946,4,10,5,4,0,4008,0,28.0765714285714,0.442528735632184,0.899425287356322,175,FALSE,FALSE
2009,"100","Morahalomi",46.217922,19.883719,11,30,5,10,0,920,0,6.40304761904762,0.442528735632184,0.290229885057471,28,FALSE,FALSE
2009,"101","Mori",47.3717781,18.2085973,5,26,5,9,0,1385,0,7.48,0.442528735632184,0.451149425287356,29,FALSE,FALSE
2009,"102","Mosonmagyarovari",47.8744063,17.2693897,11,30,5,10,0,2374,0,6.40304761904762,0.442528735632184,0.290229885057471,30,FALSE,FALSE
2009,"103","Nagyatadi",46.23001,17.3574429,5,26,5,9,0,881,0,7.48,0.442528735632184,0.451149425287356,31,FALSE,FALSE
2009,"104","Nagykalloi",47.875519,21.8460521,11,30,5,10,0,1852,0,6.40304761904762,0.442528735632184,0.290229885057471,32,FALSE,FALSE
2009,"105","Nagykanizsai",46.455237,16.9953419,1,28,5,7,0,2763,0,9.86244897959184,0.442528735632184,0.709770114942529,33,FALSE,FALSE
2009,"106","Nagykatai",47.4181175,19.7422453,1,28,5,7,0,2503,0,9.86244897959184,0.442528735632184,0.709770114942529,34,FALSE,FALSE
2009,"107","Nyirbatori",47.835414,22.130289,11,30,5,10,0,1429,0,6.40304761904762,0.442528735632184,0.290229885057471,35,FALSE,FALSE
2009,"108","Nyiregyhazai",47.9532583,21.7264647,13,9,3,3,10664,8804,73.4914285714285,32.9219047619048,0.954022988505747,0.954022988505747,11,TRUE,TRUE
2009,"109","Oroshazai",46.5615338,20.6619204,13,9,3,3,10702,2234,73.4914285714285,32.9219047619048,0.954022988505747,0.954022988505747,13,TRUE,TRUE
2009,"110","Oroszlanyi",47.4943329,18.3215448,9,18,5,8,0,1003,0,9.78,0.442528735632184,0.577586206896552,37,FALSE,FALSE
2009,"111","Ozdi",48.2195564,20.2869186,1,28,5,7,0,2540,0,9.86244897959184,0.442528735632184,0.709770114942529,38,FALSE,FALSE
2009,"112","Oriszentpeteri",46.838954,16.4211574,6,17,5,12,0,157,0,2.64403361344538,0.442528735632184,0.0517241379310345,39,FALSE,FALSE
2009,"113","Pacsai",46.7226412,17.0096878,11,30,5,10,0,286,0,6.40304761904762,0.442528735632184,0.290229885057471,40,FALSE,FALSE
2009,"114","Paksi",46.626368,18.8652409,9,18,5,8,0,2221,0,9.78,0.442528735632184,0.577586206896552,41,FALSE,FALSE
2009,"115","Pannonhalmai",47.55021,17.754228,6,17,5,12,0,469,0,2.64403361344538,0.442528735632184,0.0517241379310345,42,FALSE,FALSE
2009,"116","Papai",47.3308153,17.4660302,11,30,5,10,0,1950,0,6.40304761904762,0.442528735632184,0.290229885057471,43,FALSE,FALSE
2009,"117","Pasztoi",47.919562,19.6978939,1,28,5,7,0,1084,0,9.86244897959184,0.442528735632184,0.709770114942529,44,FALSE,FALSE
2009,"118","Pecsi",46.0713242,18.2331772,7,3,2,2,31082,8470,203.929523809524,57.7085714285714,0.988505747126437,0.988505747126437,4,TRUE,TRUE
2009,"119","Pecsvaradi",46.158114,18.422176,8,18,5,11,0,473,0,3.81873015873016,0.442528735632184,0.152298850574713,45,FALSE,FALSE
2009,"120","Petervasarai",48.017941,20.1019849,8,18,5,11,0,633,0,3.81873015873016,0.442528735632184,0.152298850574713,47,FALSE,FALSE
2009,"121","Pilisvorosvari",47.6212089,18.9111742,4,10,5,4,0,3956,0,28.0765714285714,0.442528735632184,0.899425287356322,48,FALSE,FALSE
2009,"122","Polgari",47.866362,21.1242449,8,18,5,11,0,442,0,3.81873015873016,0.442528735632184,0.152298850574713,49,FALSE,FALSE
2009,"123","Puspokladanyi",47.3176758,21.1165369,5,26,5,9,0,2087,0,7.48,0.442528735632184,0.451149425287356,50,FALSE,FALSE
2009,"124","Rackevei",47.1611023,18.9455669,4,10,5,4,0,5709,0,28.0765714285714,0.442528735632184,0.899425287356322,51,FALSE,FALSE
2009,"125","Retsagi",47.9278597,19.1372757,1,28,5,7,0,805,0,9.86244897959184,0.442528735632184,0.709770114942529,52,FALSE,FALSE
2009,"126","Salgotarjani",48.0853167,19.7869357,2,7,5,6,0,2488,0,12.7959183673469,0.442528735632184,0.810344827586207,53,FALSE,FALSE
2009,"127","Sarbogardi",46.887769,18.6193289,9,18,5,8,0,842,0,9.78,0.442528735632184,0.577586206896552,54,FALSE,FALSE
2009,"128","Sarkadi",46.746283,21.3848669,8,18,5,11,0,765,0,3.81873015873016,0.442528735632184,0.152298850574713,55,FALSE,FALSE
2009,"129","Sarospataki",48.318984,21.5663738,11,30,5,10,0,1423,0,6.40304761904762,0.442528735632184,0.290229885057471,24,FALSE,FALSE
2009,"130","Sarvari",47.2540616,16.9352309,8,18,5,11,0,1557,0,3.81873015873016,0.442528735632184,0.152298850574713,57,FALSE,FALSE
2009,"131","Sasdi",46.2548488,18.1060595,11,30,5,10,0,382,0,6.40304761904762,0.442528735632184,0.290229885057471,58,FALSE,FALSE
2009,"132","Satoraljaujhelyi",48.3941408,21.6559965,11,30,5,10,0,1136,0,6.40304761904762,0.442528735632184,0.290229885057471,59,FALSE,FALSE
2009,"133","Sellyei",45.8719698,17.8460989,6,17,5,12,0,285,0,2.64403361344538,0.442528735632184,0.0517241379310345,60,FALSE,FALSE
2009,"134","Siklosi",45.852147,18.2988281,1,28,5,7,0,1047,0,9.86244897959184,0.442528735632184,0.709770114942529,61,FALSE,FALSE
2009,"135","Siofoki",46.9057439,18.0525018,5,26,5,9,0,1371,0,7.48,0.442528735632184,0.451149425287356,62,FALSE,FALSE
2009,"136","Sopron-Fertodi",47.684898,16.583053,13,9,3,3,16376,3318,73.4914285714285,32.9219047619048,0.954022988505747,0.954022988505747,10,TRUE,TRUE
2009,"137","Sumegi",46.9775543,17.2819824,6,17,5,12,0,557,0,2.64403361344538,0.442528735632184,0.0517241379310345,63,FALSE,FALSE
2009,"138","Szarvasi",46.8595081,20.5595884,10,7,4,5,3734,1902,11.7020408163265,25.4277551020408,0.908045977011494,0.850574712643678,21,FALSE,FALSE
2009,"139","Szecsenyi",48.0811488,19.5197217,5,26,5,9,0,694,0,7.48,0.442528735632184,0.451149425287356,64,FALSE,FALSE
2009,"140","Szegedi",46.2536169,20.1461345,7,3,2,2,35409,10917,203.929523809524,57.7085714285714,0.988505747126437,0.988505747126437,3,TRUE,TRUE
2009,"141","Szeghalomi",47.027309,21.166263,1,28,5,7,0,1193,0,9.86244897959184,0.442528735632184,0.709770114942529,66,FALSE,FALSE
2009,"142","Szekesfehervari",47.1887157,18.4138088,4,10,5,4,0,7933,0,28.0765714285714,0.442528735632184,0.899425287356322,20,TRUE,TRUE
2009,"143","Szekszardi",46.3485623,18.7019205,1,28,5,7,0,3630,0,9.86244897959184,0.442528735632184,0.709770114942529,67,FALSE,FALSE
2009,"144","Szentendrei",47.6734712,19.07254,4,10,5,4,0,5023,0,28.0765714285714,0.442528735632184,0.899425287356322,68,FALSE,FALSE
2009,"145","Szentesi",46.65192,20.2571842,1,28,5,7,0,1666,0,9.86244897959184,0.442528735632184,0.709770114942529,69,FALSE,FALSE
2009,"146","Szentgotthardi",46.9527524,16.2737218,6,17,5,12,0,331,0,2.64403361344538,0.442528735632184,0.0517241379310345,70,FALSE,FALSE
2009,"147","Szentlorinci",46.040211,17.989775,6,17,5,12,0,440,0,2.64403361344538,0.442528735632184,0.0517241379310345,71,FALSE,FALSE
2009,"148","Szerencsi",48.162418,21.205206,5,26,5,9,0,1750,0,7.48,0.442528735632184,0.451149425287356,72,FALSE,FALSE
2009,"149","Szigetvari",46.0482577,17.8123125,11,30,5,10,0,678,0,6.40304761904762,0.442528735632184,0.290229885057471,73,FALSE,FALSE
2009,"150","Szikszoi",48.1949949,20.9294318,11,30,5,10,0,649,0,6.40304761904762,0.442528735632184,0.290229885057471,75,FALSE,FALSE
2009,"151","Szobi",47.818012,18.8667731,5,26,5,9,0,417,0,7.48,0.442528735632184,0.451149425287356,76,FALSE,FALSE
2009,"152","Szolnoki",47.174662,20.17628,10,7,4,5,4575,5978,11.7020408163265,25.4277551020408,0.908045977011494,0.850574712643678,15,TRUE,TRUE
2009,"153","Szombathelyi",47.23514,16.6219178,9,18,5,8,0,5003,0,9.78,0.442528735632184,0.577586206896552,23,FALSE,FALSE
2009,"154","Tabi",46.729486,18.0329558,6,17,5,12,0,350,0,2.64403361344538,0.442528735632184,0.0517241379310345,77,FALSE,FALSE
2009,"155","Tamasi",46.6295947,18.2846991,11,30,5,10,0,1145,0,6.40304761904762,0.442528735632184,0.290229885057471,78,FALSE,FALSE
2009,"156","Tapolcai",46.88289,17.4413581,5,26,5,9,0,1518,0,7.48,0.442528735632184,0.451149425287356,79,FALSE,FALSE
2009,"157","Tatabanyai",47.5861869,18.3947662,10,7,4,5,1459,3555,11.7020408163265,25.4277551020408,0.908045977011494,0.850574712643678,16,TRUE,TRUE
2009,"158","Tatai",47.655255,18.3285248,2,7,5,6,0,2025,0,12.7959183673469,0.442528735632184,0.810344827586207,80,FALSE,FALSE
2009,"159","Teti",47.515979,17.5168418,6,17,5,12,0,478,0,2.64403361344538,0.442528735632184,0.0517241379310345,81,FALSE,FALSE
2009,"160","Tiszafuredi",47.615345,20.7617821,5,26,5,9,0,1099,0,7.48,0.442528735632184,0.451149425287356,83,FALSE,FALSE
2009,"161","Tiszaujvarosi",47.92291,21.052195,9,18,5,8,0,1569,0,9.78,0.442528735632184,0.577586206896552,84,FALSE,FALSE
2009,"162","Tiszavasvari",47.9511368,21.3687867,9,18,5,8,0,1400,0,9.78,0.442528735632184,0.577586206896552,85,FALSE,FALSE
2009,"163","Tokaji",48.119994,21.412563,8,18,5,11,0,535,0,3.81873015873016,0.442528735632184,0.152298850574713,86,FALSE,FALSE
2009,"164","Torokszentmiklosi",47.180736,20.4182932,5,26,5,9,0,1248,0,7.48,0.442528735632184,0.451149425287356,87,FALSE,FALSE
2009,"165","Vaci",47.7754454,19.1377076,10,7,4,5,1766,3333,11.7020408163265,25.4277551020408,0.908045977011494,0.850574712643678,17,TRUE,TRUE
2009,"166","Varpalotai",47.1973949,18.1396572,5,26,5,9,0,1165,0,7.48,0.442528735632184,0.451149425287356,88,FALSE,FALSE
2009,"167","Vasarosnamenyi",48.126772,22.318366,11,30,5,10,0,1372,0,6.40304761904762,0.442528735632184,0.290229885057471,89,FALSE,FALSE
2009,"168","Vasvari",47.051087,16.7985158,6,17,5,12,0,398,0,2.64403361344538,0.442528735632184,0.0517241379310345,90,FALSE,FALSE
2009,"169","Veresegyhazi",47.65714,19.284962,2,7,5,6,0,1493,0,12.7959183673469,0.442528735632184,0.810344827586207,91,FALSE,FALSE
2009,"170","Veszpremi",47.092967,17.913785,13,9,3,3,13620,3891,73.4914285714285,32.9219047619048,0.954022988505747,0.954022988505747,9,TRUE,TRUE
2009,"171","Zahonyi",48.406999,22.1745391,8,18,5,11,0,848,0,3.81873015873016,0.442528735632184,0.152298850574713,93,FALSE,FALSE
2009,"172","Zalaegerszegi",46.845412,16.8472302,4,10,5,4,0,4075,0,28.0765714285714,0.442528735632184,0.899425287356322,94,FALSE,FALSE
2009,"173","Zalakarosi",46.5605989,17.1230251,8,18,5,11,0,380,0,3.81873015873016,0.442528735632184,0.152298850574713,95,FALSE,FALSE
2009,"174","Zalaszentgroti",46.947143,17.0790458,6,17,5,12,0,477,0,2.64403361344538,0.442528735632184,0.0517241379310345,96,FALSE,FALSE
2009,"175","Zirci",47.2630578,17.8725401,8,18,5,11,0,809,0,3.81873015873016,0.442528735632184,0.152298850574713,97,FALSE,FALSE
2010,"1","Abai",47.028736,18.517633,11,27,4,8,0,737,0,8.86984126984127,0.445402298850575,0.448275862068966,26,FALSE,FALSE
2010,"2","Abauj-Hegykozi",48.471017,21.2741752,12,18,4,12,0,547,0,2.9584126984127,0.445402298850575,0.0545977011494253,100,FALSE,FALSE
2010,"3","Adonyi",47.119574,18.8652611,5,28,4,7,0,811,0,9.80224489795919,0.445402298850575,0.60632183908046,109,FALSE,FALSE
2010,"4","Ajkai",47.1068802,17.563957,5,28,4,7,0,2280,0,9.80224489795919,0.445402298850575,0.60632183908046,118,FALSE,FALSE
2010,"5","Aszodi",47.6523763,19.4759463,2,22,4,6,0,1536,0,11.9890909090909,0.445402298850575,0.75,127,FALSE,FALSE
2010,"6","Bacsalmasi",46.123955,19.32633,3,17,4,11,0,573,0,4.78252100840336,0.445402298850575,0.155172413793103,136,FALSE,FALSE
2010,"7","Bajai",46.1834182,18.9538158,1,14,3,4,1976,3598,50.3420408163265,35.1502040816327,0.933908045977011,0.910919540229885,19,TRUE,TRUE
2010,"8","Baktaloranthazai",47.997697,22.0766029,5,28,4,7,0,1483,0,9.80224489795919,0.445402298850575,0.60632183908046,155,FALSE,FALSE
2010,"9","Balassagyarmati",48.078798,19.2938953,2,22,4,6,0,2462,0,11.9890909090909,0.445402298850575,0.75,166,FALSE,FALSE
2010,"10","Balatonalmadi",47.0286976,18.0148627,6,16,4,9,0,1238,0,7.05392857142857,0.445402298850575,0.324712643678161,27,FALSE,FALSE
2010,"11","Balatonfoldvari",46.8497238,17.8794039,4,13,4,10,0,467,0,4.81758241758242,0.445402298850575,0.241379310344828,36,FALSE,FALSE
2010,"12","Balatonfuredi",46.9564612,17.8889631,11,27,4,8,0,1144,0,8.86984126984127,0.445402298850575,0.448275862068966,46,FALSE,FALSE
2010,"13","Balmazujvarosi",47.612435,21.343577,4,13,4,10,0,1125,0,4.81758241758242,0.445402298850575,0.241379310344828,56,FALSE,FALSE
2010,"14","Barcsi",45.959228,17.4666786,4,13,4,10,0,792,0,4.81758241758242,0.445402298850575,0.241379310344828,65,FALSE,FALSE
2010,"15","Batonyterenyei",47.989222,19.828845,3,17,4,11,0,860,0,4.78252100840336,0.445402298850575,0.155172413793103,74,FALSE,FALSE
2010,"16","Bekescsabai",46.6841987,21.0867872,7,10,4,5,0,4166,0,24.8982857142857,0.445402298850575,0.841954022988506,82,FALSE,FALSE
2010,"17","Bekesi",46.6704899,21.0434996,11,27,4,8,0,1794,0,8.86984126984127,0.445402298850575,0.448275862068966,92,FALSE,FALSE
2010,"18","Belapatfalvai",48.052725,20.348591,5,28,4,7,0,503,0,9.80224489795919,0.445402298850575,0.60632183908046,98,FALSE,FALSE
2010,"19","Berettyoujfalui",47.233892,21.5340216,5,28,4,7,0,1865,0,9.80224489795919,0.445402298850575,0.60632183908046,99,FALSE,FALSE
2010,"20","Bicskei",47.490759,18.6362719,5,28,4,7,0,1636,0,9.80224489795919,0.445402298850575,0.60632183908046,101,FALSE,FALSE
2010,"21","Bodrogkozi",48.263291,21.8918689,6,16,4,9,0,604,0,7.05392857142857,0.445402298850575,0.324712643678161,102,FALSE,FALSE
2010,"22","Bonyhadi",46.2986759,18.5305778,6,16,4,9,0,1161,0,7.05392857142857,0.445402298850575,0.324712643678161,103,FALSE,FALSE
2010,"23","Budaorsi",47.460753,18.9581146,1,14,3,4,2170,5974,50.3420408163265,35.1502040816327,0.933908045977011,0.910919540229885,22,FALSE,FALSE
2010,"24","Budapesti",47.4984056,19.0407578,9,1,1,1,232278,114001,1327.30285714286,651.434285714286,1,1,1,TRUE,FALSE
2010,"25","Cegledi",47.1772081,19.7980311,7,10,4,5,0,4650,0,24.8982857142857,0.445402298850575,0.841954022988506,104,FALSE,FALSE
2010,"26","Celldomolki",47.257515,17.1526399,3,17,4,11,0,962,0,4.78252100840336,0.445402298850575,0.155172413793103,105,FALSE,FALSE
2010,"27","Csengeri",47.8350105,22.6822754,12,18,4,12,0,524,0,2.9584126984127,0.445402298850575,0.0545977011494253,106,FALSE,FALSE
2010,"28","Csepregi",47.401546,16.7081249,12,18,4,12,0,423,0,2.9584126984127,0.445402298850575,0.0545977011494253,107,FALSE,FALSE
2010,"29","Csongradi",46.710833,20.144575,11,27,4,8,0,1037,0,8.86984126984127,0.445402298850575,0.448275862068966,108,FALSE,FALSE
2010,"30","Csornai",47.601529,17.249978,4,13,4,10,0,1303,0,4.81758241758242,0.445402298850575,0.241379310344828,110,FALSE,FALSE
2010,"31","Csurgoi",46.260776,17.095325,12,18,4,12,0,590,0,2.9584126984127,0.445402298850575,0.0545977011494253,111,FALSE,FALSE
2010,"32","Dabasi",47.192283,19.330853,2,22,4,6,0,1851,0,11.9890909090909,0.445402298850575,0.75,112,FALSE,FALSE
2010,"33","Debreceni",47.5299739,21.6393571,8,4,2,2,46175,12598,208.84,59.1,0.985632183908046,0.985632183908046,2,TRUE,TRUE
2010,"34","Derecske-Letavertesi",47.3824608,21.891967,3,17,4,11,0,1228,0,4.78252100840336,0.445402298850575,0.155172413793103,113,FALSE,FALSE
2010,"35","Devecseri",47.106397,17.437279,13,1,4,13,0,0,0,0,0.445402298850575,0,114,FALSE,FALSE
2010,"36","Dombovari",46.383295,18.131089,3,17,4,11,0,1322,0,4.78252100840336,0.445402298850575,0.155172413793103,115,FALSE,FALSE
2010,"37","Dorogi",47.7197439,18.7287817,2,22,4,6,0,1503,0,11.9890909090909,0.445402298850575,0.75,116,FALSE,FALSE
2010,"38","Dunakeszi",47.6297228,19.1380528,7,10,4,5,0,4901,0,24.8982857142857,0.445402298850575,0.841954022988506,117,FALSE,FALSE
2010,"39","Dunaujvarosi",46.980668,18.9127069,7,10,4,5,0,4082,0,24.8982857142857,0.445402298850575,0.841954022988506,18,TRUE,TRUE
2010,"40","Edelenyi",48.2966608,20.7442671,3,17,4,11,0,1224,0,4.78252100840336,0.445402298850575,0.155172413793103,119,FALSE,FALSE
2010,"41","Egri",47.9031987,20.3731077,1,14,3,4,13699,5360,50.3420408163265,35.1502040816327,0.933908045977011,0.910919540229885,8,TRUE,TRUE
2010,"42","Encsi",48.330768,21.1219603,4,13,4,10,0,826,0,4.81758241758242,0.445402298850575,0.241379310344828,120,FALSE,FALSE
2010,"43","Enyingi",46.9296,18.242978,3,17,4,11,0,571,0,4.78252100840336,0.445402298850575,0.155172413793103,121,FALSE,FALSE
2010,"44","Ercsi",47.24966,18.891059,2,22,4,6,0,983,0,11.9890909090909,0.445402298850575,0.75,122,FALSE,FALSE
2010,"45","Erdi",47.3783095,18.9217973,10,4,4,3,0,5823,0,37.6942857142857,0.445402298850575,0.96264367816092,123,FALSE,FALSE
2010,"46","Esztergomi",47.793308,18.7419333,2,22,4,6,0,2580,0,11.9890909090909,0.445402298850575,0.75,25,FALSE,FALSE
2010,"47","Fehergyarmati",47.985063,22.517104,6,16,4,9,0,1609,0,7.05392857142857,0.445402298850575,0.324712643678161,124,FALSE,FALSE
2010,"48","Fonyodi",46.749197,17.5558792,6,16,4,9,0,1024,0,7.05392857142857,0.445402298850575,0.324712643678161,125,FALSE,FALSE
2010,"49","Fuzesabonyi",47.750888,20.409611,5,28,4,7,0,1139,0,9.80224489795919,0.445402298850575,0.60632183908046,126,FALSE,FALSE
2010,"50","Gardonyi",47.1973503,18.6091412,5,28,4,7,0,1336,0,9.80224489795919,0.445402298850575,0.60632183908046,128,FALSE,FALSE
2010,"51","Godolloi",47.5975105,19.3480017,8,4,2,2,26823,6447,208.84,59.1,0.985632183908046,0.985632183908046,5,TRUE,TRUE
2010,"52","Gyali",47.3808958,19.215712,2,22,4,6,0,2252,0,11.9890909090909,0.445402298850575,0.75,129,FALSE,FALSE
2010,"53","Gyongyosi",47.775028,19.9280689,7,10,4,5,0,3769,0,24.8982857142857,0.445402298850575,0.841954022988506,130,FALSE,FALSE
2010,"54","Gyori",47.684051,17.6351011,1,14,3,4,13425,8552,50.3420408163265,35.1502040816327,0.933908045977011,0.910919540229885,6,TRUE,TRUE
2010,"55","Gyulai",46.642498,21.268809,11,27,4,8,0,2022,0,8.86984126984127,0.445402298850575,0.448275862068966,131,FALSE,FALSE
2010,"56","Hajduboszormenyi",47.673238,21.5076172,2,22,4,6,0,2811,0,11.9890909090909,0.445402298850575,0.75,132,FALSE,FALSE
2010,"57","Hajduhadhazi",47.68197,21.6685631,5,28,4,7,0,1869,0,9.80224489795919,0.445402298850575,0.60632183908046,133,FALSE,FALSE
2010,"58","Hajduszoboszloi",47.443667,21.389719,11,27,4,8,0,1578,0,8.86984126984127,0.445402298850575,0.448275862068966,134,FALSE,FALSE
2010,"59","Hatvani",47.668122,19.669901,2,22,4,6,0,2404,0,11.9890909090909,0.445402298850575,0.75,135,FALSE,FALSE
2010,"60","Hevesi",47.5945238,20.2882213,11,27,4,8,0,1144,0,8.86984126984127,0.445402298850575,0.448275862068966,137,FALSE,FALSE
2010,"61","Hevizi",46.7905869,17.1843866,12,18,4,12,0,670,0,2.9584126984127,0.445402298850575,0.0545977011494253,138,FALSE,FALSE
2010,"62","Hodmezovasarhelyi",46.430411,20.3188298,2,22,4,6,0,2461,0,11.9890909090909,0.445402298850575,0.75,139,FALSE,FALSE
2010,"63","Ibrany-Nagyhalaszi",48.134908,21.7187528,6,16,4,9,0,1704,0,7.05392857142857,0.445402298850575,0.324712643678161,140,FALSE,FALSE
2010,"64","Janoshalmai",46.2967401,19.3228798,6,16,4,9,0,673,0,7.05392857142857,0.445402298850575,0.324712643678161,141,FALSE,FALSE
2010,"65","Jaszberenyi",47.5006181,19.9147188,7,10,4,5,0,3725,0,24.8982857142857,0.445402298850575,0.841954022988506,142,FALSE,FALSE
2010,"66","Kadarkuti",46.2311466,17.6157102,12,18,4,12,0,712,0,2.9584126984127,0.445402298850575,0.0545977011494253,143,FALSE,FALSE
2010,"67","Kalocsai",46.5334145,18.9856969,11,27,4,8,0,2690,0,8.86984126984127,0.445402298850575,0.448275862068966,144,FALSE,FALSE
2010,"68","Kaposvari",46.36653,17.782483,1,14,3,4,9420,4690,50.3420408163265,35.1502040816327,0.933908045977011,0.910919540229885,12,TRUE,TRUE
2010,"69","Kapuvar-Beledi",47.5935568,17.0249715,4,13,4,10,0,834,0,4.81758241758242,0.445402298850575,0.241379310344828,145,FALSE,FALSE
2010,"70","Karcagi",47.316632,20.9220631,11,27,4,8,0,1764,0,8.86984126984127,0.445402298850575,0.448275862068966,146,FALSE,FALSE
2010,"71","Kazincbarcikai",48.25317,20.6456512,2,22,4,6,0,2614,0,11.9890909090909,0.445402298850575,0.75,147,FALSE,FALSE
2010,"72","Kecskemeti",46.9062092,19.6899774,1,14,3,4,512,8678,50.3420408163265,35.1502040816327,0.933908045977011,0.910919540229885,14,TRUE,TRUE
2010,"73","Keszthelyi",46.7695893,17.2481444,2,22,4,6,0,1835,0,11.9890909090909,0.445402298850575,0.75,148,FALSE,FALSE
2010,"74","Kisberi",47.501673,18.0269161,4,13,4,10,0,704,0,4.81758241758242,0.445402298850575,0.241379310344828,149,FALSE,FALSE
2010,"75","Kiskorosi",46.620386,19.283827,11,27,4,8,0,2560,0,8.86984126984127,0.445402298850575,0.448275862068966,150,FALSE,FALSE
2010,"76","Kiskunfelegyhazai",46.7050953,19.8499199,11,27,4,8,0,2206,0,8.86984126984127,0.445402298850575,0.448275862068966,151,FALSE,FALSE
2010,"77","Kiskunhalasi",46.432037,19.4885269,11,27,4,8,0,2128,0,8.86984126984127,0.445402298850575,0.448275862068966,152,FALSE,FALSE
2010,"78","Kiskunmajsai",46.492344,19.7368448,5,28,4,7,0,850,0,9.80224489795919,0.445402298850575,0.60632183908046,153,FALSE,FALSE
2010,"79","Kisteleki",46.4696447,19.9803972,12,18,4,12,0,718,0,2.9584126984127,0.445402298850575,0.0545977011494253,154,FALSE,FALSE
2010,"80","Kisvardai",48.2264002,22.0846211,2,22,4,6,0,3046,0,11.9890909090909,0.445402298850575,0.75,156,FALSE,FALSE
2010,"81","Komaromi",47.7434248,18.1191064,5,28,4,7,0,1820,0,9.80224489795919,0.445402298850575,0.60632183908046,157,FALSE,FALSE
2010,"82","Komloi",47.600636,20.445412,11,27,4,8,0,1297,0,8.86984126984127,0.445402298850575,0.448275862068966,158,FALSE,FALSE
2010,"83","Kormendi",47.011113,16.6057156,4,13,4,10,0,877,0,4.81758241758242,0.445402298850575,0.241379310344828,159,FALSE,FALSE
2010,"84","Koszegi",47.381935,16.552229,3,17,4,11,0,725,0,4.78252100840336,0.445402298850575,0.155172413793103,160,FALSE,FALSE
2010,"85","Kunszentmartoni",46.841082,20.287233,5,28,4,7,0,1412,0,9.80224489795919,0.445402298850575,0.60632183908046,161,FALSE,FALSE
2010,"86","Kunszentmiklosi",47.026444,19.1227831,2,22,4,6,0,1048,0,11.9890909090909,0.445402298850575,0.75,162,FALSE,FALSE
2010,"87","Lengyeltoti",46.667049,17.6407711,12,18,4,12,0,306,0,2.9584126984127,0.445402298850575,0.0545977011494253,163,FALSE,FALSE
2010,"88","Lenti",46.623785,16.546001,6,16,4,9,0,823,0,7.05392857142857,0.445402298850575,0.324712643678161,164,FALSE,FALSE
2010,"89","Letenyei",46.4337456,16.7221882,3,17,4,11,0,719,0,4.78252100840336,0.445402298850575,0.155172413793103,165,FALSE,FALSE
2010,"90","Makoi",46.21498,20.47513,2,22,4,6,0,1772,0,11.9890909090909,0.445402298850575,0.75,167,FALSE,FALSE
2010,"91","Marcali",46.582815,17.4119018,6,16,4,9,0,1136,0,7.05392857142857,0.445402298850575,0.324712643678161,168,FALSE,FALSE
2010,"92","Mateszalkai",47.943265,22.316904,6,16,4,9,0,2889,0,7.05392857142857,0.445402298850575,0.324712643678161,169,FALSE,FALSE
2010,"93","Mezocsati",47.823541,20.9028038,4,13,4,10,0,541,0,4.81758241758242,0.445402298850575,0.241379310344828,170,FALSE,FALSE
2010,"94","Mezokovacshazai",46.4071834,20.9241681,5,28,4,7,0,1452,0,9.80224489795919,0.445402298850575,0.60632183908046,171,FALSE,FALSE
2010,"95","Mezokovesdi",47.8068796,20.5650907,11,27,4,8,0,2073,0,8.86984126984127,0.445402298850575,0.448275862068966,172,FALSE,FALSE
2010,"96","Mezoturi",47.00278,20.618465,11,27,4,8,0,1206,0,8.86984126984127,0.445402298850575,0.448275862068966,173,FALSE,FALSE
2010,"97","Miskolci",48.1043854,20.7913563,1,14,3,4,17119,12912,50.3420408163265,35.1502040816327,0.933908045977011,0.910919540229885,7,TRUE,TRUE
2010,"98","Mohacsi",45.9959241,18.6798279,6,16,4,9,0,1669,0,7.05392857142857,0.445402298850575,0.324712643678161,174,FALSE,FALSE
2010,"99","Monori",47.34754,19.448946,7,10,4,5,0,4617,0,24.8982857142857,0.445402298850575,0.841954022988506,175,FALSE,FALSE
2010,"100","Morahalomi",46.217922,19.883719,6,16,4,9,0,939,0,7.05392857142857,0.445402298850575,0.324712643678161,28,FALSE,FALSE
2010,"101","Mori",47.3717781,18.2085973,2,22,4,6,0,1653,0,11.9890909090909,0.445402298850575,0.75,29,FALSE,FALSE
2010,"102","Mosonmagyarovari",47.8744063,17.2693897,5,28,4,7,0,2714,0,9.80224489795919,0.445402298850575,0.60632183908046,30,FALSE,FALSE
2010,"103","Nagyatadi",46.23001,17.3574429,3,17,4,11,0,930,0,4.78252100840336,0.445402298850575,0.155172413793103,31,FALSE,FALSE
2010,"104","Nagykalloi",47.875519,21.8460521,11,27,4,8,0,2016,0,8.86984126984127,0.445402298850575,0.448275862068966,32,FALSE,FALSE
2010,"105","Nagykanizsai",46.455237,16.9953419,5,28,4,7,0,3238,0,9.80224489795919,0.445402298850575,0.60632183908046,33,FALSE,FALSE
2010,"106","Nagykatai",47.4181175,19.7422453,11,27,4,8,0,2763,0,8.86984126984127,0.445402298850575,0.448275862068966,34,FALSE,FALSE
2010,"107","Nyirbatori",47.835414,22.130289,5,28,4,7,0,1694,0,9.80224489795919,0.445402298850575,0.60632183908046,35,FALSE,FALSE
2010,"108","Nyiregyhazai",47.9532583,21.7264647,1,14,3,4,12263,9953,50.3420408163265,35.1502040816327,0.933908045977011,0.910919540229885,11,TRUE,TRUE
2010,"109","Oroshazai",46.5615338,20.6619204,1,14,3,4,9328,2619,50.3420408163265,35.1502040816327,0.933908045977011,0.910919540229885,13,TRUE,TRUE
2010,"110","Oroszlanyi",47.4943329,18.3215448,11,27,4,8,0,1171,0,8.86984126984127,0.445402298850575,0.448275862068966,37,FALSE,FALSE
2010,"111","Ozdi",48.2195564,20.2869186,2,22,4,6,0,2209,0,11.9890909090909,0.445402298850575,0.75,38,FALSE,FALSE
2010,"112","Oriszentpeteri",46.838954,16.4211574,12,18,4,12,0,185,0,2.9584126984127,0.445402298850575,0.0545977011494253,39,FALSE,FALSE
2010,"113","Pacsai",46.7226412,17.0096878,12,18,4,12,0,348,0,2.9584126984127,0.445402298850575,0.0545977011494253,40,FALSE,FALSE
2010,"114","Paksi",46.626368,18.8652409,2,22,4,6,0,2348,0,11.9890909090909,0.445402298850575,0.75,41,FALSE,FALSE
2010,"115","Pannonhalmai",47.55021,17.754228,3,17,4,11,0,718,0,4.78252100840336,0.445402298850575,0.155172413793103,42,FALSE,FALSE
2010,"116","Papai",47.3308153,17.4660302,6,16,4,9,0,2296,0,7.05392857142857,0.445402298850575,0.324712643678161,43,FALSE,FALSE
2010,"117","Pasztoi",47.919562,19.6978939,5,28,4,7,0,1212,0,9.80224489795919,0.445402298850575,0.60632183908046,44,FALSE,FALSE
2010,"118","Pecsi",46.0713242,18.2331772,8,4,2,2,33785,10128,208.84,59.1,0.985632183908046,0.985632183908046,4,TRUE,TRUE
2010,"119","Pecsvaradi",46.158114,18.422176,3,17,4,11,0,483,0,4.78252100840336,0.445402298850575,0.155172413793103,45,FALSE,FALSE
2010,"120","Petervasarai",48.017941,20.1019849,11,27,4,8,0,773,0,8.86984126984127,0.445402298850575,0.448275862068966,47,FALSE,FALSE
2010,"121","Pilisvorosvari",47.6212089,18.9111742,7,10,4,5,0,4301,0,24.8982857142857,0.445402298850575,0.841954022988506,48,FALSE,FALSE
2010,"122","Polgari",47.866362,21.1242449,3,17,4,11,0,485,0,4.78252100840336,0.445402298850575,0.155172413793103,49,FALSE,FALSE
2010,"123","Puspokladanyi",47.3176758,21.1165369,5,28,4,7,0,2178,0,9.80224489795919,0.445402298850575,0.60632183908046,50,FALSE,FALSE
2010,"124","Rackevei",47.1611023,18.9455669,10,4,4,3,0,6470,0,37.6942857142857,0.445402298850575,0.96264367816092,51,FALSE,FALSE
2010,"125","Retsagi",47.9278597,19.1372757,11,27,4,8,0,1017,0,8.86984126984127,0.445402298850575,0.448275862068966,52,FALSE,FALSE
2010,"126","Salgotarjani",48.0853167,19.7869357,2,22,4,6,0,2793,0,11.9890909090909,0.445402298850575,0.75,53,FALSE,FALSE
2010,"127","Sarbogardi",46.887769,18.6193289,11,27,4,8,0,1047,0,8.86984126984127,0.445402298850575,0.448275862068966,54,FALSE,FALSE
2010,"128","Sarkadi",46.746283,21.3848669,3,17,4,11,0,773,0,4.78252100840336,0.445402298850575,0.155172413793103,55,FALSE,FALSE
2010,"129","Sarospataki",48.318984,21.5663738,5,28,4,7,0,1399,0,9.80224489795919,0.445402298850575,0.60632183908046,24,FALSE,FALSE
2010,"130","Sarvari",47.2540616,16.9352309,4,13,4,10,0,1572,0,4.81758241758242,0.445402298850575,0.241379310344828,57,FALSE,FALSE
2010,"131","Sasdi",46.2548488,18.1060595,12,18,4,12,0,366,0,2.9584126984127,0.445402298850575,0.0545977011494253,58,FALSE,FALSE
2010,"132","Satoraljaujhelyi",48.3941408,21.6559965,6,16,4,9,0,1079,0,7.05392857142857,0.445402298850575,0.324712643678161,59,FALSE,FALSE
2010,"133","Sellyei",45.8719698,17.8460989,12,18,4,12,0,371,0,2.9584126984127,0.445402298850575,0.0545977011494253,60,FALSE,FALSE
2010,"134","Siklosi",45.852147,18.2988281,11,27,4,8,0,1138,0,8.86984126984127,0.445402298850575,0.448275862068966,61,FALSE,FALSE
2010,"135","Siofoki",46.9057439,18.0525018,5,28,4,7,0,1695,0,9.80224489795919,0.445402298850575,0.60632183908046,62,FALSE,FALSE
2010,"136","Sopron-Fertodi",47.684898,16.583053,1,14,3,4,19265,4057,50.3420408163265,35.1502040816327,0.933908045977011,0.910919540229885,10,TRUE,TRUE
2010,"137","Sumegi",46.9775543,17.2819824,12,18,4,12,0,683,0,2.9584126984127,0.445402298850575,0.0545977011494253,63,FALSE,FALSE
2010,"138","Szarvasi",46.8595081,20.5595884,2,22,4,6,0,2090,0,11.9890909090909,0.445402298850575,0.75,21,FALSE,FALSE
2010,"139","Szecsenyi",48.0811488,19.5197217,11,27,4,8,0,783,0,8.86984126984127,0.445402298850575,0.448275862068966,64,FALSE,FALSE
2010,"140","Szegedi",46.2536169,20.1461345,8,4,2,2,39405,12197,208.84,59.1,0.985632183908046,0.985632183908046,3,TRUE,TRUE
2010,"141","Szeghalomi",47.027309,21.166263,11,27,4,8,0,1329,0,8.86984126984127,0.445402298850575,0.448275862068966,66,FALSE,FALSE
2010,"142","Szekesfehervari",47.1887157,18.4138088,10,4,4,3,0,8644,0,37.6942857142857,0.445402298850575,0.96264367816092,20,TRUE,TRUE
2010,"143","Szekszardi",46.3485623,18.7019205,7,10,4,5,0,3925,0,24.8982857142857,0.445402298850575,0.841954022988506,67,FALSE,FALSE
2010,"144","Szentendrei",47.6734712,19.07254,7,10,4,5,0,5436,0,24.8982857142857,0.445402298850575,0.841954022988506,68,FALSE,FALSE
2010,"145","Szentesi",46.65192,20.2571842,2,22,4,6,0,1836,0,11.9890909090909,0.445402298850575,0.75,69,FALSE,FALSE
2010,"146","Szentgotthardi",46.9527524,16.2737218,4,13,4,10,0,531,0,4.81758241758242,0.445402298850575,0.241379310344828,70,FALSE,FALSE
2010,"147","Szentlorinci",46.040211,17.989775,3,17,4,11,0,484,0,4.78252100840336,0.445402298850575,0.155172413793103,71,FALSE,FALSE
2010,"148","Szerencsi",48.162418,21.205206,5,28,4,7,0,1813,0,9.80224489795919,0.445402298850575,0.60632183908046,72,FALSE,FALSE
2010,"149","Szigetvari",46.0482577,17.8123125,4,13,4,10,0,791,0,4.81758241758242,0.445402298850575,0.241379310344828,73,FALSE,FALSE
2010,"150","Szikszoi",48.1949949,20.9294318,12,18,4,12,0,627,0,2.9584126984127,0.445402298850575,0.0545977011494253,75,FALSE,FALSE
2010,"151","Szobi",47.818012,18.8667731,6,16,4,9,0,460,0,7.05392857142857,0.445402298850575,0.324712643678161,76,FALSE,FALSE
2010,"152","Szolnoki",47.174662,20.17628,1,14,3,4,4301,6941,50.3420408163265,35.1502040816327,0.933908045977011,0.910919540229885,15,TRUE,TRUE
2010,"153","Szombathelyi",47.23514,16.6219178,10,4,4,3,0,5449,0,37.6942857142857,0.445402298850575,0.96264367816092,23,FALSE,FALSE
2010,"154","Tabi",46.729486,18.0329558,6,16,4,9,0,447,0,7.05392857142857,0.445402298850575,0.324712643678161,77,FALSE,FALSE
2010,"155","Tamasi",46.6295947,18.2846991,5,28,4,7,0,1359,0,9.80224489795919,0.445402298850575,0.60632183908046,78,FALSE,FALSE
2010,"156","Tapolcai",46.88289,17.4413581,5,28,4,7,0,1747,0,9.80224489795919,0.445402298850575,0.60632183908046,79,FALSE,FALSE
2010,"157","Tatabanyai",47.5861869,18.3947662,1,14,3,4,3010,3982,50.3420408163265,35.1502040816327,0.933908045977011,0.910919540229885,16,TRUE,TRUE
2010,"158","Tatai",47.655255,18.3285248,2,22,4,6,0,2071,0,11.9890909090909,0.445402298850575,0.75,80,FALSE,FALSE
2010,"159","Teti",47.515979,17.5168418,4,13,4,10,0,597,0,4.81758241758242,0.445402298850575,0.241379310344828,81,FALSE,FALSE
2010,"160","Tiszafuredi",47.615345,20.7617821,11,27,4,8,0,1318,0,8.86984126984127,0.445402298850575,0.448275862068966,83,FALSE,FALSE
2010,"161","Tiszaujvarosi",47.92291,21.052195,5,28,4,7,0,1598,0,9.80224489795919,0.445402298850575,0.60632183908046,84,FALSE,FALSE
2010,"162","Tiszavasvari",47.9511368,21.3687867,3,17,4,11,0,1507,0,4.78252100840336,0.445402298850575,0.155172413793103,85,FALSE,FALSE
2010,"163","Tokaji",48.119994,21.412563,12,18,4,12,0,671,0,2.9584126984127,0.445402298850575,0.0545977011494253,86,FALSE,FALSE
2010,"164","Torokszentmiklosi",47.180736,20.4182932,5,28,4,7,0,1532,0,9.80224489795919,0.445402298850575,0.60632183908046,87,FALSE,FALSE
2010,"165","Vaci",47.7754454,19.1377076,1,14,3,4,2045,3798,50.3420408163265,35.1502040816327,0.933908045977011,0.910919540229885,17,TRUE,TRUE
2010,"166","Varpalotai",47.1973949,18.1396572,11,27,4,8,0,1468,0,8.86984126984127,0.445402298850575,0.448275862068966,88,FALSE,FALSE
2010,"167","Vasarosnamenyi",48.126772,22.318366,5,28,4,7,0,1407,0,9.80224489795919,0.445402298850575,0.60632183908046,89,FALSE,FALSE
2010,"168","Vasvari",47.051087,16.7985158,12,18,4,12,0,522,0,2.9584126984127,0.445402298850575,0.0545977011494253,90,FALSE,FALSE
2010,"169","Veresegyhazi",47.65714,19.284962,11,27,4,8,0,1707,0,8.86984126984127,0.445402298850575,0.448275862068966,91,FALSE,FALSE
2010,"170","Veszpremi",47.092967,17.913785,1,14,3,4,14805,5004,50.3420408163265,35.1502040816327,0.933908045977011,0.910919540229885,9,TRUE,TRUE
2010,"171","Zahonyi",48.406999,22.1745391,5,28,4,7,0,1054,0,9.80224489795919,0.445402298850575,0.60632183908046,93,FALSE,FALSE
2010,"172","Zalaegerszegi",46.845412,16.8472302,5,28,4,7,0,4935,0,9.80224489795919,0.445402298850575,0.60632183908046,94,FALSE,FALSE
2010,"173","Zalakarosi",46.5605989,17.1230251,12,18,4,12,0,357,0,2.9584126984127,0.445402298850575,0.0545977011494253,95,FALSE,FALSE
2010,"174","Zalaszentgroti",46.947143,17.0790458,3,17,4,11,0,664,0,4.78252100840336,0.445402298850575,0.155172413793103,96,FALSE,FALSE
2010,"175","Zirci",47.2630578,17.8725401,12,18,4,12,0,699,0,2.9584126984127,0.445402298850575,0.0545977011494253,97,FALSE,FALSE
2011,"1","Abai",47.028736,18.517633,8,33,4,6,0,785,0,10.3598268398268,0.445402298850575,0.724137931034483,26,FALSE,FALSE
2011,"2","Abauj-Hegykozi",48.471017,21.2741752,11,7,4,12,0,623,0,2.93877551020408,0.445402298850575,0.0402298850574713,100,FALSE,FALSE
2011,"3","Adonyi",47.119574,18.8652611,1,20,4,7,0,821,0,10.1691428571429,0.445402298850575,0.57183908045977,109,FALSE,FALSE
2011,"4","Ajkai",47.1068802,17.563957,8,33,4,6,0,1595,0,10.3598268398268,0.445402298850575,0.724137931034483,118,FALSE,FALSE
2011,"5","Aszodi",47.6523763,19.4759463,1,20,4,7,0,1501,0,10.1691428571429,0.445402298850575,0.57183908045977,127,FALSE,FALSE
2011,"6","Bacsalmasi",46.123955,19.32633,6,18,4,9,0,540,0,6.2184126984127,0.445402298850575,0.307471264367816,136,FALSE,FALSE
2011,"7","Bajai",46.1834182,18.9538158,4,14,3,3,1911,3692,50.0081632653061,34.5551020408163,0.933908045977011,0.933908045977011,19,TRUE,TRUE
2011,"8","Baktaloranthazai",47.997697,22.0766029,3,27,4,8,0,1465,0,8.87597883597884,0.445402298850575,0.436781609195402,155,FALSE,FALSE
2011,"9","Balassagyarmati",48.078798,19.2938953,8,33,4,6,0,2098,0,10.3598268398268,0.445402298850575,0.724137931034483,166,FALSE,FALSE
2011,"10","Balatonalmadi",47.0286976,18.0148627,3,27,4,8,0,1295,0,8.87597883597884,0.445402298850575,0.436781609195402,27,FALSE,FALSE
2011,"11","Balatonfoldvari",46.8497238,17.8794039,11,7,4,12,0,359,0,2.93877551020408,0.445402298850575,0.0402298850574713,36,FALSE,FALSE
2011,"12","Balatonfuredi",46.9564612,17.8889631,3,27,4,8,0,1300,0,8.87597883597884,0.445402298850575,0.436781609195402,46,FALSE,FALSE
2011,"13","Balmazujvarosi",47.612435,21.343577,9,22,4,11,0,998,0,3.78025974025974,0.445402298850575,0.123563218390805,56,FALSE,FALSE
2011,"14","Barcsi",45.959228,17.4666786,2,12,4,10,0,722,0,4.92095238095238,0.445402298850575,0.221264367816092,65,FALSE,FALSE
2011,"15","Batonyterenyei",47.989222,19.828845,8,33,4,6,0,710,0,10.3598268398268,0.445402298850575,0.724137931034483,74,FALSE,FALSE
2011,"16","Bekescsabai",46.6841987,21.0867872,10,12,4,4,0,4235,0,29.8238095238095,0.445402298850575,0.859195402298851,82,FALSE,FALSE
2011,"17","Bekesi",46.6704899,21.0434996,8,33,4,6,0,1530,0,10.3598268398268,0.445402298850575,0.724137931034483,92,FALSE,FALSE
2011,"18","Belapatfalvai",48.052725,20.348591,8,33,4,6,0,488,0,10.3598268398268,0.445402298850575,0.724137931034483,98,FALSE,FALSE
2011,"19","Berettyoujfalui",47.233892,21.5340216,8,33,4,6,0,1707,0,10.3598268398268,0.445402298850575,0.724137931034483,99,FALSE,FALSE
2011,"20","Bicskei",47.490759,18.6362719,1,20,4,7,0,1717,0,10.1691428571429,0.445402298850575,0.57183908045977,101,FALSE,FALSE
2011,"21","Bodrogkozi",48.263291,21.8918689,9,22,4,11,0,570,0,3.78025974025974,0.445402298850575,0.123563218390805,102,FALSE,FALSE
2011,"22","Bonyhadi",46.2986759,18.5305778,8,33,4,6,0,1112,0,10.3598268398268,0.445402298850575,0.724137931034483,103,FALSE,FALSE
2011,"23","Budaorsi",47.460753,18.9581146,4,14,3,3,2392,6416,50.0081632653061,34.5551020408163,0.933908045977011,0.933908045977011,22,FALSE,FALSE
2011,"24","Budapesti",47.4984056,19.0407578,5,1,1,1,228335,111176,1304.77142857143,635.291428571429,1,1,1,TRUE,FALSE
2011,"25","Cegledi",47.1772081,19.7980311,10,12,4,4,0,4653,0,29.8238095238095,0.445402298850575,0.859195402298851,104,FALSE,FALSE
2011,"26","Celldomolki",47.257515,17.1526399,9,22,4,11,0,1006,0,3.78025974025974,0.445402298850575,0.123563218390805,105,FALSE,FALSE
2011,"27","Csengeri",47.8350105,22.6822754,11,7,4,12,0,525,0,2.93877551020408,0.445402298850575,0.0402298850574713,106,FALSE,FALSE
2011,"28","Csepregi",47.401546,16.7081249,9,22,4,11,0,455,0,3.78025974025974,0.445402298850575,0.123563218390805,107,FALSE,FALSE
2011,"29","Csongradi",46.710833,20.144575,8,33,4,6,0,958,0,10.3598268398268,0.445402298850575,0.724137931034483,108,FALSE,FALSE
2011,"30","Csornai",47.601529,17.249978,6,18,4,9,0,1268,0,6.2184126984127,0.445402298850575,0.307471264367816,110,FALSE,FALSE
2011,"31","Csurgoi",46.260776,17.095325,2,12,4,10,0,606,0,4.92095238095238,0.445402298850575,0.221264367816092,111,FALSE,FALSE
2011,"32","Dabasi",47.192283,19.330853,8,33,4,6,0,1624,0,10.3598268398268,0.445402298850575,0.724137931034483,112,FALSE,FALSE
2011,"33","Debreceni",47.5299739,21.6393571,7,4,2,2,44764,12631,201.447142857143,58.99,0.985632183908046,0.985632183908046,2,TRUE,TRUE
2011,"34","Derecske-Letavertesi",47.3824608,21.891967,6,18,4,9,0,1234,0,6.2184126984127,0.445402298850575,0.307471264367816,113,FALSE,FALSE
2011,"35","Devecseri",47.106397,17.437279,9,22,4,11,0,362,0,3.78025974025974,0.445402298850575,0.123563218390805,114,FALSE,FALSE
2011,"36","Dombovari",46.383295,18.131089,6,18,4,9,0,1411,0,6.2184126984127,0.445402298850575,0.307471264367816,115,FALSE,FALSE
2011,"37","Dorogi",47.7197439,18.7287817,3,27,4,8,0,1585,0,8.87597883597884,0.445402298850575,0.436781609195402,116,FALSE,FALSE
2011,"38","Dunakeszi",47.6297228,19.1380528,10,12,4,4,0,4717,0,29.8238095238095,0.445402298850575,0.859195402298851,117,FALSE,FALSE
2011,"39","Dunaujvarosi",46.980668,18.9127069,10,12,4,4,0,3639,0,29.8238095238095,0.445402298850575,0.859195402298851,18,TRUE,TRUE
2011,"40","Edelenyi",48.2966608,20.7442671,3,27,4,8,0,1114,0,8.87597883597884,0.445402298850575,0.436781609195402,119,FALSE,FALSE
2011,"41","Egri",47.9031987,20.3731077,4,14,3,3,11941,5285,50.0081632653061,34.5551020408163,0.933908045977011,0.933908045977011,8,TRUE,TRUE
2011,"42","Encsi",48.330768,21.1219603,2,12,4,10,0,838,0,4.92095238095238,0.445402298850575,0.221264367816092,120,FALSE,FALSE
2011,"43","Enyingi",46.9296,18.242978,2,12,4,10,0,656,0,4.92095238095238,0.445402298850575,0.221264367816092,121,FALSE,FALSE
2011,"44","Ercsi",47.24966,18.891059,8,33,4,6,0,1022,0,10.3598268398268,0.445402298850575,0.724137931034483,122,FALSE,FALSE
2011,"45","Erdi",47.3783095,18.9217973,10,12,4,4,0,6133,0,29.8238095238095,0.445402298850575,0.859195402298851,123,FALSE,FALSE
2011,"46","Esztergomi",47.793308,18.7419333,8,33,4,6,0,2376,0,10.3598268398268,0.445402298850575,0.724137931034483,25,FALSE,FALSE
2011,"47","Fehergyarmati",47.985063,22.517104,3,27,4,8,0,1541,0,8.87597883597884,0.445402298850575,0.436781609195402,124,FALSE,FALSE
2011,"48","Fonyodi",46.749197,17.5558792,6,18,4,9,0,1109,0,6.2184126984127,0.445402298850575,0.307471264367816,125,FALSE,FALSE
2011,"49","Fuzesabonyi",47.750888,20.409611,6,18,4,9,0,1017,0,6.2184126984127,0.445402298850575,0.307471264367816,126,FALSE,FALSE
2011,"50","Gardonyi",47.1973503,18.6091412,8,33,4,6,0,1170,0,10.3598268398268,0.445402298850575,0.724137931034483,128,FALSE,FALSE
2011,"51","Godolloi",47.5975105,19.3480017,7,4,2,2,26274,6671,201.447142857143,58.99,0.985632183908046,0.985632183908046,5,TRUE,TRUE
2011,"52","Gyali",47.3808958,19.215712,1,20,4,7,0,2086,0,10.1691428571429,0.445402298850575,0.57183908045977,129,FALSE,FALSE
2011,"53","Gyongyosi",47.775028,19.9280689,10,12,4,4,0,3876,0,29.8238095238095,0.445402298850575,0.859195402298851,130,FALSE,FALSE
2011,"54","Gyori",47.684051,17.6351011,4,14,3,3,15387,8833,50.0081632653061,34.5551020408163,0.933908045977011,0.933908045977011,6,TRUE,TRUE
2011,"55","Gyulai",46.642498,21.268809,6,18,4,9,0,1904,0,6.2184126984127,0.445402298850575,0.307471264367816,131,FALSE,FALSE
2011,"56","Hajduboszormenyi",47.673238,21.5076172,3,27,4,8,0,2581,0,8.87597883597884,0.445402298850575,0.436781609195402,132,FALSE,FALSE
2011,"57","Hajduhadhazi",47.68197,21.6685631,3,27,4,8,0,2211,0,8.87597883597884,0.445402298850575,0.436781609195402,133,FALSE,FALSE
2011,"58","Hajduszoboszloi",47.443667,21.389719,3,27,4,8,0,1642,0,8.87597883597884,0.445402298850575,0.436781609195402,134,FALSE,FALSE
2011,"59","Hatvani",47.668122,19.669901,1,20,4,7,0,2398,0,10.1691428571429,0.445402298850575,0.57183908045977,135,FALSE,FALSE
2011,"60","Hevesi",47.5945238,20.2882213,3,27,4,8,0,1209,0,8.87597883597884,0.445402298850575,0.436781609195402,137,FALSE,FALSE
2011,"61","Hevizi",46.7905869,17.1843866,9,22,4,11,0,694,0,3.78025974025974,0.445402298850575,0.123563218390805,138,FALSE,FALSE
2011,"62","Hodmezovasarhelyi",46.430411,20.3188298,1,20,4,7,0,2699,0,10.1691428571429,0.445402298850575,0.57183908045977,139,FALSE,FALSE
2011,"63","Ibrany-Nagyhalaszi",48.134908,21.7187528,6,18,4,9,0,1650,0,6.2184126984127,0.445402298850575,0.307471264367816,140,FALSE,FALSE
2011,"64","Janoshalmai",46.2967401,19.3228798,6,18,4,9,0,633,0,6.2184126984127,0.445402298850575,0.307471264367816,141,FALSE,FALSE
2011,"65","Jaszberenyi",47.5006181,19.9147188,8,33,4,6,0,3801,0,10.3598268398268,0.445402298850575,0.724137931034483,142,FALSE,FALSE
2011,"66","Kadarkuti",46.2311466,17.6157102,6,18,4,9,0,778,0,6.2184126984127,0.445402298850575,0.307471264367816,143,FALSE,FALSE
2011,"67","Kalocsai",46.5334145,18.9856969,8,33,4,6,0,2565,0,10.3598268398268,0.445402298850575,0.724137931034483,144,FALSE,FALSE
2011,"68","Kaposvari",46.36653,17.782483,4,14,3,3,9879,4751,50.0081632653061,34.5551020408163,0.933908045977011,0.933908045977011,12,TRUE,TRUE
2011,"69","Kapuvar-Beledi",47.5935568,17.0249715,9,22,4,11,0,844,0,3.78025974025974,0.445402298850575,0.123563218390805,145,FALSE,FALSE
2011,"70","Karcagi",47.316632,20.9220631,1,20,4,7,0,1589,0,10.1691428571429,0.445402298850575,0.57183908045977,146,FALSE,FALSE
2011,"71","Kazincbarcikai",48.25317,20.6456512,8,33,4,6,0,2482,0,10.3598268398268,0.445402298850575,0.724137931034483,147,FALSE,FALSE
2011,"72","Kecskemeti",46.9062092,19.6899774,4,14,3,3,447,8602,50.0081632653061,34.5551020408163,0.933908045977011,0.933908045977011,14,TRUE,TRUE
2011,"73","Keszthelyi",46.7695893,17.2481444,3,27,4,8,0,1936,0,8.87597883597884,0.445402298850575,0.436781609195402,148,FALSE,FALSE
2011,"74","Kisberi",47.501673,18.0269161,6,18,4,9,0,794,0,6.2184126984127,0.445402298850575,0.307471264367816,149,FALSE,FALSE
2011,"75","Kiskorosi",46.620386,19.283827,8,33,4,6,0,2349,0,10.3598268398268,0.445402298850575,0.724137931034483,150,FALSE,FALSE
2011,"76","Kiskunfelegyhazai",46.7050953,19.8499199,8,33,4,6,0,1938,0,10.3598268398268,0.445402298850575,0.724137931034483,151,FALSE,FALSE
2011,"77","Kiskunhalasi",46.432037,19.4885269,8,33,4,6,0,2091,0,10.3598268398268,0.445402298850575,0.724137931034483,152,FALSE,FALSE
2011,"78","Kiskunmajsai",46.492344,19.7368448,1,20,4,7,0,724,0,10.1691428571429,0.445402298850575,0.57183908045977,153,FALSE,FALSE
2011,"79","Kisteleki",46.4696447,19.9803972,9,22,4,11,0,693,0,3.78025974025974,0.445402298850575,0.123563218390805,154,FALSE,FALSE
2011,"80","Kisvardai",48.2264002,22.0846211,8,33,4,6,0,2864,0,10.3598268398268,0.445402298850575,0.724137931034483,156,FALSE,FALSE
2011,"81","Komaromi",47.7434248,18.1191064,3,27,4,8,0,1652,0,8.87597883597884,0.445402298850575,0.436781609195402,157,FALSE,FALSE
2011,"82","Komloi",47.600636,20.445412,3,27,4,8,0,1313,0,8.87597883597884,0.445402298850575,0.436781609195402,158,FALSE,FALSE
2011,"83","Kormendi",47.011113,16.6057156,9,22,4,11,0,910,0,3.78025974025974,0.445402298850575,0.123563218390805,159,FALSE,FALSE
2011,"84","Koszegi",47.381935,16.552229,11,7,4,12,0,749,0,2.93877551020408,0.445402298850575,0.0402298850574713,160,FALSE,FALSE
2011,"85","Kunszentmartoni",46.841082,20.287233,3,27,4,8,0,1175,0,8.87597883597884,0.445402298850575,0.436781609195402,161,FALSE,FALSE
2011,"86","Kunszentmiklosi",47.026444,19.1227831,1,20,4,7,0,988,0,10.1691428571429,0.445402298850575,0.57183908045977,162,FALSE,FALSE
2011,"87","Lengyeltoti",46.667049,17.6407711,9,22,4,11,0,326,0,3.78025974025974,0.445402298850575,0.123563218390805,163,FALSE,FALSE
2011,"88","Lenti",46.623785,16.546001,9,22,4,11,0,789,0,3.78025974025974,0.445402298850575,0.123563218390805,164,FALSE,FALSE
2011,"89","Letenyei",46.4337456,16.7221882,2,12,4,10,0,634,0,4.92095238095238,0.445402298850575,0.221264367816092,165,FALSE,FALSE
2011,"90","Makoi",46.21498,20.47513,8,33,4,6,0,1736,0,10.3598268398268,0.445402298850575,0.724137931034483,167,FALSE,FALSE
2011,"91","Marcali",46.582815,17.4119018,2,12,4,10,0,1026,0,4.92095238095238,0.445402298850575,0.221264367816092,168,FALSE,FALSE
2011,"92","Mateszalkai",47.943265,22.316904,8,33,4,6,0,2641,0,10.3598268398268,0.445402298850575,0.724137931034483,169,FALSE,FALSE
2011,"93","Mezocsati",47.823541,20.9028038,9,22,4,11,0,393,0,3.78025974025974,0.445402298850575,0.123563218390805,170,FALSE,FALSE
2011,"94","Mezokovacshazai",46.4071834,20.9241681,8,33,4,6,0,1510,0,10.3598268398268,0.445402298850575,0.724137931034483,171,FALSE,FALSE
2011,"95","Mezokovesdi",47.8068796,20.5650907,3,27,4,8,0,2081,0,8.87597883597884,0.445402298850575,0.436781609195402,172,FALSE,FALSE
2011,"96","Mezoturi",47.00278,20.618465,1,20,4,7,0,1084,0,10.1691428571429,0.445402298850575,0.57183908045977,173,FALSE,FALSE
2011,"97","Miskolci",48.1043854,20.7913563,4,14,3,3,16671,12567,50.0081632653061,34.5551020408163,0.933908045977011,0.933908045977011,7,TRUE,TRUE
2011,"98","Mohacsi",45.9959241,18.6798279,2,12,4,10,0,1738,0,4.92095238095238,0.445402298850575,0.221264367816092,174,FALSE,FALSE
2011,"99","Monori",47.34754,19.448946,10,12,4,4,0,4623,0,29.8238095238095,0.445402298850575,0.859195402298851,175,FALSE,FALSE
2011,"100","Morahalomi",46.217922,19.883719,9,22,4,11,0,1013,0,3.78025974025974,0.445402298850575,0.123563218390805,28,FALSE,FALSE
2011,"101","Mori",47.3717781,18.2085973,1,20,4,7,0,1655,0,10.1691428571429,0.445402298850575,0.57183908045977,29,FALSE,FALSE
2011,"102","Mosonmagyarovari",47.8744063,17.2693897,3,27,4,8,0,2796,0,8.87597883597884,0.445402298850575,0.436781609195402,30,FALSE,FALSE
2011,"103","Nagyatadi",46.23001,17.3574429,3,27,4,8,0,773,0,8.87597883597884,0.445402298850575,0.436781609195402,31,FALSE,FALSE
2011,"104","Nagykalloi",47.875519,21.8460521,3,27,4,8,0,1804,0,8.87597883597884,0.445402298850575,0.436781609195402,32,FALSE,FALSE
2011,"105","Nagykanizsai",46.455237,16.9953419,1,20,4,7,0,3269,0,10.1691428571429,0.445402298850575,0.57183908045977,33,FALSE,FALSE
2011,"106","Nagykatai",47.4181175,19.7422453,1,20,4,7,0,2603,0,10.1691428571429,0.445402298850575,0.57183908045977,34,FALSE,FALSE
2011,"107","Nyirbatori",47.835414,22.130289,6,18,4,9,0,1689,0,6.2184126984127,0.445402298850575,0.307471264367816,35,FALSE,FALSE
2011,"108","Nyiregyhazai",47.9532583,21.7264647,4,14,3,3,11053,8682,50.0081632653061,34.5551020408163,0.933908045977011,0.933908045977011,11,TRUE,TRUE
2011,"109","Oroshazai",46.5615338,20.6619204,4,14,3,3,9832,2448,50.0081632653061,34.5551020408163,0.933908045977011,0.933908045977011,13,TRUE,TRUE
2011,"110","Oroszlanyi",47.4943329,18.3215448,6,18,4,9,0,1270,0,6.2184126984127,0.445402298850575,0.307471264367816,37,FALSE,FALSE
2011,"111","Ozdi",48.2195564,20.2869186,1,20,4,7,0,2318,0,10.1691428571429,0.445402298850575,0.57183908045977,38,FALSE,FALSE
2011,"112","Oriszentpeteri",46.838954,16.4211574,12,4,4,13,0,232,0,2.56,0.445402298850575,0.00862068965517241,39,FALSE,FALSE
2011,"113","Pacsai",46.7226412,17.0096878,12,4,4,13,0,256,0,2.56,0.445402298850575,0.00862068965517241,40,FALSE,FALSE
2011,"114","Paksi",46.626368,18.8652409,1,20,4,7,0,2233,0,10.1691428571429,0.445402298850575,0.57183908045977,41,FALSE,FALSE
2011,"115","Pannonhalmai",47.55021,17.754228,9,22,4,11,0,697,0,3.78025974025974,0.445402298850575,0.123563218390805,42,FALSE,FALSE
2011,"116","Papai",47.3308153,17.4660302,3,27,4,8,0,2214,0,8.87597883597884,0.445402298850575,0.436781609195402,43,FALSE,FALSE
2011,"117","Pasztoi",47.919562,19.6978939,1,20,4,7,0,1203,0,10.1691428571429,0.445402298850575,0.57183908045977,44,FALSE,FALSE
2011,"118","Pecsi",46.0713242,18.2331772,7,4,2,2,33460,10019,201.447142857143,58.99,0.985632183908046,0.985632183908046,4,TRUE,TRUE
2011,"119","Pecsvaradi",46.158114,18.422176,9,22,4,11,0,446,0,3.78025974025974,0.445402298850575,0.123563218390805,45,FALSE,FALSE
2011,"120","Petervasarai",48.017941,20.1019849,3,27,4,8,0,750,0,8.87597883597884,0.445402298850575,0.436781609195402,47,FALSE,FALSE
2011,"121","Pilisvorosvari",47.6212089,18.9111742,10,12,4,4,0,4653,0,29.8238095238095,0.445402298850575,0.859195402298851,48,FALSE,FALSE
2011,"122","Polgari",47.866362,21.1242449,9,22,4,11,0,516,0,3.78025974025974,0.445402298850575,0.123563218390805,49,FALSE,FALSE
2011,"123","Puspokladanyi",47.3176758,21.1165369,3,27,4,8,0,1832,0,8.87597883597884,0.445402298850575,0.436781609195402,50,FALSE,FALSE
2011,"124","Rackevei",47.1611023,18.9455669,10,12,4,4,0,6372,0,29.8238095238095,0.445402298850575,0.859195402298851,51,FALSE,FALSE
2011,"125","Retsagi",47.9278597,19.1372757,8,33,4,6,0,950,0,10.3598268398268,0.445402298850575,0.724137931034483,52,FALSE,FALSE
2011,"126","Salgotarjani",48.0853167,19.7869357,1,20,4,7,0,2631,0,10.1691428571429,0.445402298850575,0.57183908045977,53,FALSE,FALSE
2011,"127","Sarbogardi",46.887769,18.6193289,6,18,4,9,0,939,0,6.2184126984127,0.445402298850575,0.307471264367816,54,FALSE,FALSE
2011,"128","Sarkadi",46.746283,21.3848669,6,18,4,9,0,725,0,6.2184126984127,0.445402298850575,0.307471264367816,55,FALSE,FALSE
2011,"129","Sarospataki",48.318984,21.5663738,6,18,4,9,0,1464,0,6.2184126984127,0.445402298850575,0.307471264367816,24,FALSE,FALSE
2011,"130","Sarvari",47.2540616,16.9352309,9,22,4,11,0,1517,0,3.78025974025974,0.445402298850575,0.123563218390805,57,FALSE,FALSE
2011,"131","Sasdi",46.2548488,18.1060595,11,7,4,12,0,387,0,2.93877551020408,0.445402298850575,0.0402298850574713,58,FALSE,FALSE
2011,"132","Satoraljaujhelyi",48.3941408,21.6559965,3,27,4,8,0,1169,0,8.87597883597884,0.445402298850575,0.436781609195402,59,FALSE,FALSE
2011,"133","Sellyei",45.8719698,17.8460989,11,7,4,12,0,347,0,2.93877551020408,0.445402298850575,0.0402298850574713,60,FALSE,FALSE
2011,"134","Siklosi",45.852147,18.2988281,3,27,4,8,0,1150,0,8.87597883597884,0.445402298850575,0.436781609195402,61,FALSE,FALSE
2011,"135","Siofoki",46.9057439,18.0525018,8,33,4,6,0,1610,0,10.3598268398268,0.445402298850575,0.724137931034483,62,FALSE,FALSE
2011,"136","Sopron-Fertodi",47.684898,16.583053,4,14,3,3,19132,4218,50.0081632653061,34.5551020408163,0.933908045977011,0.933908045977011,10,TRUE,TRUE
2011,"137","Sumegi",46.9775543,17.2819824,6,18,4,9,0,625,0,6.2184126984127,0.445402298850575,0.307471264367816,63,FALSE,FALSE
2011,"138","Szarvasi",46.8595081,20.5595884,8,33,4,6,0,2091,0,10.3598268398268,0.445402298850575,0.724137931034483,21,FALSE,FALSE
2011,"139","Szecsenyi",48.0811488,19.5197217,2,12,4,10,0,747,0,4.92095238095238,0.445402298850575,0.221264367816092,64,FALSE,FALSE
2011,"140","Szegedi",46.2536169,20.1461345,7,4,2,2,36515,11972,201.447142857143,58.99,0.985632183908046,0.985632183908046,3,TRUE,TRUE
2011,"141","Szeghalomi",47.027309,21.166263,8,33,4,6,0,1232,0,10.3598268398268,0.445402298850575,0.724137931034483,66,FALSE,FALSE
2011,"142","Szekesfehervari",47.1887157,18.4138088,10,12,4,4,0,8672,0,29.8238095238095,0.445402298850575,0.859195402298851,20,TRUE,TRUE
2011,"143","Szekszardi",46.3485623,18.7019205,8,33,4,6,0,4122,0,10.3598268398268,0.445402298850575,0.724137931034483,67,FALSE,FALSE
2011,"144","Szentendrei",47.6734712,19.07254,10,12,4,4,0,5636,0,29.8238095238095,0.445402298850575,0.859195402298851,68,FALSE,FALSE
2011,"145","Szentesi",46.65192,20.2571842,8,33,4,6,0,1670,0,10.3598268398268,0.445402298850575,0.724137931034483,69,FALSE,FALSE
2011,"146","Szentgotthardi",46.9527524,16.2737218,9,22,4,11,0,499,0,3.78025974025974,0.445402298850575,0.123563218390805,70,FALSE,FALSE
2011,"147","Szentlorinci",46.040211,17.989775,9,22,4,11,0,474,0,3.78025974025974,0.445402298850575,0.123563218390805,71,FALSE,FALSE
2011,"148","Szerencsi",48.162418,21.205206,3,27,4,8,0,1852,0,8.87597883597884,0.445402298850575,0.436781609195402,72,FALSE,FALSE
2011,"149","Szigetvari",46.0482577,17.8123125,12,4,4,13,0,719,0,2.56,0.445402298850575,0.00862068965517241,73,FALSE,FALSE
2011,"150","Szikszoi",48.1949949,20.9294318,2,12,4,10,0,616,0,4.92095238095238,0.445402298850575,0.221264367816092,75,FALSE,FALSE
2011,"151","Szobi",47.818012,18.8667731,6,18,4,9,0,538,0,6.2184126984127,0.445402298850575,0.307471264367816,76,FALSE,FALSE
2011,"152","Szolnoki",47.174662,20.17628,4,14,3,3,4471,6472,50.0081632653061,34.5551020408163,0.933908045977011,0.933908045977011,15,TRUE,TRUE
2011,"153","Szombathelyi",47.23514,16.6219178,10,12,4,4,0,5421,0,29.8238095238095,0.445402298850575,0.859195402298851,23,FALSE,FALSE
2011,"154","Tabi",46.729486,18.0329558,9,22,4,11,0,454,0,3.78025974025974,0.445402298850575,0.123563218390805,77,FALSE,FALSE
2011,"155","Tamasi",46.6295947,18.2846991,8,33,4,6,0,1172,0,10.3598268398268,0.445402298850575,0.724137931034483,78,FALSE,FALSE
2011,"156","Tapolcai",46.88289,17.4413581,8,33,4,6,0,1532,0,10.3598268398268,0.445402298850575,0.724137931034483,79,FALSE,FALSE
2011,"157","Tatabanyai",47.5861869,18.3947662,4,14,3,3,3404,4342,50.0081632653061,34.5551020408163,0.933908045977011,0.933908045977011,16,TRUE,TRUE
2011,"158","Tatai",47.655255,18.3285248,8,33,4,6,0,2465,0,10.3598268398268,0.445402298850575,0.724137931034483,80,FALSE,FALSE
2011,"159","Teti",47.515979,17.5168418,12,4,4,13,0,585,0,2.56,0.445402298850575,0.00862068965517241,81,FALSE,FALSE
2011,"160","Tiszafuredi",47.615345,20.7617821,1,20,4,7,0,1107,0,10.1691428571429,0.445402298850575,0.57183908045977,83,FALSE,FALSE
2011,"161","Tiszaujvarosi",47.92291,21.052195,1,20,4,7,0,1679,0,10.1691428571429,0.445402298850575,0.57183908045977,84,FALSE,FALSE
2011,"162","Tiszavasvari",47.9511368,21.3687867,3,27,4,8,0,1366,0,8.87597883597884,0.445402298850575,0.436781609195402,85,FALSE,FALSE
2011,"163","Tokaji",48.119994,21.412563,2,12,4,10,0,582,0,4.92095238095238,0.445402298850575,0.221264367816092,86,FALSE,FALSE
2011,"164","Torokszentmiklosi",47.180736,20.4182932,1,20,4,7,0,1287,0,10.1691428571429,0.445402298850575,0.57183908045977,87,FALSE,FALSE
2011,"165","Vaci",47.7754454,19.1377076,4,14,3,3,2297,3751,50.0081632653061,34.5551020408163,0.933908045977011,0.933908045977011,17,TRUE,TRUE
2011,"166","Varpalotai",47.1973949,18.1396572,3,27,4,8,0,1386,0,8.87597883597884,0.445402298850575,0.436781609195402,88,FALSE,FALSE
2011,"167","Vasarosnamenyi",48.126772,22.318366,2,12,4,10,0,1282,0,4.92095238095238,0.445402298850575,0.221264367816092,89,FALSE,FALSE
2011,"168","Vasvari",47.051087,16.7985158,9,22,4,11,0,457,0,3.78025974025974,0.445402298850575,0.123563218390805,90,FALSE,FALSE
2011,"169","Veresegyhazi",47.65714,19.284962,8,33,4,6,0,1832,0,10.3598268398268,0.445402298850575,0.724137931034483,91,FALSE,FALSE
2011,"170","Veszpremi",47.092967,17.913785,4,14,3,3,13703,4601,50.0081632653061,34.5551020408163,0.933908045977011,0.933908045977011,9,TRUE,TRUE
2011,"171","Zahonyi",48.406999,22.1745391,2,12,4,10,0,887,0,4.92095238095238,0.445402298850575,0.221264367816092,93,FALSE,FALSE
2011,"172","Zalaegerszegi",46.845412,16.8472302,13,1,4,5,0,4882,0,27.8971428571429,0.445402298850575,0.82183908045977,94,FALSE,FALSE
2011,"173","Zalakarosi",46.5605989,17.1230251,9,22,4,11,0,441,0,3.78025974025974,0.445402298850575,0.123563218390805,95,FALSE,FALSE
2011,"174","Zalaszentgroti",46.947143,17.0790458,11,7,4,12,0,610,0,2.93877551020408,0.445402298850575,0.0402298850574713,96,FALSE,FALSE
2011,"175","Zirci",47.2630578,17.8725401,3,27,4,8,0,747,0,8.87597883597884,0.445402298850575,0.436781609195402,97,FALSE,FALSE
2012,"1","Abai",47.028736,18.517633,13,25,5,9,0,692,0,6.97531428571429,0.445402298850575,0.522988505747126,26,FALSE,FALSE
2012,"2","Abauj-Hegykozi",48.471017,21.2741752,10,24,5,11,0,413,0,3.46261904761905,0.445402298850575,0.175287356321839,100,FALSE,FALSE
2012,"3","Adonyi",47.119574,18.8652611,13,25,5,9,0,767,0,6.97531428571429,0.445402298850575,0.522988505747126,109,FALSE,FALSE
2012,"4","Ajkai",47.1068802,17.563957,2,36,5,10,0,1348,0,6.46603174603174,0.445402298850575,0.347701149425287,118,FALSE,FALSE
2012,"5","Aszodi",47.6523763,19.4759463,13,25,5,9,0,1354,0,6.97531428571429,0.445402298850575,0.522988505747126,127,FALSE,FALSE
2012,"6","Bacsalmasi",46.123955,19.32633,10,24,5,11,0,511,0,3.46261904761905,0.445402298850575,0.175287356321839,136,FALSE,FALSE
2012,"7","Bajai",46.1834182,18.9538158,1,7,4,3,1346,3215,13.8212244897959,29.3208163265306,0.913793103448276,0.959770114942529,19,TRUE,TRUE
2012,"8","Baktaloranthazai",47.997697,22.0766029,13,25,5,9,0,1336,0,6.97531428571429,0.445402298850575,0.522988505747126,155,FALSE,FALSE
2012,"9","Balassagyarmati",48.078798,19.2938953,11,24,5,8,0,1745,0,8.75547619047619,0.445402298850575,0.663793103448276,166,FALSE,FALSE
2012,"10","Balatonalmadi",47.0286976,18.0148627,2,36,5,10,0,1233,0,6.46603174603174,0.445402298850575,0.347701149425287,27,FALSE,FALSE
2012,"11","Balatonfoldvari",46.8497238,17.8794039,10,24,5,11,0,294,0,3.46261904761905,0.445402298850575,0.175287356321839,36,FALSE,FALSE
2012,"12","Balatonfuredi",46.9564612,17.8889631,2,36,5,10,0,1255,0,6.46603174603174,0.445402298850575,0.347701149425287,46,FALSE,FALSE
2012,"13","Balmazujvarosi",47.612435,21.343577,2,36,5,10,0,923,0,6.46603174603174,0.445402298850575,0.347701149425287,56,FALSE,FALSE
2012,"14","Barcsi",45.959228,17.4666786,10,24,5,11,0,541,0,3.46261904761905,0.445402298850575,0.175287356321839,65,FALSE,FALSE
2012,"15","Batonyterenyei",47.989222,19.828845,2,36,5,10,0,614,0,6.46603174603174,0.445402298850575,0.347701149425287,74,FALSE,FALSE
2012,"16","Bekescsabai",46.6841987,21.0867872,3,3,5,6,0,3415,0,24.0247619047619,0.445402298850575,0.827586206896552,82,FALSE,FALSE
2012,"17","Bekesi",46.6704899,21.0434996,6,15,5,7,0,1356,0,10.6186666666667,0.445402298850575,0.775862068965517,92,FALSE,FALSE
2012,"18","Belapatfalvai",48.052725,20.348591,2,36,5,10,0,390,0,6.46603174603174,0.445402298850575,0.347701149425287,98,FALSE,FALSE
2012,"19","Berettyoujfalui",47.233892,21.5340216,13,25,5,9,0,1478,0,6.97531428571429,0.445402298850575,0.522988505747126,99,FALSE,FALSE
2012,"20","Bicskei",47.490759,18.6362719,11,24,5,8,0,1493,0,8.75547619047619,0.445402298850575,0.663793103448276,101,FALSE,FALSE
2012,"21","Bodrogkozi",48.263291,21.8918689,4,5,5,13,0,465,0,1.78171428571429,0.445402298850575,0.0114942528735632,102,FALSE,FALSE
2012,"22","Bonyhadi",46.2986759,18.5305778,13,25,5,9,0,905,0,6.97531428571429,0.445402298850575,0.522988505747126,103,FALSE,FALSE
2012,"23","Budaorsi",47.460753,18.9581146,1,7,4,3,886,5842,13.8212244897959,29.3208163265306,0.913793103448276,0.959770114942529,22,FALSE,FALSE
2012,"24","Budapesti",47.4984056,19.0407578,9,1,1,1,202880,85873,1159.31428571428,490.702857142857,1,1,1,TRUE,FALSE
2012,"25","Cegledi",47.1772081,19.7980311,5,10,5,5,0,4051,0,27.072,0.445402298850575,0.864942528735632,104,FALSE,FALSE
2012,"26","Celldomolki",47.257515,17.1526399,10,24,5,11,0,899,0,3.46261904761905,0.445402298850575,0.175287356321839,105,FALSE,FALSE
2012,"27","Csengeri",47.8350105,22.6822754,10,24,5,11,0,395,0,3.46261904761905,0.445402298850575,0.175287356321839,106,FALSE,FALSE
2012,"28","Csepregi",47.401546,16.7081249,7,14,5,12,0,384,0,2.71673469387755,0.445402298850575,0.0660919540229885,107,FALSE,FALSE
2012,"29","Csongradi",46.710833,20.144575,11,24,5,8,0,815,0,8.75547619047619,0.445402298850575,0.663793103448276,108,FALSE,FALSE
2012,"30","Csornai",47.601529,17.249978,2,36,5,10,0,1103,0,6.46603174603174,0.445402298850575,0.347701149425287,110,FALSE,FALSE
2012,"31","Csurgoi",46.260776,17.095325,7,14,5,12,0,506,0,2.71673469387755,0.445402298850575,0.0660919540229885,111,FALSE,FALSE
2012,"32","Dabasi",47.192283,19.330853,6,15,5,7,0,1337,0,10.6186666666667,0.445402298850575,0.775862068965517,112,FALSE,FALSE
2012,"33","Debreceni",47.5299739,21.6393571,8,3,2,2,36544,9679,181.432380952381,51.8266666666666,0.988505747126437,0.988505747126437,2,TRUE,TRUE
2012,"34","Derecske-Letavertesi",47.3824608,21.891967,2,36,5,10,0,934,0,6.46603174603174,0.445402298850575,0.347701149425287,113,FALSE,FALSE
2012,"35","Devecseri",47.106397,17.437279,4,5,5,13,0,335,0,1.78171428571429,0.445402298850575,0.0114942528735632,114,FALSE,FALSE
2012,"36","Dombovari",46.383295,18.131089,10,24,5,11,0,1102,0,3.46261904761905,0.445402298850575,0.175287356321839,115,FALSE,FALSE
2012,"37","Dorogi",47.7197439,18.7287817,11,24,5,8,0,1358,0,8.75547619047619,0.445402298850575,0.663793103448276,116,FALSE,FALSE
2012,"38","Dunakeszi",47.6297228,19.1380528,3,3,5,6,0,4520,0,24.0247619047619,0.445402298850575,0.827586206896552,117,FALSE,FALSE
2012,"39","Dunaujvarosi",46.980668,18.9127069,6,15,5,7,0,3163,0,10.6186666666667,0.445402298850575,0.775862068965517,18,TRUE,TRUE
2012,"40","Edelenyi",48.2966608,20.7442671,13,25,5,9,0,959,0,6.97531428571429,0.445402298850575,0.522988505747126,119,FALSE,FALSE
2012,"41","Egri",47.9031987,20.3731077,12,8,3,4,8927,4378,66.4049999999999,28.845,0.956896551724138,0.916666666666667,8,TRUE,TRUE
2012,"42","Encsi",48.330768,21.1219603,2,36,5,10,0,684,0,6.46603174603174,0.445402298850575,0.347701149425287,120,FALSE,FALSE
2012,"43","Enyingi",46.9296,18.242978,2,36,5,10,0,541,0,6.46603174603174,0.445402298850575,0.347701149425287,121,FALSE,FALSE
2012,"44","Ercsi",47.24966,18.891059,13,25,5,9,0,920,0,6.97531428571429,0.445402298850575,0.522988505747126,122,FALSE,FALSE
2012,"45","Erdi",47.3783095,18.9217973,5,10,5,5,0,5569,0,27.072,0.445402298850575,0.864942528735632,123,FALSE,FALSE
2012,"46","Esztergomi",47.793308,18.7419333,11,24,5,8,0,2140,0,8.75547619047619,0.445402298850575,0.663793103448276,25,FALSE,FALSE
2012,"47","Fehergyarmati",47.985063,22.517104,2,36,5,10,0,1090,0,6.46603174603174,0.445402298850575,0.347701149425287,124,FALSE,FALSE
2012,"48","Fonyodi",46.749197,17.5558792,2,36,5,10,0,914,0,6.46603174603174,0.445402298850575,0.347701149425287,125,FALSE,FALSE
2012,"49","Fuzesabonyi",47.750888,20.409611,2,36,5,10,0,907,0,6.46603174603174,0.445402298850575,0.347701149425287,126,FALSE,FALSE
2012,"50","Gardonyi",47.1973503,18.6091412,11,24,5,8,0,999,0,8.75547619047619,0.445402298850575,0.663793103448276,128,FALSE,FALSE
2012,"51","Godolloi",47.5975105,19.3480017,12,8,3,4,19266,5658,66.4049999999999,28.845,0.956896551724138,0.916666666666667,5,TRUE,TRUE
2012,"52","Gyali",47.3808958,19.215712,6,15,5,7,0,1658,0,10.6186666666667,0.445402298850575,0.775862068965517,129,FALSE,FALSE
2012,"53","Gyongyosi",47.775028,19.9280689,5,10,5,5,0,3463,0,27.072,0.445402298850575,0.864942528735632,130,FALSE,FALSE
2012,"54","Gyori",47.684051,17.6351011,12,8,3,4,13425,7149,66.4049999999999,28.845,0.956896551724138,0.916666666666667,6,TRUE,TRUE
2012,"55","Gyulai",46.642498,21.268809,13,25,5,9,0,1953,0,6.97531428571429,0.445402298850575,0.522988505747126,131,FALSE,FALSE
2012,"56","Hajduboszormenyi",47.673238,21.5076172,2,36,5,10,0,2444,0,6.46603174603174,0.445402298850575,0.347701149425287,132,FALSE,FALSE
2012,"57","Hajduhadhazi",47.68197,21.6685631,2,36,5,10,0,1799,0,6.46603174603174,0.445402298850575,0.347701149425287,133,FALSE,FALSE
2012,"58","Hajduszoboszloi",47.443667,21.389719,13,25,5,9,0,1311,0,6.97531428571429,0.445402298850575,0.522988505747126,134,FALSE,FALSE
2012,"59","Hatvani",47.668122,19.669901,11,24,5,8,0,1975,0,8.75547619047619,0.445402298850575,0.663793103448276,135,FALSE,FALSE
2012,"60","Hevesi",47.5945238,20.2882213,13,25,5,9,0,1156,0,6.97531428571429,0.445402298850575,0.522988505747126,137,FALSE,FALSE
2012,"61","Hevizi",46.7905869,17.1843866,7,14,5,12,0,628,0,2.71673469387755,0.445402298850575,0.0660919540229885,138,FALSE,FALSE
2012,"62","Hodmezovasarhelyi",46.430411,20.3188298,11,24,5,8,0,2054,0,8.75547619047619,0.445402298850575,0.663793103448276,139,FALSE,FALSE
2012,"63","Ibrany-Nagyhalaszi",48.134908,21.7187528,13,25,5,9,0,1443,0,6.97531428571429,0.445402298850575,0.522988505747126,140,FALSE,FALSE
2012,"64","Janoshalmai",46.2967401,19.3228798,2,36,5,10,0,626,0,6.46603174603174,0.445402298850575,0.347701149425287,141,FALSE,FALSE
2012,"65","Jaszberenyi",47.5006181,19.9147188,6,15,5,7,0,3084,0,10.6186666666667,0.445402298850575,0.775862068965517,142,FALSE,FALSE
2012,"66","Kadarkuti",46.2311466,17.6157102,2,36,5,10,0,734,0,6.46603174603174,0.445402298850575,0.347701149425287,143,FALSE,FALSE
2012,"67","Kalocsai",46.5334145,18.9856969,11,24,5,8,0,1999,0,8.75547619047619,0.445402298850575,0.663793103448276,144,FALSE,FALSE
2012,"68","Kaposvari",46.36653,17.782483,12,8,3,4,8821,3851,66.4049999999999,28.845,0.956896551724138,0.916666666666667,12,TRUE,TRUE
2012,"69","Kapuvar-Beledi",47.5935568,17.0249715,2,36,5,10,0,683,0,6.46603174603174,0.445402298850575,0.347701149425287,145,FALSE,FALSE
2012,"70","Karcagi",47.316632,20.9220631,13,25,5,9,0,1394,0,6.97531428571429,0.445402298850575,0.522988505747126,146,FALSE,FALSE
2012,"71","Kazincbarcikai",48.25317,20.6456512,11,24,5,8,0,1834,0,8.75547619047619,0.445402298850575,0.663793103448276,147,FALSE,FALSE
2012,"72","Kecskemeti",46.9062092,19.6899774,1,7,4,3,478,7396,13.8212244897959,29.3208163265306,0.913793103448276,0.959770114942529,14,TRUE,TRUE
2012,"73","Keszthelyi",46.7695893,17.2481444,2,36,5,10,0,1626,0,6.46603174603174,0.445402298850575,0.347701149425287,148,FALSE,FALSE
2012,"74","Kisberi",47.501673,18.0269161,7,14,5,12,0,433,0,2.71673469387755,0.445402298850575,0.0660919540229885,149,FALSE,FALSE
2012,"75","Kiskorosi",46.620386,19.283827,6,15,5,7,0,2019,0,10.6186666666667,0.445402298850575,0.775862068965517,150,FALSE,FALSE
2012,"76","Kiskunfelegyhazai",46.7050953,19.8499199,11,24,5,8,0,1674,0,8.75547619047619,0.445402298850575,0.663793103448276,151,FALSE,FALSE
2012,"77","Kiskunhalasi",46.432037,19.4885269,13,25,5,9,0,1703,0,6.97531428571429,0.445402298850575,0.522988505747126,152,FALSE,FALSE
2012,"78","Kiskunmajsai",46.492344,19.7368448,11,24,5,8,0,775,0,8.75547619047619,0.445402298850575,0.663793103448276,153,FALSE,FALSE
2012,"79","Kisteleki",46.4696447,19.9803972,7,14,5,12,0,559,0,2.71673469387755,0.445402298850575,0.0660919540229885,154,FALSE,FALSE
2012,"80","Kisvardai",48.2264002,22.0846211,11,24,5,8,0,2710,0,8.75547619047619,0.445402298850575,0.663793103448276,156,FALSE,FALSE
2012,"81","Komaromi",47.7434248,18.1191064,13,25,5,9,0,1364,0,6.97531428571429,0.445402298850575,0.522988505747126,157,FALSE,FALSE
2012,"82","Komloi",47.600636,20.445412,10,24,5,11,0,1054,0,3.46261904761905,0.445402298850575,0.175287356321839,158,FALSE,FALSE
2012,"83","Kormendi",47.011113,16.6057156,10,24,5,11,0,678,0,3.46261904761905,0.445402298850575,0.175287356321839,159,FALSE,FALSE
2012,"84","Koszegi",47.381935,16.552229,2,36,5,10,0,635,0,6.46603174603174,0.445402298850575,0.347701149425287,160,FALSE,FALSE
2012,"85","Kunszentmartoni",46.841082,20.287233,13,25,5,9,0,1032,0,6.97531428571429,0.445402298850575,0.522988505747126,161,FALSE,FALSE
2012,"86","Kunszentmiklosi",47.026444,19.1227831,6,15,5,7,0,932,0,10.6186666666667,0.445402298850575,0.775862068965517,162,FALSE,FALSE
2012,"87","Lengyeltoti",46.667049,17.6407711,10,24,5,11,0,284,0,3.46261904761905,0.445402298850575,0.175287356321839,163,FALSE,FALSE
2012,"88","Lenti",46.623785,16.546001,10,24,5,11,0,651,0,3.46261904761905,0.445402298850575,0.175287356321839,164,FALSE,FALSE
2012,"89","Letenyei",46.4337456,16.7221882,7,14,5,12,0,542,0,2.71673469387755,0.445402298850575,0.0660919540229885,165,FALSE,FALSE
2012,"90","Makoi",46.21498,20.47513,13,25,5,9,0,1291,0,6.97531428571429,0.445402298850575,0.522988505747126,167,FALSE,FALSE
2012,"91","Marcali",46.582815,17.4119018,13,25,5,9,0,974,0,6.97531428571429,0.445402298850575,0.522988505747126,168,FALSE,FALSE
2012,"92","Mateszalkai",47.943265,22.316904,2,36,5,10,0,2076,0,6.46603174603174,0.445402298850575,0.347701149425287,169,FALSE,FALSE
2012,"93","Mezocsati",47.823541,20.9028038,10,24,5,11,0,423,0,3.46261904761905,0.445402298850575,0.175287356321839,170,FALSE,FALSE
2012,"94","Mezokovacshazai",46.4071834,20.9241681,2,36,5,10,0,980,0,6.46603174603174,0.445402298850575,0.347701149425287,171,FALSE,FALSE
2012,"95","Mezokovesdi",47.8068796,20.5650907,11,24,5,8,0,1803,0,8.75547619047619,0.445402298850575,0.663793103448276,172,FALSE,FALSE
2012,"96","Mezoturi",47.00278,20.618465,11,24,5,8,0,915,0,8.75547619047619,0.445402298850575,0.663793103448276,173,FALSE,FALSE
2012,"97","Miskolci",48.1043854,20.7913563,12,8,3,4,12593,9847,66.4049999999999,28.845,0.956896551724138,0.916666666666667,7,TRUE,TRUE
2012,"98","Mohacsi",45.9959241,18.6798279,11,24,5,8,0,1524,0,8.75547619047619,0.445402298850575,0.663793103448276,174,FALSE,FALSE
2012,"99","Monori",47.34754,19.448946,5,10,5,5,0,4033,0,27.072,0.445402298850575,0.864942528735632,175,FALSE,FALSE
2012,"100","Morahalomi",46.217922,19.883719,2,36,5,10,0,876,0,6.46603174603174,0.445402298850575,0.347701149425287,28,FALSE,FALSE
2012,"101","Mori",47.3717781,18.2085973,2,36,5,10,0,1487,0,6.46603174603174,0.445402298850575,0.347701149425287,29,FALSE,FALSE
2012,"102","Mosonmagyarovari",47.8744063,17.2693897,2,36,5,10,0,2320,0,6.46603174603174,0.445402298850575,0.347701149425287,30,FALSE,FALSE
2012,"103","Nagyatadi",46.23001,17.3574429,10,24,5,11,0,842,0,3.46261904761905,0.445402298850575,0.175287356321839,31,FALSE,FALSE
2012,"104","Nagykalloi",47.875519,21.8460521,11,24,5,8,0,1604,0,8.75547619047619,0.445402298850575,0.663793103448276,32,FALSE,FALSE
2012,"105","Nagykanizsai",46.455237,16.9953419,6,15,5,7,0,2748,0,10.6186666666667,0.445402298850575,0.775862068965517,33,FALSE,FALSE
2012,"106","Nagykatai",47.4181175,19.7422453,6,15,5,7,0,2284,0,10.6186666666667,0.445402298850575,0.775862068965517,34,FALSE,FALSE
2012,"107","Nyirbatori",47.835414,22.130289,2,36,5,10,0,1419,0,6.46603174603174,0.445402298850575,0.347701149425287,35,FALSE,FALSE
2012,"108","Nyiregyhazai",47.9532583,21.7264647,1,7,4,3,7715,7659,13.8212244897959,29.3208163265306,0.913793103448276,0.959770114942529,11,TRUE,TRUE
2012,"109","Oroshazai",46.5615338,20.6619204,12,8,3,4,4103,2136,66.4049999999999,28.845,0.956896551724138,0.916666666666667,13,TRUE,TRUE
2012,"110","Oroszlanyi",47.4943329,18.3215448,2,36,5,10,0,1030,0,6.46603174603174,0.445402298850575,0.347701149425287,37,FALSE,FALSE
2012,"111","Ozdi",48.2195564,20.2869186,6,15,5,7,0,1765,0,10.6186666666667,0.445402298850575,0.775862068965517,38,FALSE,FALSE
2012,"112","Oriszentpeteri",46.838954,16.4211574,4,5,5,13,0,159,0,1.78171428571429,0.445402298850575,0.0114942528735632,39,FALSE,FALSE
2012,"113","Pacsai",46.7226412,17.0096878,4,5,5,13,0,279,0,1.78171428571429,0.445402298850575,0.0114942528735632,40,FALSE,FALSE
2012,"114","Paksi",46.626368,18.8652409,6,15,5,7,0,2086,0,10.6186666666667,0.445402298850575,0.775862068965517,41,FALSE,FALSE
2012,"115","Pannonhalmai",47.55021,17.754228,10,24,5,11,0,682,0,3.46261904761905,0.445402298850575,0.175287356321839,42,FALSE,FALSE
2012,"116","Papai",47.3308153,17.4660302,13,25,5,9,0,1936,0,6.97531428571429,0.445402298850575,0.522988505747126,43,FALSE,FALSE
2012,"117","Pasztoi",47.919562,19.6978939,13,25,5,9,0,1000,0,6.97531428571429,0.445402298850575,0.522988505747126,44,FALSE,FALSE
2012,"118","Pecsi",46.0713242,18.2331772,8,3,2,2,28248,8639,181.432380952381,51.8266666666666,0.988505747126437,0.988505747126437,4,TRUE,TRUE
2012,"119","Pecsvaradi",46.158114,18.422176,7,14,5,12,0,369,0,2.71673469387755,0.445402298850575,0.0660919540229885,45,FALSE,FALSE
2012,"120","Petervasarai",48.017941,20.1019849,10,24,5,11,0,552,0,3.46261904761905,0.445402298850575,0.175287356321839,47,FALSE,FALSE
2012,"121","Pilisvorosvari",47.6212089,18.9111742,5,10,5,5,0,4509,0,27.072,0.445402298850575,0.864942528735632,48,FALSE,FALSE
2012,"122","Polgari",47.866362,21.1242449,7,14,5,12,0,405,0,2.71673469387755,0.445402298850575,0.0660919540229885,49,FALSE,FALSE
2012,"123","Puspokladanyi",47.3176758,21.1165369,2,36,5,10,0,1389,0,6.46603174603174,0.445402298850575,0.347701149425287,50,FALSE,FALSE
2012,"124","Rackevei",47.1611023,18.9455669,5,10,5,5,0,5865,0,27.072,0.445402298850575,0.864942528735632,51,FALSE,FALSE
2012,"125","Retsagi",47.9278597,19.1372757,13,25,5,9,0,797,0,6.97531428571429,0.445402298850575,0.522988505747126,52,FALSE,FALSE
2012,"126","Salgotarjani",48.0853167,19.7869357,6,15,5,7,0,2406,0,10.6186666666667,0.445402298850575,0.775862068965517,53,FALSE,FALSE
2012,"127","Sarbogardi",46.887769,18.6193289,10,24,5,11,0,673,0,3.46261904761905,0.445402298850575,0.175287356321839,54,FALSE,FALSE
2012,"128","Sarkadi",46.746283,21.3848669,2,36,5,10,0,566,0,6.46603174603174,0.445402298850575,0.347701149425287,55,FALSE,FALSE
2012,"129","Sarospataki",48.318984,21.5663738,11,24,5,8,0,1163,0,8.75547619047619,0.445402298850575,0.663793103448276,24,FALSE,FALSE
2012,"130","Sarvari",47.2540616,16.9352309,2,36,5,10,0,1460,0,6.46603174603174,0.445402298850575,0.347701149425287,57,FALSE,FALSE
2012,"131","Sasdi",46.2548488,18.1060595,7,14,5,12,0,326,0,2.71673469387755,0.445402298850575,0.0660919540229885,58,FALSE,FALSE
2012,"132","Satoraljaujhelyi",48.3941408,21.6559965,11,24,5,8,0,928,0,8.75547619047619,0.445402298850575,0.663793103448276,59,FALSE,FALSE
2012,"133","Sellyei",45.8719698,17.8460989,4,5,5,13,0,321,0,1.78171428571429,0.445402298850575,0.0114942528735632,60,FALSE,FALSE
2012,"134","Siklosi",45.852147,18.2988281,2,36,5,10,0,999,0,6.46603174603174,0.445402298850575,0.347701149425287,61,FALSE,FALSE
2012,"135","Siofoki",46.9057439,18.0525018,2,36,5,10,0,1551,0,6.46603174603174,0.445402298850575,0.347701149425287,62,FALSE,FALSE
2012,"136","Sopron-Fertodi",47.684898,16.583053,12,8,3,4,14597,3319,66.4049999999999,28.845,0.956896551724138,0.916666666666667,10,TRUE,TRUE
2012,"137","Sumegi",46.9775543,17.2819824,7,14,5,12,0,454,0,2.71673469387755,0.445402298850575,0.0660919540229885,63,FALSE,FALSE
2012,"138","Szarvasi",46.8595081,20.5595884,11,24,5,8,0,1642,0,8.75547619047619,0.445402298850575,0.663793103448276,21,FALSE,FALSE
2012,"139","Szecsenyi",48.0811488,19.5197217,2,36,5,10,0,659,0,6.46603174603174,0.445402298850575,0.347701149425287,64,FALSE,FALSE
2012,"140","Szegedi",46.2536169,20.1461345,8,3,2,2,30460,8891,181.432380952381,51.8266666666666,0.988505747126437,0.988505747126437,3,TRUE,TRUE
2012,"141","Szeghalomi",47.027309,21.166263,6,15,5,7,0,1129,0,10.6186666666667,0.445402298850575,0.775862068965517,66,FALSE,FALSE
2012,"142","Szekesfehervari",47.1887157,18.4138088,5,10,5,5,0,7436,0,27.072,0.445402298850575,0.864942528735632,20,TRUE,TRUE
2012,"143","Szekszardi",46.3485623,18.7019205,5,10,5,5,0,3635,0,27.072,0.445402298850575,0.864942528735632,67,FALSE,FALSE
2012,"144","Szentendrei",47.6734712,19.07254,5,10,5,5,0,4977,0,27.072,0.445402298850575,0.864942528735632,68,FALSE,FALSE
2012,"145","Szentesi",46.65192,20.2571842,11,24,5,8,0,1447,0,8.75547619047619,0.445402298850575,0.663793103448276,69,FALSE,FALSE
2012,"146","Szentgotthardi",46.9527524,16.2737218,7,14,5,12,0,443,0,2.71673469387755,0.445402298850575,0.0660919540229885,70,FALSE,FALSE
2012,"147","Szentlorinci",46.040211,17.989775,10,24,5,11,0,364,0,3.46261904761905,0.445402298850575,0.175287356321839,71,FALSE,FALSE
2012,"148","Szerencsi",48.162418,21.205206,6,15,5,7,0,1450,0,10.6186666666667,0.445402298850575,0.775862068965517,72,FALSE,FALSE
2012,"149","Szigetvari",46.0482577,17.8123125,10,24,5,11,0,634,0,3.46261904761905,0.445402298850575,0.175287356321839,73,FALSE,FALSE
2012,"150","Szikszoi",48.1949949,20.9294318,2,36,5,10,0,595,0,6.46603174603174,0.445402298850575,0.347701149425287,75,FALSE,FALSE
2012,"151","Szobi",47.818012,18.8667731,6,15,5,7,0,457,0,10.6186666666667,0.445402298850575,0.775862068965517,76,FALSE,FALSE
2012,"152","Szolnoki",47.174662,20.17628,1,7,4,3,2910,5335,13.8212244897959,29.3208163265306,0.913793103448276,0.959770114942529,15,TRUE,TRUE
2012,"153","Szombathelyi",47.23514,16.6219178,3,3,5,6,0,4678,0,24.0247619047619,0.445402298850575,0.827586206896552,23,FALSE,FALSE
2012,"154","Tabi",46.729486,18.0329558,7,14,5,12,0,362,0,2.71673469387755,0.445402298850575,0.0660919540229885,77,FALSE,FALSE
2012,"155","Tamasi",46.6295947,18.2846991,13,25,5,9,0,1090,0,6.97531428571429,0.445402298850575,0.522988505747126,78,FALSE,FALSE
2012,"156","Tapolcai",46.88289,17.4413581,11,24,5,8,0,1373,0,8.75547619047619,0.445402298850575,0.663793103448276,79,FALSE,FALSE
2012,"157","Tatabanyai",47.5861869,18.3947662,1,7,4,3,1837,3364,13.8212244897959,29.3208163265306,0.913793103448276,0.959770114942529,16,TRUE,TRUE
2012,"158","Tatai",47.655255,18.3285248,2,36,5,10,0,1763,0,6.46603174603174,0.445402298850575,0.347701149425287,80,FALSE,FALSE
2012,"159","Teti",47.515979,17.5168418,10,24,5,11,0,554,0,3.46261904761905,0.445402298850575,0.175287356321839,81,FALSE,FALSE
2012,"160","Tiszafuredi",47.615345,20.7617821,13,25,5,9,0,995,0,6.97531428571429,0.445402298850575,0.522988505747126,83,FALSE,FALSE
2012,"161","Tiszaujvarosi",47.92291,21.052195,13,25,5,9,0,1468,0,6.97531428571429,0.445402298850575,0.522988505747126,84,FALSE,FALSE
2012,"162","Tiszavasvari",47.9511368,21.3687867,2,36,5,10,0,1083,0,6.46603174603174,0.445402298850575,0.347701149425287,85,FALSE,FALSE
2012,"163","Tokaji",48.119994,21.412563,10,24,5,11,0,445,0,3.46261904761905,0.445402298850575,0.175287356321839,86,FALSE,FALSE
2012,"164","Torokszentmiklosi",47.180736,20.4182932,11,24,5,8,0,1212,0,8.75547619047619,0.445402298850575,0.663793103448276,87,FALSE,FALSE
2012,"165","Vaci",47.7754454,19.1377076,1,7,4,3,1759,3107,13.8212244897959,29.3208163265306,0.913793103448276,0.959770114942529,17,TRUE,TRUE
2012,"166","Varpalotai",47.1973949,18.1396572,13,25,5,9,0,1199,0,6.97531428571429,0.445402298850575,0.522988505747126,88,FALSE,FALSE
2012,"167","Vasarosnamenyi",48.126772,22.318366,10,24,5,11,0,1118,0,3.46261904761905,0.445402298850575,0.175287356321839,89,FALSE,FALSE
2012,"168","Vasvari",47.051087,16.7985158,10,24,5,11,0,340,0,3.46261904761905,0.445402298850575,0.175287356321839,90,FALSE,FALSE
2012,"169","Veresegyhazi",47.65714,19.284962,11,24,5,8,0,1591,0,8.75547619047619,0.445402298850575,0.663793103448276,91,FALSE,FALSE
2012,"170","Veszpremi",47.092967,17.913785,12,8,3,4,11235,4045,66.4049999999999,28.845,0.956896551724138,0.916666666666667,9,TRUE,TRUE
2012,"171","Zahonyi",48.406999,22.1745391,10,24,5,11,0,814,0,3.46261904761905,0.445402298850575,0.175287356321839,93,FALSE,FALSE
2012,"172","Zalaegerszegi",46.845412,16.8472302,5,10,5,5,0,3838,0,27.072,0.445402298850575,0.864942528735632,94,FALSE,FALSE
2012,"173","Zalakarosi",46.5605989,17.1230251,10,24,5,11,0,280,0,3.46261904761905,0.445402298850575,0.175287356321839,95,FALSE,FALSE
2012,"174","Zalaszentgroti",46.947143,17.0790458,7,14,5,12,0,546,0,2.71673469387755,0.445402298850575,0.0660919540229885,96,FALSE,FALSE
2012,"175","Zirci",47.2630578,17.8725401,7,14,5,12,0,699,0,2.71673469387755,0.445402298850575,0.0660919540229885,97,FALSE,FALSE
2013,"1","Abai",47.028736,18.517633,4,26,5,8,0,538,0,6.09186813186813,0.445402298850575,0.474137931034483,26,FALSE,FALSE
2013,"2","Abauj-Hegykozi",48.471017,21.2741752,8,17,5,11,0,365,0,2.93680672268908,0.445402298850575,0.160919540229885,100,FALSE,FALSE
2013,"3","Adonyi",47.119574,18.8652611,9,30,5,7,0,640,0,7.836,0.445402298850575,0.635057471264368,109,FALSE,FALSE
2013,"4","Ajkai",47.1068802,17.563957,2,19,5,10,0,1120,0,3.97473684210526,0.445402298850575,0.264367816091954,118,FALSE,FALSE
2013,"5","Aszodi",47.6523763,19.4759463,9,30,5,7,0,1151,0,7.836,0.445402298850575,0.635057471264368,127,FALSE,FALSE
2013,"6","Bacsalmasi",46.123955,19.32633,2,19,5,10,0,382,0,3.97473684210526,0.445402298850575,0.264367816091954,136,FALSE,FALSE
2013,"7","Bajai",46.1834182,18.9538158,10,7,4,4,765,2561,9.31591836734692,24.1159183673469,0.913793103448276,0.913793103448276,19,TRUE,TRUE
2013,"8","Baktaloranthazai",47.997697,22.0766029,1,17,5,6,0,1025,0,7.85411764705882,0.445402298850575,0.770114942528736,155,FALSE,FALSE
2013,"9","Balassagyarmati",48.078798,19.2938953,9,30,5,7,0,1514,0,7.836,0.445402298850575,0.635057471264368,166,FALSE,FALSE
2013,"10","Balatonalmadi",47.0286976,18.0148627,4,26,5,8,0,1054,0,6.09186813186813,0.445402298850575,0.474137931034483,27,FALSE,FALSE
2013,"11","Balatonfoldvari",46.8497238,17.8794039,6,14,5,13,0,306,0,2.10040816326531,0.445402298850575,0.0373563218390805,36,FALSE,FALSE
2013,"12","Balatonfuredi",46.9564612,17.8889631,4,26,5,8,0,839,0,6.09186813186813,0.445402298850575,0.474137931034483,46,FALSE,FALSE
2013,"13","Balmazujvarosi",47.612435,21.343577,2,19,5,10,0,897,0,3.97473684210526,0.445402298850575,0.264367816091954,56,FALSE,FALSE
2013,"14","Barcsi",45.959228,17.4666786,2,19,5,10,0,539,0,3.97473684210526,0.445402298850575,0.264367816091954,65,FALSE,FALSE
2013,"15","Batonyterenyei",47.989222,19.828845,1,17,5,6,0,523,0,7.85411764705882,0.445402298850575,0.770114942528736,74,FALSE,FALSE
2013,"16","Bekescsabai",46.6841987,21.0867872,1,17,5,6,0,2918,0,7.85411764705882,0.445402298850575,0.770114942528736,82,FALSE,FALSE
2013,"17","Bekesi",46.6704899,21.0434996,4,26,5,8,0,1117,0,6.09186813186813,0.445402298850575,0.474137931034483,92,FALSE,FALSE
2013,"18","Belapatfalvai",48.052725,20.348591,6,14,5,13,0,315,0,2.10040816326531,0.445402298850575,0.0373563218390805,98,FALSE,FALSE
2013,"19","Berettyoujfalui",47.233892,21.5340216,2,19,5,10,0,1305,0,3.97473684210526,0.445402298850575,0.264367816091954,99,FALSE,FALSE
2013,"20","Bicskei",47.490759,18.6362719,9,30,5,7,0,1163,0,7.836,0.445402298850575,0.635057471264368,101,FALSE,FALSE
2013,"21","Bodrogkozi",48.263291,21.8918689,5,6,5,12,0,352,0,2.27428571428571,0.445402298850575,0.0948275862068965,102,FALSE,FALSE
2013,"22","Bonyhadi",46.2986759,18.5305778,9,30,5,7,0,833,0,7.836,0.445402298850575,0.635057471264368,103,FALSE,FALSE
2013,"23","Budaorsi",47.460753,18.9581146,10,7,4,4,679,5235,9.31591836734692,24.1159183673469,0.913793103448276,0.913793103448276,22,FALSE,FALSE
2013,"24","Budapesti",47.4984056,19.0407578,13,1,1,1,176836,72132,1010.49142857143,412.182857142857,1,1,1,TRUE,FALSE
2013,"25","Cegledi",47.1772081,19.7980311,12,13,5,5,0,3532,0,21.6962637362637,0.445402298850575,0.85632183908046,104,FALSE,FALSE
2013,"26","Celldomolki",47.257515,17.1526399,8,17,5,11,0,742,0,2.93680672268908,0.445402298850575,0.160919540229885,105,FALSE,FALSE
2013,"27","Csengeri",47.8350105,22.6822754,8,17,5,11,0,415,0,2.93680672268908,0.445402298850575,0.160919540229885,106,FALSE,FALSE
2013,"28","Csepregi",47.401546,16.7081249,8,17,5,11,0,356,0,2.93680672268908,0.445402298850575,0.160919540229885,107,FALSE,FALSE
2013,"29","Csongradi",46.710833,20.144575,4,26,5,8,0,804,0,6.09186813186813,0.445402298850575,0.474137931034483,108,FALSE,FALSE
2013,"30","Csornai",47.601529,17.249978,11,14,5,9,0,950,0,5.64204081632653,0.445402298850575,0.359195402298851,110,FALSE,FALSE
2013,"31","Csurgoi",46.260776,17.095325,6,14,5,13,0,484,0,2.10040816326531,0.445402298850575,0.0373563218390805,111,FALSE,FALSE
2013,"32","Dabasi",47.192283,19.330853,9,30,5,7,0,1108,0,7.836,0.445402298850575,0.635057471264368,112,FALSE,FALSE
2013,"33","Debreceni",47.5299739,21.6393571,3,3,2,2,31393,9281,153.19619047619,47.6952380952381,0.988505747126437,0.988505747126437,2,TRUE,TRUE
2013,"34","Derecske-Letavertesi",47.3824608,21.891967,8,17,5,11,0,818,0,2.93680672268908,0.445402298850575,0.160919540229885,113,FALSE,FALSE
2013,"35","Devecseri",47.106397,17.437279,6,14,5,13,0,263,0,2.10040816326531,0.445402298850575,0.0373563218390805,114,FALSE,FALSE
2013,"36","Dombovari",46.383295,18.131089,11,14,5,9,0,921,0,5.64204081632653,0.445402298850575,0.359195402298851,115,FALSE,FALSE
2013,"37","Dorogi",47.7197439,18.7287817,1,17,5,6,0,1010,0,7.85411764705882,0.445402298850575,0.770114942528736,116,FALSE,FALSE
2013,"38","Dunakeszi",47.6297228,19.1380528,12,13,5,5,0,3512,0,21.6962637362637,0.445402298850575,0.85632183908046,117,FALSE,FALSE
2013,"39","Dunaujvarosi",46.980668,18.9127069,12,13,5,5,0,2184,0,21.6962637362637,0.445402298850575,0.85632183908046,18,TRUE,TRUE
2013,"40","Edelenyi",48.2966608,20.7442671,11,14,5,9,0,803,0,5.64204081632653,0.445402298850575,0.359195402298851,119,FALSE,FALSE
2013,"41","Egri",47.9031987,20.3731077,7,8,3,3,7788,3840,55.1457142857143,24.4814285714286,0.956896551724138,0.956896551724138,8,TRUE,TRUE
2013,"42","Encsi",48.330768,21.1219603,8,17,5,11,0,614,0,2.93680672268908,0.445402298850575,0.160919540229885,120,FALSE,FALSE
2013,"43","Enyingi",46.9296,18.242978,1,17,5,6,0,424,0,7.85411764705882,0.445402298850575,0.770114942528736,121,FALSE,FALSE
2013,"44","Ercsi",47.24966,18.891059,2,19,5,10,0,648,0,3.97473684210526,0.445402298850575,0.264367816091954,122,FALSE,FALSE
2013,"45","Erdi",47.3783095,18.9217973,12,13,5,5,0,4893,0,21.6962637362637,0.445402298850575,0.85632183908046,123,FALSE,FALSE
2013,"46","Esztergomi",47.793308,18.7419333,9,30,5,7,0,1824,0,7.836,0.445402298850575,0.635057471264368,25,FALSE,FALSE
2013,"47","Fehergyarmati",47.985063,22.517104,4,26,5,8,0,1063,0,6.09186813186813,0.445402298850575,0.474137931034483,124,FALSE,FALSE
2013,"48","Fonyodi",46.749197,17.5558792,4,26,5,8,0,810,0,6.09186813186813,0.445402298850575,0.474137931034483,125,FALSE,FALSE
2013,"49","Fuzesabonyi",47.750888,20.409611,11,14,5,9,0,813,0,5.64204081632653,0.445402298850575,0.359195402298851,126,FALSE,FALSE
2013,"50","Gardonyi",47.1973503,18.6091412,9,30,5,7,0,900,0,7.836,0.445402298850575,0.635057471264368,128,FALSE,FALSE
2013,"51","Godolloi",47.5975105,19.3480017,7,8,3,3,16651,4736,55.1457142857143,24.4814285714286,0.956896551724138,0.956896551724138,5,TRUE,TRUE
2013,"52","Gyali",47.3808958,19.215712,9,30,5,7,0,1585,0,7.836,0.445402298850575,0.635057471264368,129,FALSE,FALSE
2013,"53","Gyongyosi",47.775028,19.9280689,1,17,5,6,0,2762,0,7.85411764705882,0.445402298850575,0.770114942528736,130,FALSE,FALSE
2013,"54","Gyori",47.684051,17.6351011,7,8,3,3,11771,6232,55.1457142857143,24.4814285714286,0.956896551724138,0.956896551724138,6,TRUE,TRUE
2013,"55","Gyulai",46.642498,21.268809,9,30,5,7,0,1542,0,7.836,0.445402298850575,0.635057471264368,131,FALSE,FALSE
2013,"56","Hajduboszormenyi",47.673238,21.5076172,9,30,5,7,0,1986,0,7.836,0.445402298850575,0.635057471264368,132,FALSE,FALSE
2013,"57","Hajduhadhazi",47.68197,21.6685631,4,26,5,8,0,1669,0,6.09186813186813,0.445402298850575,0.474137931034483,133,FALSE,FALSE
2013,"58","Hajduszoboszloi",47.443667,21.389719,11,14,5,9,0,1195,0,5.64204081632653,0.445402298850575,0.359195402298851,134,FALSE,FALSE
2013,"59","Hatvani",47.668122,19.669901,4,26,5,8,0,1600,0,6.09186813186813,0.445402298850575,0.474137931034483,135,FALSE,FALSE
2013,"60","Hevesi",47.5945238,20.2882213,1,17,5,6,0,900,0,7.85411764705882,0.445402298850575,0.770114942528736,137,FALSE,FALSE
2013,"61","Hevizi",46.7905869,17.1843866,2,19,5,10,0,544,0,3.97473684210526,0.445402298850575,0.264367816091954,138,FALSE,FALSE
2013,"62","Hodmezovasarhelyi",46.430411,20.3188298,4,26,5,8,0,1729,0,6.09186813186813,0.445402298850575,0.474137931034483,139,FALSE,FALSE
2013,"63","Ibrany-Nagyhalaszi",48.134908,21.7187528,2,19,5,10,0,1181,0,3.97473684210526,0.445402298850575,0.264367816091954,140,FALSE,FALSE
2013,"64","Janoshalmai",46.2967401,19.3228798,8,17,5,11,0,512,0,2.93680672268908,0.445402298850575,0.160919540229885,141,FALSE,FALSE
2013,"65","Jaszberenyi",47.5006181,19.9147188,12,13,5,5,0,2811,0,21.6962637362637,0.445402298850575,0.85632183908046,142,FALSE,FALSE
2013,"66","Kadarkuti",46.2311466,17.6157102,8,17,5,11,0,516,0,2.93680672268908,0.445402298850575,0.160919540229885,143,FALSE,FALSE
2013,"67","Kalocsai",46.5334145,18.9856969,9,30,5,7,0,1551,0,7.836,0.445402298850575,0.635057471264368,144,FALSE,FALSE
2013,"68","Kaposvari",46.36653,17.782483,7,8,3,3,8219,3473,55.1457142857143,24.4814285714286,0.956896551724138,0.956896551724138,12,TRUE,TRUE
2013,"69","Kapuvar-Beledi",47.5935568,17.0249715,6,14,5,13,0,557,0,2.10040816326531,0.445402298850575,0.0373563218390805,145,FALSE,FALSE
2013,"70","Karcagi",47.316632,20.9220631,11,14,5,9,0,1134,0,5.64204081632653,0.445402298850575,0.359195402298851,146,FALSE,FALSE
2013,"71","Kazincbarcikai",48.25317,20.6456512,9,30,5,7,0,1477,0,7.836,0.445402298850575,0.635057471264368,147,FALSE,FALSE
2013,"72","Kecskemeti",46.9062092,19.6899774,10,7,4,4,382,5993,9.31591836734692,24.1159183673469,0.913793103448276,0.913793103448276,14,TRUE,TRUE
2013,"73","Keszthelyi",46.7695893,17.2481444,9,30,5,7,0,1286,0,7.836,0.445402298850575,0.635057471264368,148,FALSE,FALSE
2013,"74","Kisberi",47.501673,18.0269161,4,26,5,8,0,564,0,6.09186813186813,0.445402298850575,0.474137931034483,149,FALSE,FALSE
2013,"75","Kiskorosi",46.620386,19.283827,4,26,5,8,0,1767,0,6.09186813186813,0.445402298850575,0.474137931034483,150,FALSE,FALSE
2013,"76","Kiskunfelegyhazai",46.7050953,19.8499199,1,17,5,6,0,1491,0,7.85411764705882,0.445402298850575,0.770114942528736,151,FALSE,FALSE
2013,"77","Kiskunhalasi",46.432037,19.4885269,9,30,5,7,0,1465,0,7.836,0.445402298850575,0.635057471264368,152,FALSE,FALSE
2013,"78","Kiskunmajsai",46.492344,19.7368448,2,19,5,10,0,664,0,3.97473684210526,0.445402298850575,0.264367816091954,153,FALSE,FALSE
2013,"79","Kisteleki",46.4696447,19.9803972,2,19,5,10,0,463,0,3.97473684210526,0.445402298850575,0.264367816091954,154,FALSE,FALSE
2013,"80","Kisvardai",48.2264002,22.0846211,1,17,5,6,0,2192,0,7.85411764705882,0.445402298850575,0.770114942528736,156,FALSE,FALSE
2013,"81","Komaromi",47.7434248,18.1191064,1,17,5,6,0,981,0,7.85411764705882,0.445402298850575,0.770114942528736,157,FALSE,FALSE
2013,"82","Komloi",47.600636,20.445412,11,14,5,9,0,827,0,5.64204081632653,0.445402298850575,0.359195402298851,158,FALSE,FALSE
2013,"83","Kormendi",47.011113,16.6057156,5,6,5,12,0,623,0,2.27428571428571,0.445402298850575,0.0948275862068965,159,FALSE,FALSE
2013,"84","Koszegi",47.381935,16.552229,6,14,5,13,0,614,0,2.10040816326531,0.445402298850575,0.0373563218390805,160,FALSE,FALSE
2013,"85","Kunszentmartoni",46.841082,20.287233,4,26,5,8,0,881,0,6.09186813186813,0.445402298850575,0.474137931034483,161,FALSE,FALSE
2013,"86","Kunszentmiklosi",47.026444,19.1227831,9,30,5,7,0,767,0,7.836,0.445402298850575,0.635057471264368,162,FALSE,FALSE
2013,"87","Lengyeltoti",46.667049,17.6407711,8,17,5,11,0,153,0,2.93680672268908,0.445402298850575,0.160919540229885,163,FALSE,FALSE
2013,"88","Lenti",46.623785,16.546001,11,14,5,9,0,592,0,5.64204081632653,0.445402298850575,0.359195402298851,164,FALSE,FALSE
2013,"89","Letenyei",46.4337456,16.7221882,2,19,5,10,0,469,0,3.97473684210526,0.445402298850575,0.264367816091954,165,FALSE,FALSE
2013,"90","Makoi",46.21498,20.47513,9,30,5,7,0,1236,0,7.836,0.445402298850575,0.635057471264368,167,FALSE,FALSE
2013,"91","Marcali",46.582815,17.4119018,4,26,5,8,0,909,0,6.09186813186813,0.445402298850575,0.474137931034483,168,FALSE,FALSE
2013,"92","Mateszalkai",47.943265,22.316904,11,14,5,9,0,1864,0,5.64204081632653,0.445402298850575,0.359195402298851,169,FALSE,FALSE
2013,"93","Mezocsati",47.823541,20.9028038,5,6,5,12,0,341,0,2.27428571428571,0.445402298850575,0.0948275862068965,170,FALSE,FALSE
2013,"94","Mezokovacshazai",46.4071834,20.9241681,8,17,5,11,0,875,0,2.93680672268908,0.445402298850575,0.160919540229885,171,FALSE,FALSE
2013,"95","Mezokovesdi",47.8068796,20.5650907,9,30,5,7,0,1489,0,7.836,0.445402298850575,0.635057471264368,172,FALSE,FALSE
2013,"96","Mezoturi",47.00278,20.618465,9,30,5,7,0,811,0,7.836,0.445402298850575,0.635057471264368,173,FALSE,FALSE
2013,"97","Miskolci",48.1043854,20.7913563,7,8,3,3,10043,8306,55.1457142857143,24.4814285714286,0.956896551724138,0.956896551724138,7,TRUE,TRUE
2013,"98","Mohacsi",45.9959241,18.6798279,11,14,5,9,0,1391,0,5.64204081632653,0.445402298850575,0.359195402298851,174,FALSE,FALSE
2013,"99","Monori",47.34754,19.448946,12,13,5,5,0,3392,0,21.6962637362637,0.445402298850575,0.85632183908046,175,FALSE,FALSE
2013,"100","Morahalomi",46.217922,19.883719,4,26,5,8,0,684,0,6.09186813186813,0.445402298850575,0.474137931034483,28,FALSE,FALSE
2013,"101","Mori",47.3717781,18.2085973,4,26,5,8,0,1180,0,6.09186813186813,0.445402298850575,0.474137931034483,29,FALSE,FALSE
2013,"102","Mosonmagyarovari",47.8744063,17.2693897,4,26,5,8,0,1920,0,6.09186813186813,0.445402298850575,0.474137931034483,30,FALSE,FALSE
2013,"103","Nagyatadi",46.23001,17.3574429,2,19,5,10,0,632,0,3.97473684210526,0.445402298850575,0.264367816091954,31,FALSE,FALSE
2013,"104","Nagykalloi",47.875519,21.8460521,4,26,5,8,0,1399,0,6.09186813186813,0.445402298850575,0.474137931034483,32,FALSE,FALSE
2013,"105","Nagykanizsai",46.455237,16.9953419,1,17,5,6,0,2286,0,7.85411764705882,0.445402298850575,0.770114942528736,33,FALSE,FALSE
2013,"106","Nagykatai",47.4181175,19.7422453,9,30,5,7,0,1862,0,7.836,0.445402298850575,0.635057471264368,34,FALSE,FALSE
2013,"107","Nyirbatori",47.835414,22.130289,4,26,5,8,0,1035,0,6.09186813186813,0.445402298850575,0.474137931034483,35,FALSE,FALSE
2013,"108","Nyiregyhazai",47.9532583,21.7264647,10,7,4,4,5407,6049,9.31591836734692,24.1159183673469,0.913793103448276,0.913793103448276,11,TRUE,TRUE
2013,"109","Oroshazai",46.5615338,20.6619204,7,8,3,3,2494,1717,55.1457142857143,24.4814285714286,0.956896551724138,0.956896551724138,13,TRUE,TRUE
2013,"110","Oroszlanyi",47.4943329,18.3215448,1,17,5,6,0,762,0,7.85411764705882,0.445402298850575,0.770114942528736,37,FALSE,FALSE
2013,"111","Ozdi",48.2195564,20.2869186,9,30,5,7,0,1467,0,7.836,0.445402298850575,0.635057471264368,38,FALSE,FALSE
2013,"112","Oriszentpeteri",46.838954,16.4211574,5,6,5,12,0,217,0,2.27428571428571,0.445402298850575,0.0948275862068965,39,FALSE,FALSE
2013,"113","Pacsai",46.7226412,17.0096878,6,14,5,13,0,309,0,2.10040816326531,0.445402298850575,0.0373563218390805,40,FALSE,FALSE
2013,"114","Paksi",46.626368,18.8652409,9,30,5,7,0,1397,0,7.836,0.445402298850575,0.635057471264368,41,FALSE,FALSE
2013,"115","Pannonhalmai",47.55021,17.754228,2,19,5,10,0,573,0,3.97473684210526,0.445402298850575,0.264367816091954,42,FALSE,FALSE
2013,"116","Papai",47.3308153,17.4660302,9,30,5,7,0,1574,0,7.836,0.445402298850575,0.635057471264368,43,FALSE,FALSE
2013,"117","Pasztoi",47.919562,19.6978939,1,17,5,6,0,931,0,7.85411764705882,0.445402298850575,0.770114942528736,44,FALSE,FALSE
2013,"118","Pecsi",46.0713242,18.2331772,3,3,2,2,22396,7513,153.19619047619,47.6952380952381,0.988505747126437,0.988505747126437,4,TRUE,TRUE
2013,"119","Pecsvaradi",46.158114,18.422176,8,17,5,11,0,278,0,2.93680672268908,0.445402298850575,0.160919540229885,45,FALSE,FALSE
2013,"120","Petervasarai",48.017941,20.1019849,11,14,5,9,0,470,0,5.64204081632653,0.445402298850575,0.359195402298851,47,FALSE,FALSE
2013,"121","Pilisvorosvari",47.6212089,18.9111742,12,13,5,5,0,3744,0,21.6962637362637,0.445402298850575,0.85632183908046,48,FALSE,FALSE
2013,"122","Polgari",47.866362,21.1242449,2,19,5,10,0,362,0,3.97473684210526,0.445402298850575,0.264367816091954,49,FALSE,FALSE
2013,"123","Puspokladanyi",47.3176758,21.1165369,1,17,5,6,0,1370,0,7.85411764705882,0.445402298850575,0.770114942528736,50,FALSE,FALSE
2013,"124","Rackevei",47.1611023,18.9455669,12,13,5,5,0,4931,0,21.6962637362637,0.445402298850575,0.85632183908046,51,FALSE,FALSE
2013,"125","Retsagi",47.9278597,19.1372757,4,26,5,8,0,638,0,6.09186813186813,0.445402298850575,0.474137931034483,52,FALSE,FALSE
2013,"126","Salgotarjani",48.0853167,19.7869357,12,13,5,5,0,2096,0,21.6962637362637,0.445402298850575,0.85632183908046,53,FALSE,FALSE
2013,"127","Sarbogardi",46.887769,18.6193289,4,26,5,8,0,647,0,6.09186813186813,0.445402298850575,0.474137931034483,54,FALSE,FALSE
2013,"128","Sarkadi",46.746283,21.3848669,5,6,5,12,0,534,0,2.27428571428571,0.445402298850575,0.0948275862068965,55,FALSE,FALSE
2013,"129","Sarospataki",48.318984,21.5663738,9,30,5,7,0,987,0,7.836,0.445402298850575,0.635057471264368,24,FALSE,FALSE
2013,"130","Sarvari",47.2540616,16.9352309,4,26,5,8,0,1111,0,6.09186813186813,0.445402298850575,0.474137931034483,57,FALSE,FALSE
2013,"131","Sasdi",46.2548488,18.1060595,6,14,5,13,0,285,0,2.10040816326531,0.445402298850575,0.0373563218390805,58,FALSE,FALSE
2013,"132","Satoraljaujhelyi",48.3941408,21.6559965,8,17,5,11,0,729,0,2.93680672268908,0.445402298850575,0.160919540229885,59,FALSE,FALSE
2013,"133","Sellyei",45.8719698,17.8460989,6,14,5,13,0,286,0,2.10040816326531,0.445402298850575,0.0373563218390805,60,FALSE,FALSE
2013,"134","Siklosi",45.852147,18.2988281,2,19,5,10,0,773,0,3.97473684210526,0.445402298850575,0.264367816091954,61,FALSE,FALSE
2013,"135","Siofoki",46.9057439,18.0525018,9,30,5,7,0,1462,0,7.836,0.445402298850575,0.635057471264368,62,FALSE,FALSE
2013,"136","Sopron-Fertodi",47.684898,16.583053,7,8,3,3,10772,2609,55.1457142857143,24.4814285714286,0.956896551724138,0.956896551724138,10,TRUE,TRUE
2013,"137","Sumegi",46.9775543,17.2819824,6,14,5,13,0,469,0,2.10040816326531,0.445402298850575,0.0373563218390805,63,FALSE,FALSE
2013,"138","Szarvasi",46.8595081,20.5595884,1,17,5,6,0,1456,0,7.85411764705882,0.445402298850575,0.770114942528736,21,FALSE,FALSE
2013,"139","Szecsenyi",48.0811488,19.5197217,11,14,5,9,0,558,0,5.64204081632653,0.445402298850575,0.359195402298851,64,FALSE,FALSE
2013,"140","Szegedi",46.2536169,20.1461345,3,3,2,2,26639,8246,153.19619047619,47.6952380952381,0.988505747126437,0.988505747126437,3,TRUE,TRUE
2013,"141","Szeghalomi",47.027309,21.166263,4,26,5,8,0,918,0,6.09186813186813,0.445402298850575,0.474137931034483,66,FALSE,FALSE
2013,"142","Szekesfehervari",47.1887157,18.4138088,12,13,5,5,0,6173,0,21.6962637362637,0.445402298850575,0.85632183908046,20,TRUE,TRUE
2013,"143","Szekszardi",46.3485623,18.7019205,9,30,5,7,0,3058,0,7.836,0.445402298850575,0.635057471264368,67,FALSE,FALSE
2013,"144","Szentendrei",47.6734712,19.07254,12,13,5,5,0,4247,0,21.6962637362637,0.445402298850575,0.85632183908046,68,FALSE,FALSE
2013,"145","Szentesi",46.65192,20.2571842,1,17,5,6,0,1365,0,7.85411764705882,0.445402298850575,0.770114942528736,69,FALSE,FALSE
2013,"146","Szentgotthardi",46.9527524,16.2737218,6,14,5,13,0,397,0,2.10040816326531,0.445402298850575,0.0373563218390805,70,FALSE,FALSE
2013,"147","Szentlorinci",46.040211,17.989775,8,17,5,11,0,303,0,2.93680672268908,0.445402298850575,0.160919540229885,71,FALSE,FALSE
2013,"148","Szerencsi",48.162418,21.205206,11,14,5,9,0,1255,0,5.64204081632653,0.445402298850575,0.359195402298851,72,FALSE,FALSE
2013,"149","Szigetvari",46.0482577,17.8123125,8,17,5,11,0,597,0,2.93680672268908,0.445402298850575,0.160919540229885,73,FALSE,FALSE
2013,"150","Szikszoi",48.1949949,20.9294318,8,17,5,11,0,525,0,2.93680672268908,0.445402298850575,0.160919540229885,75,FALSE,FALSE
2013,"151","Szobi",47.818012,18.8667731,2,19,5,10,0,356,0,3.97473684210526,0.445402298850575,0.264367816091954,76,FALSE,FALSE
2013,"152","Szolnoki",47.174662,20.17628,10,7,4,4,2087,4445,9.31591836734692,24.1159183673469,0.913793103448276,0.913793103448276,15,TRUE,TRUE
2013,"153","Szombathelyi",47.23514,16.6219178,12,13,5,5,0,4167,0,21.6962637362637,0.445402298850575,0.85632183908046,23,FALSE,FALSE
2013,"154","Tabi",46.729486,18.0329558,6,14,5,13,0,236,0,2.10040816326531,0.445402298850575,0.0373563218390805,77,FALSE,FALSE
2013,"155","Tamasi",46.6295947,18.2846991,4,26,5,8,0,876,0,6.09186813186813,0.445402298850575,0.474137931034483,78,FALSE,FALSE
2013,"156","Tapolcai",46.88289,17.4413581,9,30,5,7,0,1124,0,7.836,0.445402298850575,0.635057471264368,79,FALSE,FALSE
2013,"157","Tatabanyai",47.5861869,18.3947662,10,7,4,4,995,2589,9.31591836734692,24.1159183673469,0.913793103448276,0.913793103448276,16,TRUE,TRUE
2013,"158","Tatai",47.655255,18.3285248,9,30,5,7,0,1530,0,7.836,0.445402298850575,0.635057471264368,80,FALSE,FALSE
2013,"159","Teti",47.515979,17.5168418,6,14,5,13,0,413,0,2.10040816326531,0.445402298850575,0.0373563218390805,81,FALSE,FALSE
2013,"160","Tiszafuredi",47.615345,20.7617821,4,26,5,8,0,930,0,6.09186813186813,0.445402298850575,0.474137931034483,83,FALSE,FALSE
2013,"161","Tiszaujvarosi",47.92291,21.052195,4,26,5,8,0,1036,0,6.09186813186813,0.445402298850575,0.474137931034483,84,FALSE,FALSE
2013,"162","Tiszavasvari",47.9511368,21.3687867,11,14,5,9,0,1050,0,5.64204081632653,0.445402298850575,0.359195402298851,85,FALSE,FALSE
2013,"163","Tokaji",48.119994,21.412563,8,17,5,11,0,488,0,2.93680672268908,0.445402298850575,0.160919540229885,86,FALSE,FALSE
2013,"164","Torokszentmiklosi",47.180736,20.4182932,9,30,5,7,0,848,0,7.836,0.445402298850575,0.635057471264368,87,FALSE,FALSE
2013,"165","Vaci",47.7754454,19.1377076,10,7,4,4,1097,2670,9.31591836734692,24.1159183673469,0.913793103448276,0.913793103448276,17,TRUE,TRUE
2013,"166","Varpalotai",47.1973949,18.1396572,1,17,5,6,0,970,0,7.85411764705882,0.445402298850575,0.770114942528736,88,FALSE,FALSE
2013,"167","Vasarosnamenyi",48.126772,22.318366,2,19,5,10,0,866,0,3.97473684210526,0.445402298850575,0.264367816091954,89,FALSE,FALSE
2013,"168","Vasvari",47.051087,16.7985158,5,6,5,12,0,321,0,2.27428571428571,0.445402298850575,0.0948275862068965,90,FALSE,FALSE
2013,"169","Veresegyhazi",47.65714,19.284962,9,30,5,7,0,1502,0,7.836,0.445402298850575,0.635057471264368,91,FALSE,FALSE
2013,"170","Veszpremi",47.092967,17.913785,7,8,3,3,9466,3361,55.1457142857143,24.4814285714286,0.956896551724138,0.956896551724138,9,TRUE,TRUE
2013,"171","Zahonyi",48.406999,22.1745391,2,19,5,10,0,759,0,3.97473684210526,0.445402298850575,0.264367816091954,93,FALSE,FALSE
2013,"172","Zalaegerszegi",46.845412,16.8472302,12,13,5,5,0,3677,0,21.6962637362637,0.445402298850575,0.85632183908046,94,FALSE,FALSE
2013,"173","Zalakarosi",46.5605989,17.1230251,6,14,5,13,0,212,0,2.10040816326531,0.445402298850575,0.0373563218390805,95,FALSE,FALSE
2013,"174","Zalaszentgroti",46.947143,17.0790458,8,17,5,11,0,451,0,2.93680672268908,0.445402298850575,0.160919540229885,96,FALSE,FALSE
2013,"175","Zirci",47.2630578,17.8725401,2,19,5,10,0,683,0,3.97473684210526,0.445402298850575,0.264367816091954,97,FALSE,FALSE
2014,"1","Abai",47.028736,18.517633,4,24,5,8,0,550,0,6.77595238095238,0.445402298850575,0.60632183908046,26,FALSE,FALSE
2014,"2","Abauj-Hegykozi",48.471017,21.2741752,12,10,5,13,0,313,0,1.82228571428572,0.445402298850575,0.0258620689655172,100,FALSE,FALSE
2014,"3","Adonyi",47.119574,18.8652611,11,26,5,10,0,666,0,4.87516483516484,0.445402298850575,0.364942528735632,109,FALSE,FALSE
2014,"4","Ajkai",47.1068802,17.563957,11,26,5,10,0,1169,0,4.87516483516484,0.445402298850575,0.364942528735632,118,FALSE,FALSE
2014,"5","Aszodi",47.6523763,19.4759463,4,24,5,8,0,1226,0,6.77595238095238,0.445402298850575,0.60632183908046,127,FALSE,FALSE
2014,"6","Bacsalmasi",46.123955,19.32633,10,21,5,12,0,375,0,3.1891156462585,0.445402298850575,0.114942528735632,136,FALSE,FALSE
2014,"7","Bajai",46.1834182,18.9538158,7,7,4,4,919,2576,9.21224489795919,24.8530612244898,0.913793103448276,0.913793103448276,19,TRUE,TRUE
2014,"8","Baktaloranthazai",47.997697,22.0766029,11,26,5,10,0,1174,0,4.87516483516484,0.445402298850575,0.364942528735632,155,FALSE,FALSE
2014,"9","Balassagyarmati",48.078798,19.2938953,2,24,5,7,0,1381,0,9.61095238095238,0.445402298850575,0.744252873563218,166,FALSE,FALSE
2014,"10","Balatonalmadi",47.0286976,18.0148627,6,17,5,9,0,940,0,6.09647058823529,0.445402298850575,0.488505747126437,27,FALSE,FALSE
2014,"11","Balatonfoldvari",46.8497238,17.8794039,10,21,5,12,0,343,0,3.1891156462585,0.445402298850575,0.114942528735632,36,FALSE,FALSE
2014,"12","Balatonfuredi",46.9564612,17.8889631,4,24,5,8,0,921,0,6.77595238095238,0.445402298850575,0.60632183908046,46,FALSE,FALSE
2014,"13","Balmazujvarosi",47.612435,21.343577,2,24,5,7,0,816,0,9.61095238095238,0.445402298850575,0.744252873563218,56,FALSE,FALSE
2014,"14","Barcsi",45.959228,17.4666786,10,21,5,12,0,514,0,3.1891156462585,0.445402298850575,0.114942528735632,65,FALSE,FALSE
2014,"15","Batonyterenyei",47.989222,19.828845,4,24,5,8,0,520,0,6.77595238095238,0.445402298850575,0.60632183908046,74,FALSE,FALSE
2014,"16","Bekescsabai",46.6841987,21.0867872,13,13,5,5,0,3217,0,20.6971428571429,0.445402298850575,0.85632183908046,82,FALSE,FALSE
2014,"17","Bekesi",46.6704899,21.0434996,2,24,5,7,0,1199,0,9.61095238095238,0.445402298850575,0.744252873563218,92,FALSE,FALSE
2014,"18","Belapatfalvai",48.052725,20.348591,10,21,5,12,0,326,0,3.1891156462585,0.445402298850575,0.114942528735632,98,FALSE,FALSE
2014,"19","Berettyoujfalui",47.233892,21.5340216,4,24,5,8,0,1333,0,6.77595238095238,0.445402298850575,0.60632183908046,99,FALSE,FALSE
2014,"20","Bicskei",47.490759,18.6362719,4,24,5,8,0,1258,0,6.77595238095238,0.445402298850575,0.60632183908046,101,FALSE,FALSE
2014,"21","Bodrogkozi",48.263291,21.8918689,12,10,5,13,0,393,0,1.82228571428572,0.445402298850575,0.0258620689655172,102,FALSE,FALSE
2014,"22","Bonyhadi",46.2986759,18.5305778,11,26,5,10,0,747,0,4.87516483516484,0.445402298850575,0.364942528735632,103,FALSE,FALSE
2014,"23","Budaorsi",47.460753,18.9581146,7,7,4,4,478,5140,9.21224489795919,24.8530612244898,0.913793103448276,0.913793103448276,22,FALSE,FALSE
2014,"24","Budapesti",47.4984056,19.0407578,3,1,1,1,188744,78743,1078.53714285714,449.96,1,1,1,TRUE,FALSE
2014,"25","Cegledi",47.1772081,19.7980311,13,13,5,5,0,3808,0,20.6971428571429,0.445402298850575,0.85632183908046,104,FALSE,FALSE
2014,"26","Celldomolki",47.257515,17.1526399,11,26,5,10,0,811,0,4.87516483516484,0.445402298850575,0.364942528735632,105,FALSE,FALSE
2014,"27","Csengeri",47.8350105,22.6822754,12,10,5,13,0,436,0,1.82228571428572,0.445402298850575,0.0258620689655172,106,FALSE,FALSE
2014,"28","Csepregi",47.401546,16.7081249,10,21,5,12,0,306,0,3.1891156462585,0.445402298850575,0.114942528735632,107,FALSE,FALSE
2014,"29","Csongradi",46.710833,20.144575,11,26,5,10,0,690,0,4.87516483516484,0.445402298850575,0.364942528735632,108,FALSE,FALSE
2014,"30","Csornai",47.601529,17.249978,6,17,5,9,0,1036,0,6.09647058823529,0.445402298850575,0.488505747126437,110,FALSE,FALSE
2014,"31","Csurgoi",46.260776,17.095325,8,20,5,11,0,428,0,4.31685714285714,0.445402298850575,0.232758620689655,111,FALSE,FALSE
2014,"32","Dabasi",47.192283,19.330853,4,24,5,8,0,1103,0,6.77595238095238,0.445402298850575,0.60632183908046,112,FALSE,FALSE
2014,"33","Debreceni",47.5299739,21.6393571,5,3,2,2,32234,9574,157.114285714286,50.1942857142857,0.988505747126437,0.988505747126437,2,TRUE,TRUE
2014,"34","Derecske-Letavertesi",47.3824608,21.891967,4,24,5,8,0,868,0,6.77595238095238,0.445402298850575,0.60632183908046,113,FALSE,FALSE
2014,"35","Devecseri",47.106397,17.437279,10,21,5,12,0,331,0,3.1891156462585,0.445402298850575,0.114942528735632,114,FALSE,FALSE
2014,"36","Dombovari",46.383295,18.131089,11,26,5,10,0,1023,0,4.87516483516484,0.445402298850575,0.364942528735632,115,FALSE,FALSE
2014,"37","Dorogi",47.7197439,18.7287817,6,17,5,9,0,1112,0,6.09647058823529,0.445402298850575,0.488505747126437,116,FALSE,FALSE
2014,"38","Dunakeszi",47.6297228,19.1380528,13,13,5,5,0,3515,0,20.6971428571429,0.445402298850575,0.85632183908046,117,FALSE,FALSE
2014,"39","Dunaujvarosi",46.980668,18.9127069,13,13,5,5,0,2347,0,20.6971428571429,0.445402298850575,0.85632183908046,18,TRUE,TRUE
2014,"40","Edelenyi",48.2966608,20.7442671,10,21,5,12,0,879,0,3.1891156462585,0.445402298850575,0.114942528735632,119,FALSE,FALSE
2014,"41","Egri",47.9031987,20.3731077,1,8,3,3,8603,4204,56.9378571428571,26.5442857142857,0.956896551724138,0.956896551724138,8,TRUE,TRUE
2014,"42","Encsi",48.330768,21.1219603,8,20,5,11,0,586,0,4.31685714285714,0.445402298850575,0.232758620689655,120,FALSE,FALSE
2014,"43","Enyingi",46.9296,18.242978,4,24,5,8,0,466,0,6.77595238095238,0.445402298850575,0.60632183908046,121,FALSE,FALSE
2014,"44","Ercsi",47.24966,18.891059,2,24,5,7,0,749,0,9.61095238095238,0.445402298850575,0.744252873563218,122,FALSE,FALSE
2014,"45","Erdi",47.3783095,18.9217973,13,13,5,5,0,4895,0,20.6971428571429,0.445402298850575,0.85632183908046,123,FALSE,FALSE
2014,"46","Esztergomi",47.793308,18.7419333,2,24,5,7,0,1772,0,9.61095238095238,0.445402298850575,0.744252873563218,25,FALSE,FALSE
2014,"47","Fehergyarmati",47.985063,22.517104,6,17,5,9,0,1085,0,6.09647058823529,0.445402298850575,0.488505747126437,124,FALSE,FALSE
2014,"48","Fonyodi",46.749197,17.5558792,4,24,5,8,0,762,0,6.77595238095238,0.445402298850575,0.60632183908046,125,FALSE,FALSE
2014,"49","Fuzesabonyi",47.750888,20.409611,11,26,5,10,0,750,0,4.87516483516484,0.445402298850575,0.364942528735632,126,FALSE,FALSE
2014,"50","Gardonyi",47.1973503,18.6091412,2,24,5,7,0,890,0,9.61095238095238,0.445402298850575,0.744252873563218,128,FALSE,FALSE
2014,"51","Godolloi",47.5975105,19.3480017,1,8,3,3,16783,5656,56.9378571428571,26.5442857142857,0.956896551724138,0.956896551724138,5,TRUE,TRUE
2014,"52","Gyali",47.3808958,19.215712,13,13,5,5,0,1600,0,20.6971428571429,0.445402298850575,0.85632183908046,129,FALSE,FALSE
2014,"53","Gyongyosi",47.775028,19.9280689,2,24,5,7,0,2800,0,9.61095238095238,0.445402298850575,0.744252873563218,130,FALSE,FALSE
2014,"54","Gyori",47.684051,17.6351011,1,8,3,3,12798,6615,56.9378571428571,26.5442857142857,0.956896551724138,0.956896551724138,6,TRUE,TRUE
2014,"55","Gyulai",46.642498,21.268809,2,24,5,7,0,1623,0,9.61095238095238,0.445402298850575,0.744252873563218,131,FALSE,FALSE
2014,"56","Hajduboszormenyi",47.673238,21.5076172,8,20,5,11,0,2134,0,4.31685714285714,0.445402298850575,0.232758620689655,132,FALSE,FALSE
2014,"57","Hajduhadhazi",47.68197,21.6685631,11,26,5,10,0,1634,0,4.87516483516484,0.445402298850575,0.364942528735632,133,FALSE,FALSE
2014,"58","Hajduszoboszloi",47.443667,21.389719,4,24,5,8,0,1335,0,6.77595238095238,0.445402298850575,0.60632183908046,134,FALSE,FALSE
2014,"59","Hatvani",47.668122,19.669901,2,24,5,7,0,1597,0,9.61095238095238,0.445402298850575,0.744252873563218,135,FALSE,FALSE
2014,"60","Hevesi",47.5945238,20.2882213,4,24,5,8,0,879,0,6.77595238095238,0.445402298850575,0.60632183908046,137,FALSE,FALSE
2014,"61","Hevizi",46.7905869,17.1843866,11,26,5,10,0,551,0,4.87516483516484,0.445402298850575,0.364942528735632,138,FALSE,FALSE
2014,"62","Hodmezovasarhelyi",46.430411,20.3188298,2,24,5,7,0,1875,0,9.61095238095238,0.445402298850575,0.744252873563218,139,FALSE,FALSE
2014,"63","Ibrany-Nagyhalaszi",48.134908,21.7187528,8,20,5,11,0,1175,0,4.31685714285714,0.445402298850575,0.232758620689655,140,FALSE,FALSE
2014,"64","Janoshalmai",46.2967401,19.3228798,10,21,5,12,0,475,0,3.1891156462585,0.445402298850575,0.114942528735632,141,FALSE,FALSE
2014,"65","Jaszberenyi",47.5006181,19.9147188,2,24,5,7,0,2719,0,9.61095238095238,0.445402298850575,0.744252873563218,142,FALSE,FALSE
2014,"66","Kadarkuti",46.2311466,17.6157102,8,20,5,11,0,557,0,4.31685714285714,0.445402298850575,0.232758620689655,143,FALSE,FALSE
2014,"67","Kalocsai",46.5334145,18.9856969,2,24,5,7,0,1623,0,9.61095238095238,0.445402298850575,0.744252873563218,144,FALSE,FALSE
2014,"68","Kaposvari",46.36653,17.782483,1,8,3,3,9343,3724,56.9378571428571,26.5442857142857,0.956896551724138,0.956896551724138,12,TRUE,TRUE
2014,"69","Kapuvar-Beledi",47.5935568,17.0249715,10,21,5,12,0,650,0,3.1891156462585,0.445402298850575,0.114942528735632,145,FALSE,FALSE
2014,"70","Karcagi",47.316632,20.9220631,4,24,5,8,0,1318,0,6.77595238095238,0.445402298850575,0.60632183908046,146,FALSE,FALSE
2014,"71","Kazincbarcikai",48.25317,20.6456512,4,24,5,8,0,1698,0,6.77595238095238,0.445402298850575,0.60632183908046,147,FALSE,FALSE
2014,"72","Kecskemeti",46.9062092,19.6899774,7,7,4,4,332,6470,9.21224489795919,24.8530612244898,0.913793103448276,0.913793103448276,14,TRUE,TRUE
2014,"73","Keszthelyi",46.7695893,17.2481444,6,17,5,9,0,1187,0,6.09647058823529,0.445402298850575,0.488505747126437,148,FALSE,FALSE
2014,"74","Kisberi",47.501673,18.0269161,11,26,5,10,0,563,0,4.87516483516484,0.445402298850575,0.364942528735632,149,FALSE,FALSE
2014,"75","Kiskorosi",46.620386,19.283827,2,24,5,7,0,1864,0,9.61095238095238,0.445402298850575,0.744252873563218,150,FALSE,FALSE
2014,"76","Kiskunfelegyhazai",46.7050953,19.8499199,2,24,5,7,0,1614,0,9.61095238095238,0.445402298850575,0.744252873563218,151,FALSE,FALSE
2014,"77","Kiskunhalasi",46.432037,19.4885269,2,24,5,7,0,1607,0,9.61095238095238,0.445402298850575,0.744252873563218,152,FALSE,FALSE
2014,"78","Kiskunmajsai",46.492344,19.7368448,11,26,5,10,0,609,0,4.87516483516484,0.445402298850575,0.364942528735632,153,FALSE,FALSE
2014,"79","Kisteleki",46.4696447,19.9803972,8,20,5,11,0,500,0,4.31685714285714,0.445402298850575,0.232758620689655,154,FALSE,FALSE
2014,"80","Kisvardai",48.2264002,22.0846211,4,24,5,8,0,2292,0,6.77595238095238,0.445402298850575,0.60632183908046,156,FALSE,FALSE
2014,"81","Komaromi",47.7434248,18.1191064,6,17,5,9,0,1074,0,6.09647058823529,0.445402298850575,0.488505747126437,157,FALSE,FALSE
2014,"82","Komloi",47.600636,20.445412,6,17,5,9,0,768,0,6.09647058823529,0.445402298850575,0.488505747126437,158,FALSE,FALSE
2014,"83","Kormendi",47.011113,16.6057156,10,21,5,12,0,668,0,3.1891156462585,0.445402298850575,0.114942528735632,159,FALSE,FALSE
2014,"84","Koszegi",47.381935,16.552229,8,20,5,11,0,597,0,4.31685714285714,0.445402298850575,0.232758620689655,160,FALSE,FALSE
2014,"85","Kunszentmartoni",46.841082,20.287233,4,24,5,8,0,865,0,6.77595238095238,0.445402298850575,0.60632183908046,161,FALSE,FALSE
2014,"86","Kunszentmiklosi",47.026444,19.1227831,4,24,5,8,0,826,0,6.77595238095238,0.445402298850575,0.60632183908046,162,FALSE,FALSE
2014,"87","Lengyeltoti",46.667049,17.6407711,10,21,5,12,0,266,0,3.1891156462585,0.445402298850575,0.114942528735632,163,FALSE,FALSE
2014,"88","Lenti",46.623785,16.546001,8,20,5,11,0,618,0,4.31685714285714,0.445402298850575,0.232758620689655,164,FALSE,FALSE
2014,"89","Letenyei",46.4337456,16.7221882,8,20,5,11,0,479,0,4.31685714285714,0.445402298850575,0.232758620689655,165,FALSE,FALSE
2014,"90","Makoi",46.21498,20.47513,4,24,5,8,0,1309,0,6.77595238095238,0.445402298850575,0.60632183908046,167,FALSE,FALSE
2014,"91","Marcali",46.582815,17.4119018,6,17,5,9,0,822,0,6.09647058823529,0.445402298850575,0.488505747126437,168,FALSE,FALSE
2014,"92","Mateszalkai",47.943265,22.316904,4,24,5,8,0,1899,0,6.77595238095238,0.445402298850575,0.60632183908046,169,FALSE,FALSE
2014,"93","Mezocsati",47.823541,20.9028038,12,10,5,13,0,318,0,1.82228571428572,0.445402298850575,0.0258620689655172,170,FALSE,FALSE
2014,"94","Mezokovacshazai",46.4071834,20.9241681,6,17,5,9,0,994,0,6.09647058823529,0.445402298850575,0.488505747126437,171,FALSE,FALSE
2014,"95","Mezokovesdi",47.8068796,20.5650907,6,17,5,9,0,1444,0,6.09647058823529,0.445402298850575,0.488505747126437,172,FALSE,FALSE
2014,"96","Mezoturi",47.00278,20.618465,4,24,5,8,0,770,0,6.77595238095238,0.445402298850575,0.60632183908046,173,FALSE,FALSE
2014,"97","Miskolci",48.1043854,20.7913563,1,8,3,3,10241,8631,56.9378571428571,26.5442857142857,0.956896551724138,0.956896551724138,7,TRUE,TRUE
2014,"98","Mohacsi",45.9959241,18.6798279,10,21,5,12,0,1283,0,3.1891156462585,0.445402298850575,0.114942528735632,174,FALSE,FALSE
2014,"99","Monori",47.34754,19.448946,13,13,5,5,0,3811,0,20.6971428571429,0.445402298850575,0.85632183908046,175,FALSE,FALSE
2014,"100","Morahalomi",46.217922,19.883719,8,20,5,11,0,774,0,4.31685714285714,0.445402298850575,0.232758620689655,28,FALSE,FALSE
2014,"101","Mori",47.3717781,18.2085973,4,24,5,8,0,1362,0,6.77595238095238,0.445402298850575,0.60632183908046,29,FALSE,FALSE
2014,"102","Mosonmagyarovari",47.8744063,17.2693897,4,24,5,8,0,1938,0,6.77595238095238,0.445402298850575,0.60632183908046,30,FALSE,FALSE
2014,"103","Nagyatadi",46.23001,17.3574429,11,26,5,10,0,644,0,4.87516483516484,0.445402298850575,0.364942528735632,31,FALSE,FALSE
2014,"104","Nagykalloi",47.875519,21.8460521,4,24,5,8,0,1531,0,6.77595238095238,0.445402298850575,0.60632183908046,32,FALSE,FALSE
2014,"105","Nagykanizsai",46.455237,16.9953419,2,24,5,7,0,2158,0,9.61095238095238,0.445402298850575,0.744252873563218,33,FALSE,FALSE
2014,"106","Nagykatai",47.4181175,19.7422453,13,13,5,5,0,1994,0,20.6971428571429,0.445402298850575,0.85632183908046,34,FALSE,FALSE
2014,"107","Nyirbatori",47.835414,22.130289,6,17,5,9,0,1316,0,6.09647058823529,0.445402298850575,0.488505747126437,35,FALSE,FALSE
2014,"108","Nyiregyhazai",47.9532583,21.7264647,7,7,4,4,5442,6266,9.21224489795919,24.8530612244898,0.913793103448276,0.913793103448276,11,TRUE,TRUE
2014,"109","Oroshazai",46.5615338,20.6619204,1,8,3,3,1798,1820,56.9378571428571,26.5442857142857,0.956896551724138,0.956896551724138,13,TRUE,TRUE
2014,"110","Oroszlanyi",47.4943329,18.3215448,2,24,5,7,0,947,0,9.61095238095238,0.445402298850575,0.744252873563218,37,FALSE,FALSE
2014,"111","Ozdi",48.2195564,20.2869186,6,17,5,9,0,1470,0,6.09647058823529,0.445402298850575,0.488505747126437,38,FALSE,FALSE
2014,"112","Oriszentpeteri",46.838954,16.4211574,12,10,5,13,0,100,0,1.82228571428572,0.445402298850575,0.0258620689655172,39,FALSE,FALSE
2014,"113","Pacsai",46.7226412,17.0096878,12,10,5,13,0,222,0,1.82228571428572,0.445402298850575,0.0258620689655172,40,FALSE,FALSE
2014,"114","Paksi",46.626368,18.8652409,2,24,5,7,0,1776,0,9.61095238095238,0.445402298850575,0.744252873563218,41,FALSE,FALSE
2014,"115","Pannonhalmai",47.55021,17.754228,11,26,5,10,0,585,0,4.87516483516484,0.445402298850575,0.364942528735632,42,FALSE,FALSE
2014,"116","Papai",47.3308153,17.4660302,10,21,5,12,0,1575,0,3.1891156462585,0.445402298850575,0.114942528735632,43,FALSE,FALSE
2014,"117","Pasztoi",47.919562,19.6978939,11,26,5,10,0,788,0,4.87516483516484,0.445402298850575,0.364942528735632,44,FALSE,FALSE
2014,"118","Pecsi",46.0713242,18.2331772,5,3,2,2,22750,7860,157.114285714286,50.1942857142857,0.988505747126437,0.988505747126437,4,TRUE,TRUE
2014,"119","Pecsvaradi",46.158114,18.422176,8,20,5,11,0,343,0,4.31685714285714,0.445402298850575,0.232758620689655,45,FALSE,FALSE
2014,"120","Petervasarai",48.017941,20.1019849,8,20,5,11,0,482,0,4.31685714285714,0.445402298850575,0.232758620689655,47,FALSE,FALSE
2014,"121","Pilisvorosvari",47.6212089,18.9111742,13,13,5,5,0,4014,0,20.6971428571429,0.445402298850575,0.85632183908046,48,FALSE,FALSE
2014,"122","Polgari",47.866362,21.1242449,10,21,5,12,0,389,0,3.1891156462585,0.445402298850575,0.114942528735632,49,FALSE,FALSE
2014,"123","Puspokladanyi",47.3176758,21.1165369,11,26,5,10,0,1444,0,4.87516483516484,0.445402298850575,0.364942528735632,50,FALSE,FALSE
2014,"124","Rackevei",47.1611023,18.9455669,13,13,5,5,0,5563,0,20.6971428571429,0.445402298850575,0.85632183908046,51,FALSE,FALSE
2014,"125","Retsagi",47.9278597,19.1372757,6,17,5,9,0,707,0,6.09647058823529,0.445402298850575,0.488505747126437,52,FALSE,FALSE
2014,"126","Salgotarjani",48.0853167,19.7869357,11,26,5,10,0,1800,0,4.87516483516484,0.445402298850575,0.364942528735632,53,FALSE,FALSE
2014,"127","Sarbogardi",46.887769,18.6193289,8,20,5,11,0,555,0,4.31685714285714,0.445402298850575,0.232758620689655,54,FALSE,FALSE
2014,"128","Sarkadi",46.746283,21.3848669,11,26,5,10,0,719,0,4.87516483516484,0.445402298850575,0.364942528735632,55,FALSE,FALSE
2014,"129","Sarospataki",48.318984,21.5663738,11,26,5,10,0,1038,0,4.87516483516484,0.445402298850575,0.364942528735632,24,FALSE,FALSE
2014,"130","Sarvari",47.2540616,16.9352309,8,20,5,11,0,1263,0,4.31685714285714,0.445402298850575,0.232758620689655,57,FALSE,FALSE
2014,"131","Sasdi",46.2548488,18.1060595,12,10,5,13,0,257,0,1.82228571428572,0.445402298850575,0.0258620689655172,58,FALSE,FALSE
2014,"132","Satoraljaujhelyi",48.3941408,21.6559965,11,26,5,10,0,736,0,4.87516483516484,0.445402298850575,0.364942528735632,59,FALSE,FALSE
2014,"133","Sellyei",45.8719698,17.8460989,10,21,5,12,0,251,0,3.1891156462585,0.445402298850575,0.114942528735632,60,FALSE,FALSE
2014,"134","Siklosi",45.852147,18.2988281,10,21,5,12,0,825,0,3.1891156462585,0.445402298850575,0.114942528735632,61,FALSE,FALSE
2014,"135","Siofoki",46.9057439,18.0525018,2,24,5,7,0,1360,0,9.61095238095238,0.445402298850575,0.744252873563218,62,FALSE,FALSE
2014,"136","Sopron-Fertodi",47.684898,16.583053,1,8,3,3,10933,3145,56.9378571428571,26.5442857142857,0.956896551724138,0.956896551724138,10,TRUE,TRUE
2014,"137","Sumegi",46.9775543,17.2819824,11,26,5,10,0,485,0,4.87516483516484,0.445402298850575,0.364942528735632,63,FALSE,FALSE
2014,"138","Szarvasi",46.8595081,20.5595884,6,17,5,9,0,1437,0,6.09647058823529,0.445402298850575,0.488505747126437,21,FALSE,FALSE
2014,"139","Szecsenyi",48.0811488,19.5197217,11,26,5,10,0,526,0,4.87516483516484,0.445402298850575,0.364942528735632,64,FALSE,FALSE
2014,"140","Szegedi",46.2536169,20.1461345,5,3,2,2,27501,8918,157.114285714286,50.1942857142857,0.988505747126437,0.988505747126437,3,TRUE,TRUE
2014,"141","Szeghalomi",47.027309,21.166263,6,17,5,9,0,1004,0,6.09647058823529,0.445402298850575,0.488505747126437,66,FALSE,FALSE
2014,"142","Szekesfehervari",47.1887157,18.4138088,13,13,5,5,0,6139,0,20.6971428571429,0.445402298850575,0.85632183908046,20,TRUE,TRUE
2014,"143","Szekszardi",46.3485623,18.7019205,2,24,5,7,0,3143,0,9.61095238095238,0.445402298850575,0.744252873563218,67,FALSE,FALSE
2014,"144","Szentendrei",47.6734712,19.07254,13,13,5,5,0,4654,0,20.6971428571429,0.445402298850575,0.85632183908046,68,FALSE,FALSE
2014,"145","Szentesi",46.65192,20.2571842,6,17,5,9,0,1296,0,6.09647058823529,0.445402298850575,0.488505747126437,69,FALSE,FALSE
2014,"146","Szentgotthardi",46.9527524,16.2737218,12,10,5,13,0,404,0,1.82228571428572,0.445402298850575,0.0258620689655172,70,FALSE,FALSE
2014,"147","Szentlorinci",46.040211,17.989775,12,10,5,13,0,314,0,1.82228571428572,0.445402298850575,0.0258620689655172,71,FALSE,FALSE
2014,"148","Szerencsi",48.162418,21.205206,8,20,5,11,0,1313,0,4.31685714285714,0.445402298850575,0.232758620689655,72,FALSE,FALSE
2014,"149","Szigetvari",46.0482577,17.8123125,10,21,5,12,0,573,0,3.1891156462585,0.445402298850575,0.114942528735632,73,FALSE,FALSE
2014,"150","Szikszoi",48.1949949,20.9294318,6,17,5,9,0,445,0,6.09647058823529,0.445402298850575,0.488505747126437,75,FALSE,FALSE
2014,"151","Szobi",47.818012,18.8667731,11,26,5,10,0,332,0,4.87516483516484,0.445402298850575,0.364942528735632,76,FALSE,FALSE
2014,"152","Szolnoki",47.174662,20.17628,7,7,4,4,1659,4426,9.21224489795919,24.8530612244898,0.913793103448276,0.913793103448276,15,TRUE,TRUE
2014,"153","Szombathelyi",47.23514,16.6219178,2,24,5,7,0,4001,0,9.61095238095238,0.445402298850575,0.744252873563218,23,FALSE,FALSE
2014,"154","Tabi",46.729486,18.0329558,8,20,5,11,0,294,0,4.31685714285714,0.445402298850575,0.232758620689655,77,FALSE,FALSE
2014,"155","Tamasi",46.6295947,18.2846991,11,26,5,10,0,826,0,4.87516483516484,0.445402298850575,0.364942528735632,78,FALSE,FALSE
2014,"156","Tapolcai",46.88289,17.4413581,11,26,5,10,0,1047,0,4.87516483516484,0.445402298850575,0.364942528735632,79,FALSE,FALSE
2014,"157","Tatabanyai",47.5861869,18.3947662,7,7,4,4,1147,2792,9.21224489795919,24.8530612244898,0.913793103448276,0.913793103448276,16,TRUE,TRUE
2014,"158","Tatai",47.655255,18.3285248,4,24,5,8,0,1430,0,6.77595238095238,0.445402298850575,0.60632183908046,80,FALSE,FALSE
2014,"159","Teti",47.515979,17.5168418,10,21,5,12,0,451,0,3.1891156462585,0.445402298850575,0.114942528735632,81,FALSE,FALSE
2014,"160","Tiszafuredi",47.615345,20.7617821,2,24,5,7,0,908,0,9.61095238095238,0.445402298850575,0.744252873563218,83,FALSE,FALSE
2014,"161","Tiszaujvarosi",47.92291,21.052195,8,20,5,11,0,1237,0,4.31685714285714,0.445402298850575,0.232758620689655,84,FALSE,FALSE
2014,"162","Tiszavasvari",47.9511368,21.3687867,11,26,5,10,0,825,0,4.87516483516484,0.445402298850575,0.364942528735632,85,FALSE,FALSE
2014,"163","Tokaji",48.119994,21.412563,10,21,5,12,0,428,0,3.1891156462585,0.445402298850575,0.114942528735632,86,FALSE,FALSE
2014,"164","Torokszentmiklosi",47.180736,20.4182932,2,24,5,7,0,911,0,9.61095238095238,0.445402298850575,0.744252873563218,87,FALSE,FALSE
2014,"165","Vaci",47.7754454,19.1377076,7,7,4,4,1308,2775,9.21224489795919,24.8530612244898,0.913793103448276,0.913793103448276,17,TRUE,TRUE
2014,"166","Varpalotai",47.1973949,18.1396572,2,24,5,7,0,1033,0,9.61095238095238,0.445402298850575,0.744252873563218,88,FALSE,FALSE
2014,"167","Vasarosnamenyi",48.126772,22.318366,8,20,5,11,0,852,0,4.31685714285714,0.445402298850575,0.232758620689655,89,FALSE,FALSE
2014,"168","Vasvari",47.051087,16.7985158,10,21,5,12,0,281,0,3.1891156462585,0.445402298850575,0.114942528735632,90,FALSE,FALSE
2014,"169","Veresegyhazi",47.65714,19.284962,13,13,5,5,0,1529,0,20.6971428571429,0.445402298850575,0.85632183908046,91,FALSE,FALSE
2014,"170","Veszpremi",47.092967,17.913785,1,8,3,3,9214,3367,56.9378571428571,26.5442857142857,0.956896551724138,0.956896551724138,9,TRUE,TRUE
2014,"171","Zahonyi",48.406999,22.1745391,8,20,5,11,0,685,0,4.31685714285714,0.445402298850575,0.232758620689655,93,FALSE,FALSE
2014,"172","Zalaegerszegi",46.845412,16.8472302,9,1,5,6,0,3277,0,18.7257142857143,0.445402298850575,0.816091954022989,94,FALSE,FALSE
2014,"173","Zalakarosi",46.5605989,17.1230251,8,20,5,11,0,237,0,4.31685714285714,0.445402298850575,0.232758620689655,95,FALSE,FALSE
2014,"174","Zalaszentgroti",46.947143,17.0790458,12,10,5,13,0,432,0,1.82228571428572,0.445402298850575,0.0258620689655172,96,FALSE,FALSE
2014,"175","Zirci",47.2630578,17.8725401,10,21,5,12,0,531,0,3.1891156462585,0.445402298850575,0.114942528735632,97,FALSE,FALSE
2015,"1","Abai",47.028736,18.517633,10,25,4,5,0,580,0,9.53348571428571,0.445402298850575,0.764367816091954,26,FALSE,FALSE
2015,"2","Abauj-Hegykozi",48.471017,21.2741752,8,15,4,8,0,391,0,5.94323809523809,0.445402298850575,0.442528735632184,100,FALSE,FALSE
2015,"3","Adonyi",47.119574,18.8652611,11,21,4,7,0,627,0,6.24462585034014,0.445402298850575,0.545977011494253,109,FALSE,FALSE
2015,"4","Ajkai",47.1068802,17.563957,13,17,4,9,0,981,0,5.56571428571428,0.445402298850575,0.350574712643678,118,FALSE,FALSE
2015,"5","Aszodi",47.6523763,19.4759463,3,15,4,6,0,1342,0,8.56685714285715,0.445402298850575,0.649425287356322,127,FALSE,FALSE
2015,"6","Bacsalmasi",46.123955,19.32633,2,15,4,13,0,397,0,1.944,0.445402298850575,0.0402298850574713,136,FALSE,FALSE
2015,"7","Bajai",46.1834182,18.9538158,1,8,3,4,968,2469,9.065,23.2214285714286,0.916666666666667,0.859195402298851,19,TRUE,TRUE
2015,"8","Baktaloranthazai",47.997697,22.0766029,12,15,4,10,0,1054,0,3.7672380952381,0.445402298850575,0.258620689655172,155,FALSE,FALSE
2015,"9","Balassagyarmati",48.078798,19.2938953,3,15,4,6,0,1391,0,8.56685714285715,0.445402298850575,0.649425287356322,166,FALSE,FALSE
2015,"10","Balatonalmadi",47.0286976,18.0148627,11,21,4,7,0,923,0,6.24462585034014,0.445402298850575,0.545977011494253,27,FALSE,FALSE
2015,"11","Balatonfoldvari",46.8497238,17.8794039,13,17,4,9,0,337,0,5.56571428571428,0.445402298850575,0.350574712643678,36,FALSE,FALSE
2015,"12","Balatonfuredi",46.9564612,17.8889631,8,15,4,8,0,1057,0,5.94323809523809,0.445402298850575,0.442528735632184,46,FALSE,FALSE
2015,"13","Balmazujvarosi",47.612435,21.343577,4,12,4,12,0,777,0,2.4147619047619,0.445402298850575,0.117816091954023,56,FALSE,FALSE
2015,"14","Barcsi",45.959228,17.4666786,4,12,4,12,0,582,0,2.4147619047619,0.445402298850575,0.117816091954023,65,FALSE,FALSE
2015,"15","Batonyterenyei",47.989222,19.828845,10,25,4,5,0,377,0,9.53348571428571,0.445402298850575,0.764367816091954,74,FALSE,FALSE
2015,"16","Bekescsabai",46.6841987,21.0867872,10,25,4,5,0,3192,0,9.53348571428571,0.445402298850575,0.764367816091954,82,FALSE,FALSE
2015,"17","Bekesi",46.6704899,21.0434996,11,21,4,7,0,1247,0,6.24462585034014,0.445402298850575,0.545977011494253,92,FALSE,FALSE
2015,"18","Belapatfalvai",48.052725,20.348591,4,12,4,12,0,290,0,2.4147619047619,0.445402298850575,0.117816091954023,98,FALSE,FALSE
2015,"19","Berettyoujfalui",47.233892,21.5340216,11,21,4,7,0,1389,0,6.24462585034014,0.445402298850575,0.545977011494253,99,FALSE,FALSE
2015,"20","Bicskei",47.490759,18.6362719,10,25,4,5,0,1310,0,9.53348571428571,0.445402298850575,0.764367816091954,101,FALSE,FALSE
2015,"21","Bodrogkozi",48.263291,21.8918689,2,15,4,13,0,270,0,1.944,0.445402298850575,0.0402298850574713,102,FALSE,FALSE
2015,"22","Bonyhadi",46.2986759,18.5305778,11,21,4,7,0,861,0,6.24462585034014,0.445402298850575,0.545977011494253,103,FALSE,FALSE
2015,"23","Budaorsi",47.460753,18.9581146,1,8,3,4,387,5427,9.065,23.2214285714286,0.916666666666667,0.859195402298851,22,FALSE,FALSE
2015,"24","Budapesti",47.4984056,19.0407578,6,1,1,1,190394,80642,1087.96571428572,460.811428571429,1,1,1,TRUE,FALSE
2015,"25","Cegledi",47.1772081,19.7980311,5,10,4,3,0,4252,0,23.8451428571429,0.445402298850575,0.910919540229885,104,FALSE,FALSE
2015,"26","Celldomolki",47.257515,17.1526399,12,15,4,10,0,767,0,3.7672380952381,0.445402298850575,0.258620689655172,105,FALSE,FALSE
2015,"27","Csengeri",47.8350105,22.6822754,2,15,4,13,0,402,0,1.944,0.445402298850575,0.0402298850574713,106,FALSE,FALSE
2015,"28","Csepregi",47.401546,16.7081249,4,12,4,12,0,322,0,2.4147619047619,0.445402298850575,0.117816091954023,107,FALSE,FALSE
2015,"29","Csongradi",46.710833,20.144575,11,21,4,7,0,683,0,6.24462585034014,0.445402298850575,0.545977011494253,108,FALSE,FALSE
2015,"30","Csornai",47.601529,17.249978,9,11,4,11,0,887,0,3.34961038961039,0.445402298850575,0.183908045977011,110,FALSE,FALSE
2015,"31","Csurgoi",46.260776,17.095325,4,12,4,12,0,373,0,2.4147619047619,0.445402298850575,0.117816091954023,111,FALSE,FALSE
2015,"32","Dabasi",47.192283,19.330853,3,15,4,6,0,1031,0,8.56685714285715,0.445402298850575,0.649425287356322,112,FALSE,FALSE
2015,"33","Debreceni",47.5299739,21.6393571,7,10,2,2,31754,9736,90.2525714285716,34.4742857142857,0.968390804597701,0.968390804597701,2,TRUE,TRUE
2015,"34","Derecske-Letavertesi",47.3824608,21.891967,9,11,4,11,0,754,0,3.34961038961039,0.445402298850575,0.183908045977011,113,FALSE,FALSE
2015,"35","Devecseri",47.106397,17.437279,4,12,4,12,0,261,0,2.4147619047619,0.445402298850575,0.117816091954023,114,FALSE,FALSE
2015,"36","Dombovari",46.383295,18.131089,12,15,4,10,0,906,0,3.7672380952381,0.445402298850575,0.258620689655172,115,FALSE,FALSE
2015,"37","Dorogi",47.7197439,18.7287817,3,15,4,6,0,1162,0,8.56685714285715,0.445402298850575,0.649425287356322,116,FALSE,FALSE
2015,"38","Dunakeszi",47.6297228,19.1380528,5,10,4,3,0,3884,0,23.8451428571429,0.445402298850575,0.910919540229885,117,FALSE,FALSE
2015,"39","Dunaujvarosi",46.980668,18.9127069,5,10,4,3,0,2452,0,23.8451428571429,0.445402298850575,0.910919540229885,18,TRUE,TRUE
2015,"40","Edelenyi",48.2966608,20.7442671,11,21,4,7,0,745,0,6.24462585034014,0.445402298850575,0.545977011494253,119,FALSE,FALSE
2015,"41","Egri",47.9031987,20.3731077,7,10,2,2,8565,4164,90.2525714285716,34.4742857142857,0.968390804597701,0.968390804597701,8,TRUE,TRUE
2015,"42","Encsi",48.330768,21.1219603,4,12,4,12,0,616,0,2.4147619047619,0.445402298850575,0.117816091954023,120,FALSE,FALSE
2015,"43","Enyingi",46.9296,18.242978,12,15,4,10,0,347,0,3.7672380952381,0.445402298850575,0.258620689655172,121,FALSE,FALSE
2015,"44","Ercsi",47.24966,18.891059,11,21,4,7,0,685,0,6.24462585034014,0.445402298850575,0.545977011494253,122,FALSE,FALSE
2015,"45","Erdi",47.3783095,18.9217973,5,10,4,3,0,4807,0,23.8451428571429,0.445402298850575,0.910919540229885,123,FALSE,FALSE
2015,"46","Esztergomi",47.793308,18.7419333,11,21,4,7,0,1831,0,6.24462585034014,0.445402298850575,0.545977011494253,25,FALSE,FALSE
2015,"47","Fehergyarmati",47.985063,22.517104,13,17,4,9,0,1207,0,5.56571428571428,0.445402298850575,0.350574712643678,124,FALSE,FALSE
2015,"48","Fonyodi",46.749197,17.5558792,12,15,4,10,0,792,0,3.7672380952381,0.445402298850575,0.258620689655172,125,FALSE,FALSE
2015,"49","Fuzesabonyi",47.750888,20.409611,8,15,4,8,0,862,0,5.94323809523809,0.445402298850575,0.442528735632184,126,FALSE,FALSE
2015,"50","Gardonyi",47.1973503,18.6091412,10,25,4,5,0,824,0,9.53348571428571,0.445402298850575,0.764367816091954,128,FALSE,FALSE
2015,"51","Godolloi",47.5975105,19.3480017,7,10,2,2,15766,5213,90.2525714285716,34.4742857142857,0.968390804597701,0.968390804597701,5,TRUE,TRUE
2015,"52","Gyali",47.3808958,19.215712,10,25,4,5,0,1631,0,9.53348571428571,0.445402298850575,0.764367816091954,129,FALSE,FALSE
2015,"53","Gyongyosi",47.775028,19.9280689,10,25,4,5,0,2806,0,9.53348571428571,0.445402298850575,0.764367816091954,130,FALSE,FALSE
2015,"54","Gyori",47.684051,17.6351011,7,10,2,2,12506,6405,90.2525714285716,34.4742857142857,0.968390804597701,0.968390804597701,6,TRUE,TRUE
2015,"55","Gyulai",46.642498,21.268809,10,25,4,5,0,1594,0,9.53348571428571,0.445402298850575,0.764367816091954,131,FALSE,FALSE
2015,"56","Hajduboszormenyi",47.673238,21.5076172,13,17,4,9,0,1991,0,5.56571428571428,0.445402298850575,0.350574712643678,132,FALSE,FALSE
2015,"57","Hajduhadhazi",47.68197,21.6685631,11,21,4,7,0,1532,0,6.24462585034014,0.445402298850575,0.545977011494253,133,FALSE,FALSE
2015,"58","Hajduszoboszloi",47.443667,21.389719,8,15,4,8,0,1269,0,5.94323809523809,0.445402298850575,0.442528735632184,134,FALSE,FALSE
2015,"59","Hatvani",47.668122,19.669901,3,15,4,6,0,1864,0,8.56685714285715,0.445402298850575,0.649425287356322,135,FALSE,FALSE
2015,"60","Hevesi",47.5945238,20.2882213,8,15,4,8,0,793,0,5.94323809523809,0.445402298850575,0.442528735632184,137,FALSE,FALSE
2015,"61","Hevizi",46.7905869,17.1843866,9,11,4,11,0,500,0,3.34961038961039,0.445402298850575,0.183908045977011,138,FALSE,FALSE
2015,"62","Hodmezovasarhelyi",46.430411,20.3188298,3,15,4,6,0,1825,0,8.56685714285715,0.445402298850575,0.649425287356322,139,FALSE,FALSE
2015,"63","Ibrany-Nagyhalaszi",48.134908,21.7187528,8,15,4,8,0,1159,0,5.94323809523809,0.445402298850575,0.442528735632184,140,FALSE,FALSE
2015,"64","Janoshalmai",46.2967401,19.3228798,4,12,4,12,0,519,0,2.4147619047619,0.445402298850575,0.117816091954023,141,FALSE,FALSE
2015,"65","Jaszberenyi",47.5006181,19.9147188,5,10,4,3,0,2716,0,23.8451428571429,0.445402298850575,0.910919540229885,142,FALSE,FALSE
2015,"66","Kadarkuti",46.2311466,17.6157102,13,17,4,9,0,525,0,5.56571428571428,0.445402298850575,0.350574712643678,143,FALSE,FALSE
2015,"67","Kalocsai",46.5334145,18.9856969,11,21,4,7,0,1543,0,6.24462585034014,0.445402298850575,0.545977011494253,144,FALSE,FALSE
2015,"68","Kaposvari",46.36653,17.782483,7,10,2,2,8630,3214,90.2525714285716,34.4742857142857,0.968390804597701,0.968390804597701,12,TRUE,TRUE
2015,"69","Kapuvar-Beledi",47.5935568,17.0249715,4,12,4,12,0,477,0,2.4147619047619,0.445402298850575,0.117816091954023,145,FALSE,FALSE
2015,"70","Karcagi",47.316632,20.9220631,8,15,4,8,0,1182,0,5.94323809523809,0.445402298850575,0.442528735632184,146,FALSE,FALSE
2015,"71","Kazincbarcikai",48.25317,20.6456512,13,17,4,9,0,1632,0,5.56571428571428,0.445402298850575,0.350574712643678,147,FALSE,FALSE
2015,"72","Kecskemeti",46.9062092,19.6899774,1,8,3,4,380,6604,9.065,23.2214285714286,0.916666666666667,0.859195402298851,14,TRUE,TRUE
2015,"73","Keszthelyi",46.7695893,17.2481444,10,25,4,5,0,1353,0,9.53348571428571,0.445402298850575,0.764367816091954,148,FALSE,FALSE
2015,"74","Kisberi",47.501673,18.0269161,12,15,4,10,0,514,0,3.7672380952381,0.445402298850575,0.258620689655172,149,FALSE,FALSE
2015,"75","Kiskorosi",46.620386,19.283827,10,25,4,5,0,1762,0,9.53348571428571,0.445402298850575,0.764367816091954,150,FALSE,FALSE
2015,"76","Kiskunfelegyhazai",46.7050953,19.8499199,3,15,4,6,0,1600,0,8.56685714285715,0.445402298850575,0.649425287356322,151,FALSE,FALSE
2015,"77","Kiskunhalasi",46.432037,19.4885269,8,15,4,8,0,1419,0,5.94323809523809,0.445402298850575,0.442528735632184,152,FALSE,FALSE
2015,"78","Kiskunmajsai",46.492344,19.7368448,9,11,4,11,0,630,0,3.34961038961039,0.445402298850575,0.183908045977011,153,FALSE,FALSE
2015,"79","Kisteleki",46.4696447,19.9803972,13,17,4,9,0,425,0,5.56571428571428,0.445402298850575,0.350574712643678,154,FALSE,FALSE
2015,"80","Kisvardai",48.2264002,22.0846211,11,21,4,7,0,2193,0,6.24462585034014,0.445402298850575,0.545977011494253,156,FALSE,FALSE
2015,"81","Komaromi",47.7434248,18.1191064,13,17,4,9,0,1164,0,5.56571428571428,0.445402298850575,0.350574712643678,157,FALSE,FALSE
2015,"82","Komloi",47.600636,20.445412,13,17,4,9,0,819,0,5.56571428571428,0.445402298850575,0.350574712643678,158,FALSE,FALSE
2015,"83","Kormendi",47.011113,16.6057156,2,15,4,13,0,607,0,1.944,0.445402298850575,0.0402298850574713,159,FALSE,FALSE
2015,"84","Koszegi",47.381935,16.552229,9,11,4,11,0,557,0,3.34961038961039,0.445402298850575,0.183908045977011,160,FALSE,FALSE
2015,"85","Kunszentmartoni",46.841082,20.287233,3,15,4,6,0,881,0,8.56685714285715,0.445402298850575,0.649425287356322,161,FALSE,FALSE
2015,"86","Kunszentmiklosi",47.026444,19.1227831,10,25,4,5,0,754,0,9.53348571428571,0.445402298850575,0.764367816091954,162,FALSE,FALSE
2015,"87","Lengyeltoti",46.667049,17.6407711,2,15,4,13,0,205,0,1.944,0.445402298850575,0.0402298850574713,163,FALSE,FALSE
2015,"88","Lenti",46.623785,16.546001,8,15,4,8,0,588,0,5.94323809523809,0.445402298850575,0.442528735632184,164,FALSE,FALSE
2015,"89","Letenyei",46.4337456,16.7221882,2,15,4,13,0,437,0,1.944,0.445402298850575,0.0402298850574713,165,FALSE,FALSE
2015,"90","Makoi",46.21498,20.47513,10,25,4,5,0,1290,0,9.53348571428571,0.445402298850575,0.764367816091954,167,FALSE,FALSE
2015,"91","Marcali",46.582815,17.4119018,13,17,4,9,0,849,0,5.56571428571428,0.445402298850575,0.350574712643678,168,FALSE,FALSE
2015,"92","Mateszalkai",47.943265,22.316904,10,25,4,5,0,1858,0,9.53348571428571,0.445402298850575,0.764367816091954,169,FALSE,FALSE
2015,"93","Mezocsati",47.823541,20.9028038,2,15,4,13,0,298,0,1.944,0.445402298850575,0.0402298850574713,170,FALSE,FALSE
2015,"94","Mezokovacshazai",46.4071834,20.9241681,11,21,4,7,0,952,0,6.24462585034014,0.445402298850575,0.545977011494253,171,FALSE,FALSE
2015,"95","Mezokovesdi",47.8068796,20.5650907,13,17,4,9,0,1407,0,5.56571428571428,0.445402298850575,0.350574712643678,172,FALSE,FALSE
2015,"96","Mezoturi",47.00278,20.618465,10,25,4,5,0,902,0,9.53348571428571,0.445402298850575,0.764367816091954,173,FALSE,FALSE
2015,"97","Miskolci",48.1043854,20.7913563,7,10,2,2,9882,8359,90.2525714285716,34.4742857142857,0.968390804597701,0.968390804597701,7,TRUE,TRUE
2015,"98","Mohacsi",45.9959241,18.6798279,8,15,4,8,0,1295,0,5.94323809523809,0.445402298850575,0.442528735632184,174,FALSE,FALSE
2015,"99","Monori",47.34754,19.448946,5,10,4,3,0,3588,0,23.8451428571429,0.445402298850575,0.910919540229885,175,FALSE,FALSE
2015,"100","Morahalomi",46.217922,19.883719,12,15,4,10,0,823,0,3.7672380952381,0.445402298850575,0.258620689655172,28,FALSE,FALSE
2015,"101","Mori",47.3717781,18.2085973,11,21,4,7,0,1150,0,6.24462585034014,0.445402298850575,0.545977011494253,29,FALSE,FALSE
2015,"102","Mosonmagyarovari",47.8744063,17.2693897,3,15,4,6,0,2039,0,8.56685714285715,0.445402298850575,0.649425287356322,30,FALSE,FALSE
2015,"103","Nagyatadi",46.23001,17.3574429,12,15,4,10,0,723,0,3.7672380952381,0.445402298850575,0.258620689655172,31,FALSE,FALSE
2015,"104","Nagykalloi",47.875519,21.8460521,8,15,4,8,0,1514,0,5.94323809523809,0.445402298850575,0.442528735632184,32,FALSE,FALSE
2015,"105","Nagykanizsai",46.455237,16.9953419,10,25,4,5,0,2203,0,9.53348571428571,0.445402298850575,0.764367816091954,33,FALSE,FALSE
2015,"106","Nagykatai",47.4181175,19.7422453,3,15,4,6,0,1865,0,8.56685714285715,0.445402298850575,0.649425287356322,34,FALSE,FALSE
2015,"107","Nyirbatori",47.835414,22.130289,11,21,4,7,0,1397,0,6.24462585034014,0.445402298850575,0.545977011494253,35,FALSE,FALSE
2015,"108","Nyiregyhazai",47.9532583,21.7264647,1,8,3,4,5151,6186,9.065,23.2214285714286,0.916666666666667,0.859195402298851,11,TRUE,TRUE
2015,"109","Oroshazai",46.5615338,20.6619204,1,8,3,4,1889,1787,9.065,23.2214285714286,0.916666666666667,0.859195402298851,13,TRUE,TRUE
2015,"110","Oroszlanyi",47.4943329,18.3215448,10,25,4,5,0,873,0,9.53348571428571,0.445402298850575,0.764367816091954,37,FALSE,FALSE
2015,"111","Ozdi",48.2195564,20.2869186,13,17,4,9,0,1263,0,5.56571428571428,0.445402298850575,0.350574712643678,38,FALSE,FALSE
2015,"112","Oriszentpeteri",46.838954,16.4211574,2,15,4,13,0,158,0,1.944,0.445402298850575,0.0402298850574713,39,FALSE,FALSE
2015,"113","Pacsai",46.7226412,17.0096878,4,12,4,12,0,225,0,2.4147619047619,0.445402298850575,0.117816091954023,40,FALSE,FALSE
2015,"114","Paksi",46.626368,18.8652409,10,25,4,5,0,1790,0,9.53348571428571,0.445402298850575,0.764367816091954,41,FALSE,FALSE
2015,"115","Pannonhalmai",47.55021,17.754228,13,17,4,9,0,601,0,5.56571428571428,0.445402298850575,0.350574712643678,42,FALSE,FALSE
2015,"116","Papai",47.3308153,17.4660302,10,25,4,5,0,1627,0,9.53348571428571,0.445402298850575,0.764367816091954,43,FALSE,FALSE
2015,"117","Pasztoi",47.919562,19.6978939,13,17,4,9,0,840,0,5.56571428571428,0.445402298850575,0.350574712643678,44,FALSE,FALSE
2015,"118","Pecsi",46.0713242,18.2331772,7,10,2,2,22747,7393,90.2525714285716,34.4742857142857,0.968390804597701,0.968390804597701,4,TRUE,TRUE
2015,"119","Pecsvaradi",46.158114,18.422176,9,11,4,11,0,321,0,3.34961038961039,0.445402298850575,0.183908045977011,45,FALSE,FALSE
2015,"120","Petervasarai",48.017941,20.1019849,9,11,4,11,0,337,0,3.34961038961039,0.445402298850575,0.183908045977011,47,FALSE,FALSE
2015,"121","Pilisvorosvari",47.6212089,18.9111742,5,10,4,3,0,3972,0,23.8451428571429,0.445402298850575,0.910919540229885,48,FALSE,FALSE
2015,"122","Polgari",47.866362,21.1242449,4,12,4,12,0,369,0,2.4147619047619,0.445402298850575,0.117816091954023,49,FALSE,FALSE
2015,"123","Puspokladanyi",47.3176758,21.1165369,11,21,4,7,0,1326,0,6.24462585034014,0.445402298850575,0.545977011494253,50,FALSE,FALSE
2015,"124","Rackevei",47.1611023,18.9455669,5,10,4,3,0,5521,0,23.8451428571429,0.445402298850575,0.910919540229885,51,FALSE,FALSE
2015,"125","Retsagi",47.9278597,19.1372757,10,25,4,5,0,647,0,9.53348571428571,0.445402298850575,0.764367816091954,52,FALSE,FALSE
2015,"126","Salgotarjani",48.0853167,19.7869357,3,15,4,6,0,1878,0,8.56685714285715,0.445402298850575,0.649425287356322,53,FALSE,FALSE
2015,"127","Sarbogardi",46.887769,18.6193289,11,21,4,7,0,562,0,6.24462585034014,0.445402298850575,0.545977011494253,54,FALSE,FALSE
2015,"128","Sarkadi",46.746283,21.3848669,12,15,4,10,0,555,0,3.7672380952381,0.445402298850575,0.258620689655172,55,FALSE,FALSE
2015,"129","Sarospataki",48.318984,21.5663738,13,17,4,9,0,849,0,5.56571428571428,0.445402298850575,0.350574712643678,24,FALSE,FALSE
2015,"130","Sarvari",47.2540616,16.9352309,9,11,4,11,0,1077,0,3.34961038961039,0.445402298850575,0.183908045977011,57,FALSE,FALSE
2015,"131","Sasdi",46.2548488,18.1060595,2,15,4,13,0,293,0,1.944,0.445402298850575,0.0402298850574713,58,FALSE,FALSE
2015,"132","Satoraljaujhelyi",48.3941408,21.6559965,12,15,4,10,0,822,0,3.7672380952381,0.445402298850575,0.258620689655172,59,FALSE,FALSE
2015,"133","Sellyei",45.8719698,17.8460989,2,15,4,13,0,204,0,1.944,0.445402298850575,0.0402298850574713,60,FALSE,FALSE
2015,"134","Siklosi",45.852147,18.2988281,8,15,4,8,0,754,0,5.94323809523809,0.445402298850575,0.442528735632184,61,FALSE,FALSE
2015,"135","Siofoki",46.9057439,18.0525018,3,15,4,6,0,1189,0,8.56685714285715,0.445402298850575,0.649425287356322,62,FALSE,FALSE
2015,"136","Sopron-Fertodi",47.684898,16.583053,7,10,2,2,10331,3067,90.2525714285716,34.4742857142857,0.968390804597701,0.968390804597701,10,TRUE,TRUE
2015,"137","Sumegi",46.9775543,17.2819824,2,15,4,13,0,393,0,1.944,0.445402298850575,0.0402298850574713,63,FALSE,FALSE
2015,"138","Szarvasi",46.8595081,20.5595884,3,15,4,6,0,1420,0,8.56685714285715,0.445402298850575,0.649425287356322,21,FALSE,FALSE
2015,"139","Szecsenyi",48.0811488,19.5197217,9,11,4,11,0,414,0,3.34961038961039,0.445402298850575,0.183908045977011,64,FALSE,FALSE
2015,"140","Szegedi",46.2536169,20.1461345,7,10,2,2,28610,9193,90.2525714285716,34.4742857142857,0.968390804597701,0.968390804597701,3,TRUE,TRUE
2015,"141","Szeghalomi",47.027309,21.166263,8,15,4,8,0,1057,0,5.94323809523809,0.445402298850575,0.442528735632184,66,FALSE,FALSE
2015,"142","Szekesfehervari",47.1887157,18.4138088,5,10,4,3,0,5899,0,23.8451428571429,0.445402298850575,0.910919540229885,20,TRUE,TRUE
2015,"143","Szekszardi",46.3485623,18.7019205,10,25,4,5,0,3247,0,9.53348571428571,0.445402298850575,0.764367816091954,67,FALSE,FALSE
2015,"144","Szentendrei",47.6734712,19.07254,5,10,4,3,0,4638,0,23.8451428571429,0.445402298850575,0.910919540229885,68,FALSE,FALSE
2015,"145","Szentesi",46.65192,20.2571842,3,15,4,6,0,1373,0,8.56685714285715,0.445402298850575,0.649425287356322,69,FALSE,FALSE
2015,"146","Szentgotthardi",46.9527524,16.2737218,2,15,4,13,0,444,0,1.944,0.445402298850575,0.0402298850574713,70,FALSE,FALSE
2015,"147","Szentlorinci",46.040211,17.989775,2,15,4,13,0,332,0,1.944,0.445402298850575,0.0402298850574713,71,FALSE,FALSE
2015,"148","Szerencsi",48.162418,21.205206,11,21,4,7,0,1163,0,6.24462585034014,0.445402298850575,0.545977011494253,72,FALSE,FALSE
2015,"149","Szigetvari",46.0482577,17.8123125,9,11,4,11,0,516,0,3.34961038961039,0.445402298850575,0.183908045977011,73,FALSE,FALSE
2015,"150","Szikszoi",48.1949949,20.9294318,2,15,4,13,0,436,0,1.944,0.445402298850575,0.0402298850574713,75,FALSE,FALSE
2015,"151","Szobi",47.818012,18.8667731,11,21,4,7,0,333,0,6.24462585034014,0.445402298850575,0.545977011494253,76,FALSE,FALSE
2015,"152","Szolnoki",47.174662,20.17628,1,8,3,4,1597,4278,9.065,23.2214285714286,0.916666666666667,0.859195402298851,15,TRUE,TRUE
2015,"153","Szombathelyi",47.23514,16.6219178,10,25,4,5,0,4122,0,9.53348571428571,0.445402298850575,0.764367816091954,23,FALSE,FALSE
2015,"154","Tabi",46.729486,18.0329558,2,15,4,13,0,227,0,1.944,0.445402298850575,0.0402298850574713,77,FALSE,FALSE
2015,"155","Tamasi",46.6295947,18.2846991,11,21,4,7,0,863,0,6.24462585034014,0.445402298850575,0.545977011494253,78,FALSE,FALSE
2015,"156","Tapolcai",46.88289,17.4413581,8,15,4,8,0,1049,0,5.94323809523809,0.445402298850575,0.442528735632184,79,FALSE,FALSE
2015,"157","Tatabanyai",47.5861869,18.3947662,1,8,3,4,908,3078,9.065,23.2214285714286,0.916666666666667,0.859195402298851,16,TRUE,TRUE
2015,"158","Tatai",47.655255,18.3285248,10,25,4,5,0,1670,0,9.53348571428571,0.445402298850575,0.764367816091954,80,FALSE,FALSE
2015,"159","Teti",47.515979,17.5168418,9,11,4,11,0,455,0,3.34961038961039,0.445402298850575,0.183908045977011,81,FALSE,FALSE
2015,"160","Tiszafuredi",47.615345,20.7617821,10,25,4,5,0,926,0,9.53348571428571,0.445402298850575,0.764367816091954,83,FALSE,FALSE
2015,"161","Tiszaujvarosi",47.92291,21.052195,8,15,4,8,0,1212,0,5.94323809523809,0.445402298850575,0.442528735632184,84,FALSE,FALSE
2015,"162","Tiszavasvari",47.9511368,21.3687867,13,17,4,9,0,967,0,5.56571428571428,0.445402298850575,0.350574712643678,85,FALSE,FALSE
2015,"163","Tokaji",48.119994,21.412563,12,15,4,10,0,356,0,3.7672380952381,0.445402298850575,0.258620689655172,86,FALSE,FALSE
2015,"164","Torokszentmiklosi",47.180736,20.4182932,11,21,4,7,0,944,0,6.24462585034014,0.445402298850575,0.545977011494253,87,FALSE,FALSE
2015,"165","Vaci",47.7754454,19.1377076,1,8,3,4,1411,2681,9.065,23.2214285714286,0.916666666666667,0.859195402298851,17,TRUE,TRUE
2015,"166","Varpalotai",47.1973949,18.1396572,10,25,4,5,0,933,0,9.53348571428571,0.445402298850575,0.764367816091954,88,FALSE,FALSE
2015,"167","Vasarosnamenyi",48.126772,22.318366,12,15,4,10,0,934,0,3.7672380952381,0.445402298850575,0.258620689655172,89,FALSE,FALSE
2015,"168","Vasvari",47.051087,16.7985158,12,15,4,10,0,351,0,3.7672380952381,0.445402298850575,0.258620689655172,90,FALSE,FALSE
2015,"169","Veresegyhazi",47.65714,19.284962,3,15,4,6,0,1628,0,8.56685714285715,0.445402298850575,0.649425287356322,91,FALSE,FALSE
2015,"170","Veszpremi",47.092967,17.913785,7,10,2,2,9151,3586,90.2525714285716,34.4742857142857,0.968390804597701,0.968390804597701,9,TRUE,TRUE
2015,"171","Zahonyi",48.406999,22.1745391,13,17,4,9,0,701,0,5.56571428571428,0.445402298850575,0.350574712643678,93,FALSE,FALSE
2015,"172","Zalaegerszegi",46.845412,16.8472302,10,25,4,5,0,3438,0,9.53348571428571,0.445402298850575,0.764367816091954,94,FALSE,FALSE
2015,"173","Zalakarosi",46.5605989,17.1230251,4,12,4,12,0,260,0,2.4147619047619,0.445402298850575,0.117816091954023,95,FALSE,FALSE
2015,"174","Zalaszentgroti",46.947143,17.0790458,12,15,4,10,0,370,0,3.7672380952381,0.445402298850575,0.258620689655172,96,FALSE,FALSE
2015,"175","Zirci",47.2630578,17.8725401,12,15,4,10,0,575,0,3.7672380952381,0.445402298850575,0.258620689655172,97,FALSE,FALSE
2016,"1","Abai",47.028736,18.517633,3,19,5,10,0,581,0,5.58556390977444,0.442528735632184,0.373563218390805,26,FALSE,FALSE
2016,"2","Abauj-Hegykozi",48.471017,21.2741752,3,19,5,10,0,399,0,5.58556390977444,0.442528735632184,0.373563218390805,100,FALSE,FALSE
2016,"3","Adonyi",47.119574,18.8652611,1,15,5,7,0,614,0,8.06361904761905,0.442528735632184,0.689655172413793,109,FALSE,FALSE
2016,"4","Ajkai",47.1068802,17.563957,2,12,5,9,0,1135,0,5.77,0.442528735632184,0.46264367816092,118,FALSE,FALSE
2016,"5","Aszodi",47.6523763,19.4759463,4,26,5,8,0,1178,0,6.89318681318681,0.442528735632184,0.57183908045977,127,FALSE,FALSE
2016,"6","Bacsalmasi",46.123955,19.32633,2,12,5,9,0,376,0,5.77,0.442528735632184,0.46264367816092,136,FALSE,FALSE
2016,"7","Bajai",46.1834182,18.9538158,8,7,4,3,1091,2426,9.53142857142858,25.1942857142857,0.908045977011494,0.948275862068966,19,TRUE,TRUE
2016,"8","Baktaloranthazai",47.997697,22.0766029,3,19,5,10,0,1016,0,5.58556390977444,0.442528735632184,0.373563218390805,155,FALSE,FALSE
2016,"9","Balassagyarmati",48.078798,19.2938953,11,16,5,6,0,1298,0,8.27857142857143,0.442528735632184,0.778735632183908,166,FALSE,FALSE
2016,"10","Balatonalmadi",47.0286976,18.0148627,2,12,5,9,0,989,0,5.77,0.442528735632184,0.46264367816092,27,FALSE,FALSE
2016,"11","Balatonfoldvari",46.8497238,17.8794039,9,13,5,11,0,293,0,4.35076923076923,0.442528735632184,0.281609195402299,36,FALSE,FALSE
2016,"12","Balatonfuredi",46.9564612,17.8889631,2,12,5,9,0,917,0,5.77,0.442528735632184,0.46264367816092,46,FALSE,FALSE
2016,"13","Balmazujvarosi",47.612435,21.343577,6,25,5,12,0,788,0,3.312,0.442528735632184,0.172413793103448,56,FALSE,FALSE
2016,"14","Barcsi",45.959228,17.4666786,6,25,5,12,0,515,0,3.312,0.442528735632184,0.172413793103448,65,FALSE,FALSE
2016,"15","Batonyterenyei",47.989222,19.828845,4,26,5,8,0,430,0,6.89318681318681,0.442528735632184,0.57183908045977,74,FALSE,FALSE
2016,"16","Bekescsabai",46.6841987,21.0867872,10,11,5,4,0,3231,0,24.0124675324675,0.442528735632184,0.896551724137931,82,FALSE,FALSE
2016,"17","Bekesi",46.6704899,21.0434996,4,26,5,8,0,1334,0,6.89318681318681,0.442528735632184,0.57183908045977,92,FALSE,FALSE
2016,"18","Belapatfalvai",48.052725,20.348591,6,25,5,12,0,350,0,3.312,0.442528735632184,0.172413793103448,98,FALSE,FALSE
2016,"19","Berettyoujfalui",47.233892,21.5340216,3,19,5,10,0,1285,0,5.58556390977444,0.442528735632184,0.373563218390805,99,FALSE,FALSE
2016,"20","Bicskei",47.490759,18.6362719,1,15,5,7,0,1301,0,8.06361904761905,0.442528735632184,0.689655172413793,101,FALSE,FALSE
2016,"21","Bodrogkozi",48.263291,21.8918689,13,18,5,13,0,280,0,1.92793650793651,0.442528735632184,0.0488505747126437,102,FALSE,FALSE
2016,"22","Bonyhadi",46.2986759,18.5305778,4,26,5,8,0,737,0,6.89318681318681,0.442528735632184,0.57183908045977,103,FALSE,FALSE
2016,"23","Budaorsi",47.460753,18.9581146,8,7,4,3,355,5593,9.53142857142858,25.1942857142857,0.908045977011494,0.948275862068966,22,FALSE,FALSE
2016,"24","Budapesti",47.4984056,19.0407578,7,1,1,1,182665,80081,1043.8,457.605714285714,1,1,1,TRUE,FALSE
2016,"25","Cegledi",47.1772081,19.7980311,10,11,5,4,0,3913,0,24.0124675324675,0.442528735632184,0.896551724137931,104,FALSE,FALSE
2016,"26","Celldomolki",47.257515,17.1526399,6,25,5,12,0,676,0,3.312,0.442528735632184,0.172413793103448,105,FALSE,FALSE
2016,"27","Csengeri",47.8350105,22.6822754,6,25,5,12,0,380,0,3.312,0.442528735632184,0.172413793103448,106,FALSE,FALSE
2016,"28","Csepregi",47.401546,16.7081249,6,25,5,12,0,276,0,3.312,0.442528735632184,0.172413793103448,107,FALSE,FALSE
2016,"29","Csongradi",46.710833,20.144575,1,15,5,7,0,672,0,8.06361904761905,0.442528735632184,0.689655172413793,108,FALSE,FALSE
2016,"30","Csornai",47.601529,17.249978,3,19,5,10,0,987,0,5.58556390977444,0.442528735632184,0.373563218390805,110,FALSE,FALSE
2016,"31","Csurgoi",46.260776,17.095325,6,25,5,12,0,482,0,3.312,0.442528735632184,0.172413793103448,111,FALSE,FALSE
2016,"32","Dabasi",47.192283,19.330853,11,16,5,6,0,1006,0,8.27857142857143,0.442528735632184,0.778735632183908,112,FALSE,FALSE
2016,"33","Debreceni",47.5299739,21.6393571,5,5,2,2,29528,9851,131.058285714286,43.5862857142857,0.982758620689655,0.982758620689655,2,TRUE,TRUE
2016,"34","Derecske-Letavertesi",47.3824608,21.891967,6,25,5,12,0,834,0,3.312,0.442528735632184,0.172413793103448,113,FALSE,FALSE
2016,"35","Devecseri",47.106397,17.437279,9,13,5,11,0,297,0,4.35076923076923,0.442528735632184,0.281609195402299,114,FALSE,FALSE
2016,"36","Dombovari",46.383295,18.131089,9,13,5,11,0,1008,0,4.35076923076923,0.442528735632184,0.281609195402299,115,FALSE,FALSE
2016,"37","Dorogi",47.7197439,18.7287817,2,12,5,9,0,1239,0,5.77,0.442528735632184,0.46264367816092,116,FALSE,FALSE
2016,"38","Dunakeszi",47.6297228,19.1380528,10,11,5,4,0,3865,0,24.0124675324675,0.442528735632184,0.896551724137931,117,FALSE,FALSE
2016,"39","Dunaujvarosi",46.980668,18.9127069,12,7,3,5,2363,2442,40.2857142857143,21.3877551020408,0.948275862068966,0.844827586206897,18,TRUE,TRUE
2016,"40","Edelenyi",48.2966608,20.7442671,4,26,5,8,0,863,0,6.89318681318681,0.442528735632184,0.57183908045977,119,FALSE,FALSE
2016,"41","Egri",47.9031987,20.3731077,12,7,3,5,9800,4006,40.2857142857143,21.3877551020408,0.948275862068966,0.844827586206897,8,TRUE,TRUE
2016,"42","Encsi",48.330768,21.1219603,6,25,5,12,0,590,0,3.312,0.442528735632184,0.172413793103448,120,FALSE,FALSE
2016,"43","Enyingi",46.9296,18.242978,4,26,5,8,0,464,0,6.89318681318681,0.442528735632184,0.57183908045977,121,FALSE,FALSE
2016,"44","Ercsi",47.24966,18.891059,11,16,5,6,0,752,0,8.27857142857143,0.442528735632184,0.778735632183908,122,FALSE,FALSE
2016,"45","Erdi",47.3783095,18.9217973,10,11,5,4,0,4947,0,24.0124675324675,0.442528735632184,0.896551724137931,123,FALSE,FALSE
2016,"46","Esztergomi",47.793308,18.7419333,11,16,5,6,0,1984,0,8.27857142857143,0.442528735632184,0.778735632183908,25,FALSE,FALSE
2016,"47","Fehergyarmati",47.985063,22.517104,3,19,5,10,0,1051,0,5.58556390977444,0.442528735632184,0.373563218390805,124,FALSE,FALSE
2016,"48","Fonyodi",46.749197,17.5558792,9,13,5,11,0,778,0,4.35076923076923,0.442528735632184,0.281609195402299,125,FALSE,FALSE
2016,"49","Fuzesabonyi",47.750888,20.409611,2,12,5,9,0,784,0,5.77,0.442528735632184,0.46264367816092,126,FALSE,FALSE
2016,"50","Gardonyi",47.1973503,18.6091412,11,16,5,6,0,903,0,8.27857142857143,0.442528735632184,0.778735632183908,128,FALSE,FALSE
2016,"51","Godolloi",47.5975105,19.3480017,5,5,2,2,18298,5542,131.058285714286,43.5862857142857,0.982758620689655,0.982758620689655,5,TRUE,TRUE
2016,"52","Gyali",47.3808958,19.215712,11,16,5,6,0,1664,0,8.27857142857143,0.442528735632184,0.778735632183908,129,FALSE,FALSE
2016,"53","Gyongyosi",47.775028,19.9280689,1,15,5,7,0,2931,0,8.06361904761905,0.442528735632184,0.689655172413793,130,FALSE,FALSE
2016,"54","Gyori",47.684051,17.6351011,5,5,2,2,15589,6338,131.058285714286,43.5862857142857,0.982758620689655,0.982758620689655,6,TRUE,TRUE
2016,"55","Gyulai",46.642498,21.268809,11,16,5,6,0,1606,0,8.27857142857143,0.442528735632184,0.778735632183908,131,FALSE,FALSE
2016,"56","Hajduboszormenyi",47.673238,21.5076172,3,19,5,10,0,1962,0,5.58556390977444,0.442528735632184,0.373563218390805,132,FALSE,FALSE
2016,"57","Hajduhadhazi",47.68197,21.6685631,3,19,5,10,0,1485,0,5.58556390977444,0.442528735632184,0.373563218390805,133,FALSE,FALSE
2016,"58","Hajduszoboszloi",47.443667,21.389719,9,13,5,11,0,1119,0,4.35076923076923,0.442528735632184,0.281609195402299,134,FALSE,FALSE
2016,"59","Hatvani",47.668122,19.669901,4,26,5,8,0,1742,0,6.89318681318681,0.442528735632184,0.57183908045977,135,FALSE,FALSE
2016,"60","Hevesi",47.5945238,20.2882213,3,19,5,10,0,824,0,5.58556390977444,0.442528735632184,0.373563218390805,137,FALSE,FALSE
2016,"61","Hevizi",46.7905869,17.1843866,13,18,5,13,0,424,0,1.92793650793651,0.442528735632184,0.0488505747126437,138,FALSE,FALSE
2016,"62","Hodmezovasarhelyi",46.430411,20.3188298,4,26,5,8,0,1787,0,6.89318681318681,0.442528735632184,0.57183908045977,139,FALSE,FALSE
2016,"63","Ibrany-Nagyhalaszi",48.134908,21.7187528,4,26,5,8,0,1146,0,6.89318681318681,0.442528735632184,0.57183908045977,140,FALSE,FALSE
2016,"64","Janoshalmai",46.2967401,19.3228798,6,25,5,12,0,467,0,3.312,0.442528735632184,0.172413793103448,141,FALSE,FALSE
2016,"65","Jaszberenyi",47.5006181,19.9147188,11,16,5,6,0,2590,0,8.27857142857143,0.442528735632184,0.778735632183908,142,FALSE,FALSE
2016,"66","Kadarkuti",46.2311466,17.6157102,9,13,5,11,0,524,0,4.35076923076923,0.442528735632184,0.281609195402299,143,FALSE,FALSE
2016,"67","Kalocsai",46.5334145,18.9856969,1,15,5,7,0,1578,0,8.06361904761905,0.442528735632184,0.689655172413793,144,FALSE,FALSE
2016,"68","Kaposvari",46.36653,17.782483,12,7,3,5,8981,3231,40.2857142857143,21.3877551020408,0.948275862068966,0.844827586206897,12,TRUE,TRUE
2016,"69","Kapuvar-Beledi",47.5935568,17.0249715,6,25,5,12,0,569,0,3.312,0.442528735632184,0.172413793103448,145,FALSE,FALSE
2016,"70","Karcagi",47.316632,20.9220631,1,15,5,7,0,1200,0,8.06361904761905,0.442528735632184,0.689655172413793,146,FALSE,FALSE
2016,"71","Kazincbarcikai",48.25317,20.6456512,2,12,5,9,0,1572,0,5.77,0.442528735632184,0.46264367816092,147,FALSE,FALSE
2016,"72","Kecskemeti",46.9062092,19.6899774,8,7,4,3,474,6445,9.53142857142858,25.1942857142857,0.908045977011494,0.948275862068966,14,TRUE,TRUE
2016,"73","Keszthelyi",46.7695893,17.2481444,4,26,5,8,0,1150,0,6.89318681318681,0.442528735632184,0.57183908045977,148,FALSE,FALSE
2016,"74","Kisberi",47.501673,18.0269161,1,15,5,7,0,504,0,8.06361904761905,0.442528735632184,0.689655172413793,149,FALSE,FALSE
2016,"75","Kiskorosi",46.620386,19.283827,11,16,5,6,0,1722,0,8.27857142857143,0.442528735632184,0.778735632183908,150,FALSE,FALSE
2016,"76","Kiskunfelegyhazai",46.7050953,19.8499199,4,26,5,8,0,1342,0,6.89318681318681,0.442528735632184,0.57183908045977,151,FALSE,FALSE
2016,"77","Kiskunhalasi",46.432037,19.4885269,11,16,5,6,0,1487,0,8.27857142857143,0.442528735632184,0.778735632183908,152,FALSE,FALSE
2016,"78","Kiskunmajsai",46.492344,19.7368448,2,12,5,9,0,560,0,5.77,0.442528735632184,0.46264367816092,153,FALSE,FALSE
2016,"79","Kisteleki",46.4696447,19.9803972,13,18,5,13,0,511,0,1.92793650793651,0.442528735632184,0.0488505747126437,154,FALSE,FALSE
2016,"80","Kisvardai",48.2264002,22.0846211,1,15,5,7,0,2415,0,8.06361904761905,0.442528735632184,0.689655172413793,156,FALSE,FALSE
2016,"81","Komaromi",47.7434248,18.1191064,4,26,5,8,0,1044,0,6.89318681318681,0.442528735632184,0.57183908045977,157,FALSE,FALSE
2016,"82","Komloi",47.600636,20.445412,3,19,5,10,0,868,0,5.58556390977444,0.442528735632184,0.373563218390805,158,FALSE,FALSE
2016,"83","Kormendi",47.011113,16.6057156,13,18,5,13,0,488,0,1.92793650793651,0.442528735632184,0.0488505747126437,159,FALSE,FALSE
2016,"84","Koszegi",47.381935,16.552229,6,25,5,12,0,451,0,3.312,0.442528735632184,0.172413793103448,160,FALSE,FALSE
2016,"85","Kunszentmartoni",46.841082,20.287233,1,15,5,7,0,856,0,8.06361904761905,0.442528735632184,0.689655172413793,161,FALSE,FALSE
2016,"86","Kunszentmiklosi",47.026444,19.1227831,11,16,5,6,0,830,0,8.27857142857143,0.442528735632184,0.778735632183908,162,FALSE,FALSE
2016,"87","Lengyeltoti",46.667049,17.6407711,13,18,5,13,0,231,0,1.92793650793651,0.442528735632184,0.0488505747126437,163,FALSE,FALSE
2016,"88","Lenti",46.623785,16.546001,6,25,5,12,0,579,0,3.312,0.442528735632184,0.172413793103448,164,FALSE,FALSE
2016,"89","Letenyei",46.4337456,16.7221882,9,13,5,11,0,442,0,4.35076923076923,0.442528735632184,0.281609195402299,165,FALSE,FALSE
2016,"90","Makoi",46.21498,20.47513,1,15,5,7,0,1335,0,8.06361904761905,0.442528735632184,0.689655172413793,167,FALSE,FALSE
2016,"91","Marcali",46.582815,17.4119018,6,25,5,12,0,763,0,3.312,0.442528735632184,0.172413793103448,168,FALSE,FALSE
2016,"92","Mateszalkai",47.943265,22.316904,1,15,5,7,0,1707,0,8.06361904761905,0.442528735632184,0.689655172413793,169,FALSE,FALSE
2016,"93","Mezocsati",47.823541,20.9028038,3,19,5,10,0,395,0,5.58556390977444,0.442528735632184,0.373563218390805,170,FALSE,FALSE
2016,"94","Mezokovacshazai",46.4071834,20.9241681,4,26,5,8,0,918,0,6.89318681318681,0.442528735632184,0.57183908045977,171,FALSE,FALSE
2016,"95","Mezokovesdi",47.8068796,20.5650907,9,13,5,11,0,1447,0,4.35076923076923,0.442528735632184,0.281609195402299,172,FALSE,FALSE
2016,"96","Mezoturi",47.00278,20.618465,4,26,5,8,0,769,0,6.89318681318681,0.442528735632184,0.57183908045977,173,FALSE,FALSE
2016,"97","Miskolci",48.1043854,20.7913563,12,7,3,5,10193,8271,40.2857142857143,21.3877551020408,0.948275862068966,0.844827586206897,7,TRUE,TRUE
2016,"98","Mohacsi",45.9959241,18.6798279,3,19,5,10,0,1301,0,5.58556390977444,0.442528735632184,0.373563218390805,174,FALSE,FALSE
2016,"99","Monori",47.34754,19.448946,10,11,5,4,0,3913,0,24.0124675324675,0.442528735632184,0.896551724137931,175,FALSE,FALSE
2016,"100","Morahalomi",46.217922,19.883719,6,25,5,12,0,705,0,3.312,0.442528735632184,0.172413793103448,28,FALSE,FALSE
2016,"101","Mori",47.3717781,18.2085973,4,26,5,8,0,1122,0,6.89318681318681,0.442528735632184,0.57183908045977,29,FALSE,FALSE
2016,"102","Mosonmagyarovari",47.8744063,17.2693897,4,26,5,8,0,1994,0,6.89318681318681,0.442528735632184,0.57183908045977,30,FALSE,FALSE
2016,"103","Nagyatadi",46.23001,17.3574429,4,26,5,8,0,794,0,6.89318681318681,0.442528735632184,0.57183908045977,31,FALSE,FALSE
2016,"104","Nagykalloi",47.875519,21.8460521,3,19,5,10,0,1462,0,5.58556390977444,0.442528735632184,0.373563218390805,32,FALSE,FALSE
2016,"105","Nagykanizsai",46.455237,16.9953419,4,26,5,8,0,2113,0,6.89318681318681,0.442528735632184,0.57183908045977,33,FALSE,FALSE
2016,"106","Nagykatai",47.4181175,19.7422453,11,16,5,6,0,2112,0,8.27857142857143,0.442528735632184,0.778735632183908,34,FALSE,FALSE
2016,"107","Nyirbatori",47.835414,22.130289,9,13,5,11,0,1240,0,4.35076923076923,0.442528735632184,0.281609195402299,35,FALSE,FALSE
2016,"108","Nyiregyhazai",47.9532583,21.7264647,8,7,4,3,5878,6482,9.53142857142858,25.1942857142857,0.908045977011494,0.948275862068966,11,TRUE,TRUE
2016,"109","Oroshazai",46.5615338,20.6619204,12,7,3,5,1991,1698,40.2857142857143,21.3877551020408,0.948275862068966,0.844827586206897,13,TRUE,TRUE
2016,"110","Oroszlanyi",47.4943329,18.3215448,4,26,5,8,0,867,0,6.89318681318681,0.442528735632184,0.57183908045977,37,FALSE,FALSE
2016,"111","Ozdi",48.2195564,20.2869186,2,12,5,9,0,1377,0,5.77,0.442528735632184,0.46264367816092,38,FALSE,FALSE
2016,"112","Oriszentpeteri",46.838954,16.4211574,13,18,5,13,0,143,0,1.92793650793651,0.442528735632184,0.0488505747126437,39,FALSE,FALSE
2016,"113","Pacsai",46.7226412,17.0096878,13,18,5,13,0,203,0,1.92793650793651,0.442528735632184,0.0488505747126437,40,FALSE,FALSE
2016,"114","Paksi",46.626368,18.8652409,11,16,5,6,0,1627,0,8.27857142857143,0.442528735632184,0.778735632183908,41,FALSE,FALSE
2016,"115","Pannonhalmai",47.55021,17.754228,9,13,5,11,0,503,0,4.35076923076923,0.442528735632184,0.281609195402299,42,FALSE,FALSE
2016,"116","Papai",47.3308153,17.4660302,4,26,5,8,0,1478,0,6.89318681318681,0.442528735632184,0.57183908045977,43,FALSE,FALSE
2016,"117","Pasztoi",47.919562,19.6978939,11,16,5,6,0,835,0,8.27857142857143,0.442528735632184,0.778735632183908,44,FALSE,FALSE
2016,"118","Pecsi",46.0713242,18.2331772,5,5,2,2,23505,7259,131.058285714286,43.5862857142857,0.982758620689655,0.982758620689655,4,TRUE,TRUE
2016,"119","Pecsvaradi",46.158114,18.422176,13,18,5,13,0,307,0,1.92793650793651,0.442528735632184,0.0488505747126437,45,FALSE,FALSE
2016,"120","Petervasarai",48.017941,20.1019849,3,19,5,10,0,532,0,5.58556390977444,0.442528735632184,0.373563218390805,47,FALSE,FALSE
2016,"121","Pilisvorosvari",47.6212089,18.9111742,10,11,5,4,0,4266,0,24.0124675324675,0.442528735632184,0.896551724137931,48,FALSE,FALSE
2016,"122","Polgari",47.866362,21.1242449,13,18,5,13,0,384,0,1.92793650793651,0.442528735632184,0.0488505747126437,49,FALSE,FALSE
2016,"123","Puspokladanyi",47.3176758,21.1165369,2,12,5,9,0,1335,0,5.77,0.442528735632184,0.46264367816092,50,FALSE,FALSE
2016,"124","Rackevei",47.1611023,18.9455669,10,11,5,4,0,5496,0,24.0124675324675,0.442528735632184,0.896551724137931,51,FALSE,FALSE
2016,"125","Retsagi",47.9278597,19.1372757,2,12,5,9,0,844,0,5.77,0.442528735632184,0.46264367816092,52,FALSE,FALSE
2016,"126","Salgotarjani",48.0853167,19.7869357,1,15,5,7,0,1900,0,8.06361904761905,0.442528735632184,0.689655172413793,53,FALSE,FALSE
2016,"127","Sarbogardi",46.887769,18.6193289,3,19,5,10,0,550,0,5.58556390977444,0.442528735632184,0.373563218390805,54,FALSE,FALSE
2016,"128","Sarkadi",46.746283,21.3848669,9,13,5,11,0,574,0,4.35076923076923,0.442528735632184,0.281609195402299,55,FALSE,FALSE
2016,"129","Sarospataki",48.318984,21.5663738,3,19,5,10,0,894,0,5.58556390977444,0.442528735632184,0.373563218390805,24,FALSE,FALSE
2016,"130","Sarvari",47.2540616,16.9352309,6,25,5,12,0,1039,0,3.312,0.442528735632184,0.172413793103448,57,FALSE,FALSE
2016,"131","Sasdi",46.2548488,18.1060595,13,18,5,13,0,255,0,1.92793650793651,0.442528735632184,0.0488505747126437,58,FALSE,FALSE
2016,"132","Satoraljaujhelyi",48.3941408,21.6559965,9,13,5,11,0,794,0,4.35076923076923,0.442528735632184,0.281609195402299,59,FALSE,FALSE
2016,"133","Sellyei",45.8719698,17.8460989,13,18,5,13,0,266,0,1.92793650793651,0.442528735632184,0.0488505747126437,60,FALSE,FALSE
2016,"134","Siklosi",45.852147,18.2988281,9,13,5,11,0,879,0,4.35076923076923,0.442528735632184,0.281609195402299,61,FALSE,FALSE
2016,"135","Siofoki",46.9057439,18.0525018,11,16,5,6,0,1406,0,8.27857142857143,0.442528735632184,0.778735632183908,62,FALSE,FALSE
2016,"136","Sopron-Fertodi",47.684898,16.583053,12,7,3,5,7086,3176,40.2857142857143,21.3877551020408,0.948275862068966,0.844827586206897,10,TRUE,TRUE
2016,"137","Sumegi",46.9775543,17.2819824,13,18,5,13,0,380,0,1.92793650793651,0.442528735632184,0.0488505747126437,63,FALSE,FALSE
2016,"138","Szarvasi",46.8595081,20.5595884,4,26,5,8,0,1263,0,6.89318681318681,0.442528735632184,0.57183908045977,21,FALSE,FALSE
2016,"139","Szecsenyi",48.0811488,19.5197217,6,25,5,12,0,539,0,3.312,0.442528735632184,0.172413793103448,64,FALSE,FALSE
2016,"140","Szegedi",46.2536169,20.1461345,5,5,2,2,27756,9148,131.058285714286,43.5862857142857,0.982758620689655,0.982758620689655,3,TRUE,TRUE
2016,"141","Szeghalomi",47.027309,21.166263,4,26,5,8,0,907,0,6.89318681318681,0.442528735632184,0.57183908045977,66,FALSE,FALSE
2016,"142","Szekesfehervari",47.1887157,18.4138088,10,11,5,4,0,5770,0,24.0124675324675,0.442528735632184,0.896551724137931,20,TRUE,TRUE
2016,"143","Szekszardi",46.3485623,18.7019205,10,11,5,4,0,2583,0,24.0124675324675,0.442528735632184,0.896551724137931,67,FALSE,FALSE
2016,"144","Szentendrei",47.6734712,19.07254,10,11,5,4,0,4358,0,24.0124675324675,0.442528735632184,0.896551724137931,68,FALSE,FALSE
2016,"145","Szentesi",46.65192,20.2571842,11,16,5,6,0,1358,0,8.27857142857143,0.442528735632184,0.778735632183908,69,FALSE,FALSE
2016,"146","Szentgotthardi",46.9527524,16.2737218,13,18,5,13,0,358,0,1.92793650793651,0.442528735632184,0.0488505747126437,70,FALSE,FALSE
2016,"147","Szentlorinci",46.040211,17.989775,6,25,5,12,0,304,0,3.312,0.442528735632184,0.172413793103448,71,FALSE,FALSE
2016,"148","Szerencsi",48.162418,21.205206,6,25,5,12,0,1189,0,3.312,0.442528735632184,0.172413793103448,72,FALSE,FALSE
2016,"149","Szigetvari",46.0482577,17.8123125,6,25,5,12,0,632,0,3.312,0.442528735632184,0.172413793103448,73,FALSE,FALSE
2016,"150","Szikszoi",48.1949949,20.9294318,13,18,5,13,0,393,0,1.92793650793651,0.442528735632184,0.0488505747126437,75,FALSE,FALSE
2016,"151","Szobi",47.818012,18.8667731,6,25,5,12,0,296,0,3.312,0.442528735632184,0.172413793103448,76,FALSE,FALSE
2016,"152","Szolnoki",47.174662,20.17628,8,7,4,3,1538,4107,9.53142857142858,25.1942857142857,0.908045977011494,0.948275862068966,15,TRUE,TRUE
2016,"153","Szombathelyi",47.23514,16.6219178,10,11,5,4,0,3882,0,24.0124675324675,0.442528735632184,0.896551724137931,23,FALSE,FALSE
2016,"154","Tabi",46.729486,18.0329558,6,25,5,12,0,246,0,3.312,0.442528735632184,0.172413793103448,77,FALSE,FALSE
2016,"155","Tamasi",46.6295947,18.2846991,4,26,5,8,0,676,0,6.89318681318681,0.442528735632184,0.57183908045977,78,FALSE,FALSE
2016,"156","Tapolcai",46.88289,17.4413581,3,19,5,10,0,1062,0,5.58556390977444,0.442528735632184,0.373563218390805,79,FALSE,FALSE
2016,"157","Tatabanyai",47.5861869,18.3947662,8,7,4,3,961,2842,9.53142857142858,25.1942857142857,0.908045977011494,0.948275862068966,16,TRUE,TRUE
2016,"158","Tatai",47.655255,18.3285248,1,15,5,7,0,1477,0,8.06361904761905,0.442528735632184,0.689655172413793,80,FALSE,FALSE
2016,"159","Teti",47.515979,17.5168418,13,18,5,13,0,490,0,1.92793650793651,0.442528735632184,0.0488505747126437,81,FALSE,FALSE
2016,"160","Tiszafuredi",47.615345,20.7617821,1,15,5,7,0,842,0,8.06361904761905,0.442528735632184,0.689655172413793,83,FALSE,FALSE
2016,"161","Tiszaujvarosi",47.92291,21.052195,3,19,5,10,0,1317,0,5.58556390977444,0.442528735632184,0.373563218390805,84,FALSE,FALSE
2016,"162","Tiszavasvari",47.9511368,21.3687867,6,25,5,12,0,860,0,3.312,0.442528735632184,0.172413793103448,85,FALSE,FALSE
2016,"163","Tokaji",48.119994,21.412563,6,25,5,12,0,303,0,3.312,0.442528735632184,0.172413793103448,86,FALSE,FALSE
2016,"164","Torokszentmiklosi",47.180736,20.4182932,4,26,5,8,0,965,0,6.89318681318681,0.442528735632184,0.57183908045977,87,FALSE,FALSE
2016,"165","Vaci",47.7754454,19.1377076,8,7,4,3,1379,2968,9.53142857142858,25.1942857142857,0.908045977011494,0.948275862068966,17,TRUE,TRUE
2016,"166","Varpalotai",47.1973949,18.1396572,4,26,5,8,0,1039,0,6.89318681318681,0.442528735632184,0.57183908045977,88,FALSE,FALSE
2016,"167","Vasarosnamenyi",48.126772,22.318366,2,12,5,9,0,989,0,5.77,0.442528735632184,0.46264367816092,89,FALSE,FALSE
2016,"168","Vasvari",47.051087,16.7985158,13,18,5,13,0,252,0,1.92793650793651,0.442528735632184,0.0488505747126437,90,FALSE,FALSE
2016,"169","Veresegyhazi",47.65714,19.284962,1,15,5,7,0,1835,0,8.06361904761905,0.442528735632184,0.689655172413793,91,FALSE,FALSE
2016,"170","Veszpremi",47.092967,17.913785,12,7,3,5,8936,3376,40.2857142857143,21.3877551020408,0.948275862068966,0.844827586206897,9,TRUE,TRUE
2016,"171","Zahonyi",48.406999,22.1745391,6,25,5,12,0,657,0,3.312,0.442528735632184,0.172413793103448,93,FALSE,FALSE
2016,"172","Zalaegerszegi",46.845412,16.8472302,4,26,5,8,0,3242,0,6.89318681318681,0.442528735632184,0.57183908045977,94,FALSE,FALSE
2016,"173","Zalakarosi",46.5605989,17.1230251,13,18,5,13,0,290,0,1.92793650793651,0.442528735632184,0.0488505747126437,95,FALSE,FALSE
2016,"174","Zalaszentgroti",46.947143,17.0790458,13,18,5,13,0,418,0,1.92793650793651,0.442528735632184,0.0488505747126437,96,FALSE,FALSE
2016,"175","Zirci",47.2630578,17.8725401,3,19,5,10,0,601,0,5.58556390977444,0.442528735632184,0.373563218390805,97,FALSE,FALSE
2017,"1","Abai",47.028736,18.517633,7,21,6,8,0,505,0,5.71455782312926,0.399425287356322,0.545977011494253,26,FALSE,FALSE
2017,"2","Abauj-Hegykozi",48.471017,21.2741752,3,24,6,12,0,359,0,2.85880952380952,0.399425287356322,0.135057471264368,100,FALSE,FALSE
2017,"3","Adonyi",47.119574,18.8652611,1,17,6,9,0,667,0,5.34050420168067,0.399425287356322,0.436781609195402,109,FALSE,FALSE
2017,"4","Ajkai",47.1068802,17.563957,12,16,5,10,0,915,0.0157142857142857,5.07321428571429,0.847701149425287,0.341954022988506,118,FALSE,FALSE
2017,"5","Aszodi",47.6523763,19.4759463,8,29,6,7,0,1178,0,8.76847290640395,0.399425287356322,0.689655172413793,127,FALSE,FALSE
2017,"6","Bacsalmasi",46.123955,19.32633,10,16,6,11,0,365,0,3.67642857142857,0.399425287356322,0.25,136,FALSE,FALSE
2017,"7","Bajai",46.1834182,18.9538158,13,4,4,5,840,2079,5.39285714285714,18.5171428571429,0.905172413793103,0.836206896551724,19,TRUE,TRUE
2017,"8","Baktaloranthazai",47.997697,22.0766029,1,17,6,9,0,1247,0,5.34050420168067,0.399425287356322,0.436781609195402,155,FALSE,FALSE
2017,"9","Balassagyarmati",48.078798,19.2938953,8,29,6,7,0,1279,0,8.76847290640395,0.399425287356322,0.689655172413793,166,FALSE,FALSE
2017,"10","Balatonalmadi",47.0286976,18.0148627,1,17,6,9,0,926,0,5.34050420168067,0.399425287356322,0.436781609195402,27,FALSE,FALSE
2017,"11","Balatonfoldvari",46.8497238,17.8794039,10,16,6,11,0,311,0,3.67642857142857,0.399425287356322,0.25,36,FALSE,FALSE
2017,"12","Balatonfuredi",46.9564612,17.8889631,12,16,5,10,0,1013,0.0157142857142857,5.07321428571429,0.847701149425287,0.341954022988506,46,FALSE,FALSE
2017,"13","Balmazujvarosi",47.612435,21.343577,3,24,6,12,0,801,0,2.85880952380952,0.399425287356322,0.135057471264368,56,FALSE,FALSE
2017,"14","Barcsi",45.959228,17.4666786,3,24,6,12,0,466,0,2.85880952380952,0.399425287356322,0.135057471264368,65,FALSE,FALSE
2017,"15","Batonyterenyei",47.989222,19.828845,3,24,6,12,0,376,0,2.85880952380952,0.399425287356322,0.135057471264368,74,FALSE,FALSE
2017,"16","Bekescsabai",46.6841987,21.0867872,5,12,6,3,0,2951,0,23.8742857142857,0.399425287356322,0.92816091954023,82,FALSE,FALSE
2017,"17","Bekesi",46.6704899,21.0434996,8,29,6,7,0,1275,0,8.76847290640395,0.399425287356322,0.689655172413793,92,FALSE,FALSE
2017,"18","Belapatfalvai",48.052725,20.348591,3,24,6,12,0,356,0,2.85880952380952,0.399425287356322,0.135057471264368,98,FALSE,FALSE
2017,"19","Berettyoujfalui",47.233892,21.5340216,3,24,6,12,0,1259,0,2.85880952380952,0.399425287356322,0.135057471264368,99,FALSE,FALSE
2017,"20","Bicskei",47.490759,18.6362719,8,29,6,7,0,1340,0,8.76847290640395,0.399425287356322,0.689655172413793,101,FALSE,FALSE
2017,"21","Bodrogkozi",48.263291,21.8918689,4,12,6,13,0,353,0,1.79333333333333,0.399425287356322,0.0316091954022989,102,FALSE,FALSE
2017,"22","Bonyhadi",46.2986759,18.5305778,1,17,6,9,0,792,0,5.34050420168067,0.399425287356322,0.436781609195402,103,FALSE,FALSE
2017,"23","Budaorsi",47.460753,18.9581146,13,4,4,5,365,5359,5.39285714285714,18.5171428571429,0.905172413793103,0.836206896551724,22,FALSE,FALSE
2017,"24","Budapesti",47.4984056,19.0407578,9,1,1,1,177847,70657,1016.26857142857,403.754285714286,1,1,1,TRUE,FALSE
2017,"25","Cegledi",47.1772081,19.7980311,5,12,6,3,0,3659,0,23.8742857142857,0.399425287356322,0.92816091954023,104,FALSE,FALSE
2017,"26","Celldomolki",47.257515,17.1526399,3,24,6,12,0,546,0,2.85880952380952,0.399425287356322,0.135057471264368,105,FALSE,FALSE
2017,"27","Csengeri",47.8350105,22.6822754,4,12,6,13,0,381,0,1.79333333333333,0.399425287356322,0.0316091954022989,106,FALSE,FALSE
2017,"28","Csepregi",47.401546,16.7081249,4,12,6,13,0,271,0,1.79333333333333,0.399425287356322,0.0316091954022989,107,FALSE,FALSE
2017,"29","Csongradi",46.710833,20.144575,3,24,6,12,0,662,0,2.85880952380952,0.399425287356322,0.135057471264368,108,FALSE,FALSE
2017,"30","Csornai",47.601529,17.249978,7,21,6,8,0,982,0,5.71455782312926,0.399425287356322,0.545977011494253,110,FALSE,FALSE
2017,"31","Csurgoi",46.260776,17.095325,3,24,6,12,0,456,0,2.85880952380952,0.399425287356322,0.135057471264368,111,FALSE,FALSE
2017,"32","Dabasi",47.192283,19.330853,1,17,6,9,0,1019,0,5.34050420168067,0.399425287356322,0.436781609195402,112,FALSE,FALSE
2017,"33","Debreceni",47.5299739,21.6393571,2,6,2,2,29088,8807,113.247619047619,41.4561904761905,0.979885057471264,0.979885057471264,2,TRUE,TRUE
2017,"34","Derecske-Letavertesi",47.3824608,21.891967,10,16,6,11,0,708,0,3.67642857142857,0.399425287356322,0.25,113,FALSE,FALSE
2017,"35","Devecseri",47.106397,17.437279,10,16,6,11,0,302,0,3.67642857142857,0.399425287356322,0.25,114,FALSE,FALSE
2017,"36","Dombovari",46.383295,18.131089,7,21,6,8,0,926,0,5.71455782312926,0.399425287356322,0.545977011494253,115,FALSE,FALSE
2017,"37","Dorogi",47.7197439,18.7287817,12,16,5,10,0,1128,0.0157142857142857,5.07321428571429,0.847701149425287,0.341954022988506,116,FALSE,FALSE
2017,"38","Dunakeszi",47.6297228,19.1380528,5,12,6,3,0,3616,0,23.8742857142857,0.399425287356322,0.92816091954023,117,FALSE,FALSE
2017,"39","Dunaujvarosi",46.980668,18.9127069,11,8,3,4,2096,2047,31.5321428571429,21.7421428571429,0.939655172413793,0.870689655172414,18,TRUE,TRUE
2017,"40","Edelenyi",48.2966608,20.7442671,7,21,6,8,0,838,0,5.71455782312926,0.399425287356322,0.545977011494253,119,FALSE,FALSE
2017,"41","Egri",47.9031987,20.3731077,11,8,3,4,11092,4114,31.5321428571429,21.7421428571429,0.939655172413793,0.870689655172414,8,TRUE,TRUE
2017,"42","Encsi",48.330768,21.1219603,7,21,6,8,0,578,0,5.71455782312926,0.399425287356322,0.545977011494253,120,FALSE,FALSE
2017,"43","Enyingi",46.9296,18.242978,7,21,6,8,0,388,0,5.71455782312926,0.399425287356322,0.545977011494253,121,FALSE,FALSE
2017,"44","Ercsi",47.24966,18.891059,1,17,6,9,0,754,0,5.34050420168067,0.399425287356322,0.436781609195402,122,FALSE,FALSE
2017,"45","Erdi",47.3783095,18.9217973,5,12,6,3,0,5040,0,23.8742857142857,0.399425287356322,0.92816091954023,123,FALSE,FALSE
2017,"46","Esztergomi",47.793308,18.7419333,8,29,6,7,0,2001,0,8.76847290640395,0.399425287356322,0.689655172413793,25,FALSE,FALSE
2017,"47","Fehergyarmati",47.985063,22.517104,10,16,6,11,0,1077,0,3.67642857142857,0.399425287356322,0.25,124,FALSE,FALSE
2017,"48","Fonyodi",46.749197,17.5558792,7,21,6,8,0,880,0,5.71455782312926,0.399425287356322,0.545977011494253,125,FALSE,FALSE
2017,"49","Fuzesabonyi",47.750888,20.409611,12,16,5,10,0,821,0.0157142857142857,5.07321428571429,0.847701149425287,0.341954022988506,126,FALSE,FALSE
2017,"50","Gardonyi",47.1973503,18.6091412,1,17,6,9,0,966,0,5.34050420168067,0.399425287356322,0.436781609195402,128,FALSE,FALSE
2017,"51","Godolloi",47.5975105,19.3480017,2,6,2,2,16307,4960,113.247619047619,41.4561904761905,0.979885057471264,0.979885057471264,5,TRUE,TRUE
2017,"52","Gyali",47.3808958,19.215712,8,29,6,7,0,1671,0,8.76847290640395,0.399425287356322,0.689655172413793,129,FALSE,FALSE
2017,"53","Gyongyosi",47.775028,19.9280689,5,12,6,3,0,2728,0,23.8742857142857,0.399425287356322,0.92816091954023,130,FALSE,FALSE
2017,"54","Gyori",47.684051,17.6351011,2,6,2,2,14621,5792,113.247619047619,41.4561904761905,0.979885057471264,0.979885057471264,6,TRUE,TRUE
2017,"55","Gyulai",46.642498,21.268809,8,29,6,7,0,1566,0,8.76847290640395,0.399425287356322,0.689655172413793,131,FALSE,FALSE
2017,"56","Hajduboszormenyi",47.673238,21.5076172,12,16,5,10,0,2093,0.0157142857142857,5.07321428571429,0.847701149425287,0.341954022988506,132,FALSE,FALSE
2017,"57","Hajduhadhazi",47.68197,21.6685631,12,16,5,10,0,1675,0.0157142857142857,5.07321428571429,0.847701149425287,0.341954022988506,133,FALSE,FALSE
2017,"58","Hajduszoboszloi",47.443667,21.389719,12,16,5,10,0,1294,0.0157142857142857,5.07321428571429,0.847701149425287,0.341954022988506,134,FALSE,FALSE
2017,"59","Hatvani",47.668122,19.669901,8,29,6,7,0,1509,0,8.76847290640395,0.399425287356322,0.689655172413793,135,FALSE,FALSE
2017,"60","Hevesi",47.5945238,20.2882213,7,21,6,8,0,845,0,5.71455782312926,0.399425287356322,0.545977011494253,137,FALSE,FALSE
2017,"61","Hevizi",46.7905869,17.1843866,12,16,5,10,0,494,0.0157142857142857,5.07321428571429,0.847701149425287,0.341954022988506,138,FALSE,FALSE
2017,"62","Hodmezovasarhelyi",46.430411,20.3188298,6,9,6,6,0,1680,0,9.73777777777778,0.399425287356322,0.798850574712644,139,FALSE,FALSE
2017,"63","Ibrany-Nagyhalaszi",48.134908,21.7187528,7,21,6,8,0,1243,0,5.71455782312926,0.399425287356322,0.545977011494253,140,FALSE,FALSE
2017,"64","Janoshalmai",46.2967401,19.3228798,12,16,5,10,0,405,0.0157142857142857,5.07321428571429,0.847701149425287,0.341954022988506,141,FALSE,FALSE
2017,"65","Jaszberenyi",47.5006181,19.9147188,8,29,6,7,0,2710,0,8.76847290640395,0.399425287356322,0.689655172413793,142,FALSE,FALSE
2017,"66","Kadarkuti",46.2311466,17.6157102,3,24,6,12,0,502,0,2.85880952380952,0.399425287356322,0.135057471264368,143,FALSE,FALSE
2017,"67","Kalocsai",46.5334145,18.9856969,8,29,6,7,0,1729,0,8.76847290640395,0.399425287356322,0.689655172413793,144,FALSE,FALSE
2017,"68","Kaposvari",46.36653,17.782483,11,8,3,4,3722,3424,31.5321428571429,21.7421428571429,0.939655172413793,0.870689655172414,12,TRUE,TRUE
2017,"69","Kapuvar-Beledi",47.5935568,17.0249715,3,24,6,12,0,620,0,2.85880952380952,0.399425287356322,0.135057471264368,145,FALSE,FALSE
2017,"70","Karcagi",47.316632,20.9220631,8,29,6,7,0,1278,0,8.76847290640395,0.399425287356322,0.689655172413793,146,FALSE,FALSE
2017,"71","Kazincbarcikai",48.25317,20.6456512,8,29,6,7,0,1624,0,8.76847290640395,0.399425287356322,0.689655172413793,147,FALSE,FALSE
2017,"72","Kecskemeti",46.9062092,19.6899774,11,8,3,4,6069,6145,31.5321428571429,21.7421428571429,0.939655172413793,0.870689655172414,14,TRUE,TRUE
2017,"73","Keszthelyi",46.7695893,17.2481444,7,21,6,8,0,1288,0,5.71455782312926,0.399425287356322,0.545977011494253,148,FALSE,FALSE
2017,"74","Kisberi",47.501673,18.0269161,10,16,6,11,0,525,0,3.67642857142857,0.399425287356322,0.25,149,FALSE,FALSE
2017,"75","Kiskorosi",46.620386,19.283827,8,29,6,7,0,1442,0,8.76847290640395,0.399425287356322,0.689655172413793,150,FALSE,FALSE
2017,"76","Kiskunfelegyhazai",46.7050953,19.8499199,8,29,6,7,0,1412,0,8.76847290640395,0.399425287356322,0.689655172413793,151,FALSE,FALSE
2017,"77","Kiskunhalasi",46.432037,19.4885269,6,9,6,6,0,1438,0,9.73777777777778,0.399425287356322,0.798850574712644,152,FALSE,FALSE
2017,"78","Kiskunmajsai",46.492344,19.7368448,10,16,6,11,0,601,0,3.67642857142857,0.399425287356322,0.25,153,FALSE,FALSE
2017,"79","Kisteleki",46.4696447,19.9803972,3,24,6,12,0,395,0,2.85880952380952,0.399425287356322,0.135057471264368,154,FALSE,FALSE
2017,"80","Kisvardai",48.2264002,22.0846211,8,29,6,7,0,2411,0,8.76847290640395,0.399425287356322,0.689655172413793,156,FALSE,FALSE
2017,"81","Komaromi",47.7434248,18.1191064,8,29,6,7,0,863,0,8.76847290640395,0.399425287356322,0.689655172413793,157,FALSE,FALSE
2017,"82","Komloi",47.600636,20.445412,8,29,6,7,0,674,0,8.76847290640395,0.399425287356322,0.689655172413793,158,FALSE,FALSE
2017,"83","Kormendi",47.011113,16.6057156,3,24,6,12,0,537,0,2.85880952380952,0.399425287356322,0.135057471264368,159,FALSE,FALSE
2017,"84","Koszegi",47.381935,16.552229,3,24,6,12,0,498,0,2.85880952380952,0.399425287356322,0.135057471264368,160,FALSE,FALSE
2017,"85","Kunszentmartoni",46.841082,20.287233,1,17,6,9,0,801,0,5.34050420168067,0.399425287356322,0.436781609195402,161,FALSE,FALSE
2017,"86","Kunszentmiklosi",47.026444,19.1227831,7,21,6,8,0,672,0,5.71455782312926,0.399425287356322,0.545977011494253,162,FALSE,FALSE
2017,"87","Lengyeltoti",46.667049,17.6407711,4,12,6,13,0,216,0,1.79333333333333,0.399425287356322,0.0316091954022989,163,FALSE,FALSE
2017,"88","Lenti",46.623785,16.546001,3,24,6,12,0,529,0,2.85880952380952,0.399425287356322,0.135057471264368,164,FALSE,FALSE
2017,"89","Letenyei",46.4337456,16.7221882,3,24,6,12,0,382,0,2.85880952380952,0.399425287356322,0.135057471264368,165,FALSE,FALSE
2017,"90","Makoi",46.21498,20.47513,6,9,6,6,0,1387,0,9.73777777777778,0.399425287356322,0.798850574712644,167,FALSE,FALSE
2017,"91","Marcali",46.582815,17.4119018,12,16,5,10,0,819,0.0157142857142857,5.07321428571429,0.847701149425287,0.341954022988506,168,FALSE,FALSE
2017,"92","Mateszalkai",47.943265,22.316904,8,29,6,7,0,2047,0,8.76847290640395,0.399425287356322,0.689655172413793,169,FALSE,FALSE
2017,"93","Mezocsati",47.823541,20.9028038,4,12,6,13,0,323,0,1.79333333333333,0.399425287356322,0.0316091954022989,170,FALSE,FALSE
2017,"94","Mezokovacshazai",46.4071834,20.9241681,7,21,6,8,0,909,0,5.71455782312926,0.399425287356322,0.545977011494253,171,FALSE,FALSE
2017,"95","Mezokovesdi",47.8068796,20.5650907,7,21,6,8,0,1551,0,5.71455782312926,0.399425287356322,0.545977011494253,172,FALSE,FALSE
2017,"96","Mezoturi",47.00278,20.618465,10,16,6,11,0,626,0,3.67642857142857,0.399425287356322,0.25,173,FALSE,FALSE
2017,"97","Miskolci",48.1043854,20.7913563,2,6,2,2,10160,8567,113.247619047619,41.4561904761905,0.979885057471264,0.979885057471264,7,TRUE,TRUE
2017,"98","Mohacsi",45.9959241,18.6798279,10,16,6,11,0,1296,0,3.67642857142857,0.399425287356322,0.25,174,FALSE,FALSE
2017,"99","Monori",47.34754,19.448946,5,12,6,3,0,4032,0,23.8742857142857,0.399425287356322,0.92816091954023,175,FALSE,FALSE
2017,"100","Morahalomi",46.217922,19.883719,7,21,6,8,0,724,0,5.71455782312926,0.399425287356322,0.545977011494253,28,FALSE,FALSE
2017,"101","Mori",47.3717781,18.2085973,1,17,6,9,0,1157,0,5.34050420168067,0.399425287356322,0.436781609195402,29,FALSE,FALSE
2017,"102","Mosonmagyarovari",47.8744063,17.2693897,6,9,6,6,0,1711,0,9.73777777777778,0.399425287356322,0.798850574712644,30,FALSE,FALSE
2017,"103","Nagyatadi",46.23001,17.3574429,10,16,6,11,0,670,0,3.67642857142857,0.399425287356322,0.25,31,FALSE,FALSE
2017,"104","Nagykalloi",47.875519,21.8460521,7,21,6,8,0,1527,0,5.71455782312926,0.399425287356322,0.545977011494253,32,FALSE,FALSE
2017,"105","Nagykanizsai",46.455237,16.9953419,7,21,6,8,0,2245,0,5.71455782312926,0.399425287356322,0.545977011494253,33,FALSE,FALSE
2017,"106","Nagykatai",47.4181175,19.7422453,8,29,6,7,0,1906,0,8.76847290640395,0.399425287356322,0.689655172413793,34,FALSE,FALSE
2017,"107","Nyirbatori",47.835414,22.130289,6,9,6,6,0,1368,0,9.73777777777778,0.399425287356322,0.798850574712644,35,FALSE,FALSE
2017,"108","Nyiregyhazai",47.9532583,21.7264647,11,8,3,4,5652,6625,31.5321428571429,21.7421428571429,0.939655172413793,0.870689655172414,11,TRUE,TRUE
2017,"109","Oroshazai",46.5615338,20.6619204,11,8,3,4,2008,1849,31.5321428571429,21.7421428571429,0.939655172413793,0.870689655172414,13,TRUE,TRUE
2017,"110","Oroszlanyi",47.4943329,18.3215448,8,29,6,7,0,783,0,8.76847290640395,0.399425287356322,0.689655172413793,37,FALSE,FALSE
2017,"111","Ozdi",48.2195564,20.2869186,8,29,6,7,0,1371,0,8.76847290640395,0.399425287356322,0.689655172413793,38,FALSE,FALSE
2017,"112","Oriszentpeteri",46.838954,16.4211574,4,12,6,13,0,125,0,1.79333333333333,0.399425287356322,0.0316091954022989,39,FALSE,FALSE
2017,"113","Pacsai",46.7226412,17.0096878,4,12,6,13,0,270,0,1.79333333333333,0.399425287356322,0.0316091954022989,40,FALSE,FALSE
2017,"114","Paksi",46.626368,18.8652409,8,29,6,7,0,1649,0,8.76847290640395,0.399425287356322,0.689655172413793,41,FALSE,FALSE
2017,"115","Pannonhalmai",47.55021,17.754228,4,12,6,13,0,557,0,1.79333333333333,0.399425287356322,0.0316091954022989,42,FALSE,FALSE
2017,"116","Papai",47.3308153,17.4660302,6,9,6,6,0,1576,0,9.73777777777778,0.399425287356322,0.798850574712644,43,FALSE,FALSE
2017,"117","Pasztoi",47.919562,19.6978939,1,17,6,9,0,828,0,5.34050420168067,0.399425287356322,0.436781609195402,44,FALSE,FALSE
2017,"118","Pecsi",46.0713242,18.2331772,2,6,2,2,23201,7048,113.247619047619,41.4561904761905,0.979885057471264,0.979885057471264,4,TRUE,TRUE
2017,"119","Pecsvaradi",46.158114,18.422176,10,16,6,11,0,370,0,3.67642857142857,0.399425287356322,0.25,45,FALSE,FALSE
2017,"120","Petervasarai",48.017941,20.1019849,10,16,6,11,0,484,0,3.67642857142857,0.399425287356322,0.25,47,FALSE,FALSE
2017,"121","Pilisvorosvari",47.6212089,18.9111742,5,12,6,3,0,4283,0,23.8742857142857,0.399425287356322,0.92816091954023,48,FALSE,FALSE
2017,"122","Polgari",47.866362,21.1242449,4,12,6,13,0,343,0,1.79333333333333,0.399425287356322,0.0316091954022989,49,FALSE,FALSE
2017,"123","Puspokladanyi",47.3176758,21.1165369,7,21,6,8,0,1441,0,5.71455782312926,0.399425287356322,0.545977011494253,50,FALSE,FALSE
2017,"124","Rackevei",47.1611023,18.9455669,5,12,6,3,0,5672,0,23.8742857142857,0.399425287356322,0.92816091954023,51,FALSE,FALSE
2017,"125","Retsagi",47.9278597,19.1372757,8,29,6,7,0,743,0,8.76847290640395,0.399425287356322,0.689655172413793,52,FALSE,FALSE
2017,"126","Salgotarjani",48.0853167,19.7869357,8,29,6,7,0,1737,0,8.76847290640395,0.399425287356322,0.689655172413793,53,FALSE,FALSE
2017,"127","Sarbogardi",46.887769,18.6193289,12,16,5,10,0,514,0.0157142857142857,5.07321428571429,0.847701149425287,0.341954022988506,54,FALSE,FALSE
2017,"128","Sarkadi",46.746283,21.3848669,3,24,6,12,0,576,0,2.85880952380952,0.399425287356322,0.135057471264368,55,FALSE,FALSE
2017,"129","Sarospataki",48.318984,21.5663738,12,16,5,10,44,971,0.0157142857142857,5.07321428571429,0.847701149425287,0.341954022988506,24,FALSE,FALSE
2017,"130","Sarvari",47.2540616,16.9352309,10,16,6,11,0,1088,0,3.67642857142857,0.399425287356322,0.25,57,FALSE,FALSE
2017,"131","Sasdi",46.2548488,18.1060595,3,24,6,12,0,282,0,2.85880952380952,0.399425287356322,0.135057471264368,58,FALSE,FALSE
2017,"132","Satoraljaujhelyi",48.3941408,21.6559965,1,17,6,9,0,852,0,5.34050420168067,0.399425287356322,0.436781609195402,59,FALSE,FALSE
2017,"133","Sellyei",45.8719698,17.8460989,4,12,6,13,0,245,0,1.79333333333333,0.399425287356322,0.0316091954022989,60,FALSE,FALSE
2017,"134","Siklosi",45.852147,18.2988281,12,16,5,10,0,923,0.0157142857142857,5.07321428571429,0.847701149425287,0.341954022988506,61,FALSE,FALSE
2017,"135","Siofoki",46.9057439,18.0525018,1,17,6,9,0,1248,0,5.34050420168067,0.399425287356322,0.436781609195402,62,FALSE,FALSE
2017,"136","Sopron-Fertodi",47.684898,16.583053,11,8,3,4,5522,3120,31.5321428571429,21.7421428571429,0.939655172413793,0.870689655172414,10,TRUE,TRUE
2017,"137","Sumegi",46.9775543,17.2819824,3,24,6,12,0,430,0,2.85880952380952,0.399425287356322,0.135057471264368,63,FALSE,FALSE
2017,"138","Szarvasi",46.8595081,20.5595884,6,9,6,6,0,1364,0,9.73777777777778,0.399425287356322,0.798850574712644,21,FALSE,FALSE
2017,"139","Szecsenyi",48.0811488,19.5197217,12,16,5,10,0,455,0.0157142857142857,5.07321428571429,0.847701149425287,0.341954022988506,64,FALSE,FALSE
2017,"140","Szegedi",46.2536169,20.1461345,2,6,2,2,25533,8355,113.247619047619,41.4561904761905,0.979885057471264,0.979885057471264,3,TRUE,TRUE
2017,"141","Szeghalomi",47.027309,21.166263,1,17,6,9,0,1061,0,5.34050420168067,0.399425287356322,0.436781609195402,66,FALSE,FALSE
2017,"142","Szekesfehervari",47.1887157,18.4138088,5,12,6,3,0,5945,0,23.8742857142857,0.399425287356322,0.92816091954023,20,TRUE,TRUE
2017,"143","Szekszardi",46.3485623,18.7019205,8,29,6,7,0,3037,0,8.76847290640395,0.399425287356322,0.689655172413793,67,FALSE,FALSE
2017,"144","Szentendrei",47.6734712,19.07254,5,12,6,3,0,4539,0,23.8742857142857,0.399425287356322,0.92816091954023,68,FALSE,FALSE
2017,"145","Szentesi",46.65192,20.2571842,6,9,6,6,0,1410,0,9.73777777777778,0.399425287356322,0.798850574712644,69,FALSE,FALSE
2017,"146","Szentgotthardi",46.9527524,16.2737218,3,24,6,12,0,365,0,2.85880952380952,0.399425287356322,0.135057471264368,70,FALSE,FALSE
2017,"147","Szentlorinci",46.040211,17.989775,12,16,5,10,0,309,0.0157142857142857,5.07321428571429,0.847701149425287,0.341954022988506,71,FALSE,FALSE
2017,"148","Szerencsi",48.162418,21.205206,8,29,6,7,0,1196,0,8.76847290640395,0.399425287356322,0.689655172413793,72,FALSE,FALSE
2017,"149","Szigetvari",46.0482577,17.8123125,3,24,6,12,0,613,0,2.85880952380952,0.399425287356322,0.135057471264368,73,FALSE,FALSE
2017,"150","Szikszoi",48.1949949,20.9294318,7,21,6,8,0,480,0,5.71455782312926,0.399425287356322,0.545977011494253,75,FALSE,FALSE
2017,"151","Szobi",47.818012,18.8667731,12,16,5,10,0,376,0.0157142857142857,5.07321428571429,0.847701149425287,0.341954022988506,76,FALSE,FALSE
2017,"152","Szolnoki",47.174662,20.17628,5,12,6,3,0,4015,0,23.8742857142857,0.399425287356322,0.92816091954023,15,TRUE,TRUE
2017,"153","Szombathelyi",47.23514,16.6219178,5,12,6,3,0,3656,0,23.8742857142857,0.399425287356322,0.92816091954023,23,FALSE,FALSE
2017,"154","Tabi",46.729486,18.0329558,3,24,6,12,0,312,0,2.85880952380952,0.399425287356322,0.135057471264368,77,FALSE,FALSE
2017,"155","Tamasi",46.6295947,18.2846991,1,17,6,9,0,840,0,5.34050420168067,0.399425287356322,0.436781609195402,78,FALSE,FALSE
2017,"156","Tapolcai",46.88289,17.4413581,7,21,6,8,0,1106,0,5.71455782312926,0.399425287356322,0.545977011494253,79,FALSE,FALSE
2017,"157","Tatabanyai",47.5861869,18.3947662,13,4,4,5,1000,2669,5.39285714285714,18.5171428571429,0.905172413793103,0.836206896551724,16,TRUE,TRUE
2017,"158","Tatai",47.655255,18.3285248,8,29,6,7,0,1368,0,8.76847290640395,0.399425287356322,0.689655172413793,80,FALSE,FALSE
2017,"159","Teti",47.515979,17.5168418,3,24,6,12,0,362,0,2.85880952380952,0.399425287356322,0.135057471264368,81,FALSE,FALSE
2017,"160","Tiszafuredi",47.615345,20.7617821,1,17,6,9,0,870,0,5.34050420168067,0.399425287356322,0.436781609195402,83,FALSE,FALSE
2017,"161","Tiszaujvarosi",47.92291,21.052195,7,21,6,8,0,1262,0,5.71455782312926,0.399425287356322,0.545977011494253,84,FALSE,FALSE
2017,"162","Tiszavasvari",47.9511368,21.3687867,1,17,6,9,0,863,0,5.34050420168067,0.399425287356322,0.436781609195402,85,FALSE,FALSE
2017,"163","Tokaji",48.119994,21.412563,10,16,6,11,0,419,0,3.67642857142857,0.399425287356322,0.25,86,FALSE,FALSE
2017,"164","Torokszentmiklosi",47.180736,20.4182932,8,29,6,7,0,848,0,8.76847290640395,0.399425287356322,0.689655172413793,87,FALSE,FALSE
2017,"165","Vaci",47.7754454,19.1377076,13,4,4,5,1570,2855,5.39285714285714,18.5171428571429,0.905172413793103,0.836206896551724,17,TRUE,TRUE
2017,"166","Varpalotai",47.1973949,18.1396572,1,17,6,9,0,997,0,5.34050420168067,0.399425287356322,0.436781609195402,88,FALSE,FALSE
2017,"167","Vasarosnamenyi",48.126772,22.318366,10,16,6,11,0,744,0,3.67642857142857,0.399425287356322,0.25,89,FALSE,FALSE
2017,"168","Vasvari",47.051087,16.7985158,3,24,6,12,0,323,0,2.85880952380952,0.399425287356322,0.135057471264368,90,FALSE,FALSE
2017,"169","Veresegyhazi",47.65714,19.284962,8,29,6,7,0,1853,0,8.76847290640395,0.399425287356322,0.689655172413793,91,FALSE,FALSE
2017,"170","Veszpremi",47.092967,17.913785,11,8,3,4,7984,3115,31.5321428571429,21.7421428571429,0.939655172413793,0.870689655172414,9,TRUE,TRUE
2017,"171","Zahonyi",48.406999,22.1745391,10,16,6,11,0,708,0,3.67642857142857,0.399425287356322,0.25,93,FALSE,FALSE
2017,"172","Zalaegerszegi",46.845412,16.8472302,6,9,6,6,0,3403,0,9.73777777777778,0.399425287356322,0.798850574712644,94,FALSE,FALSE
2017,"173","Zalakarosi",46.5605989,17.1230251,4,12,6,13,0,275,0,1.79333333333333,0.399425287356322,0.0316091954022989,95,FALSE,FALSE
2017,"174","Zalaszentgroti",46.947143,17.0790458,4,12,6,13,0,407,0,1.79333333333333,0.399425287356322,0.0316091954022989,96,FALSE,FALSE
2017,"175","Zirci",47.2630578,17.8725401,7,21,6,8,0,611,0,5.71455782312926,0.399425287356322,0.545977011494253,97,FALSE,FALSE
2018,"1","Abai",47.028736,18.517633,2,25,6,12,0,0,0.0841142857142857,0,0.827586206896552,0.0775862068965517,26,FALSE,FALSE
2018,"2","Abauj-Hegykozi",48.471017,21.2741752,2,25,6,12,0,0,0.0841142857142857,0,0.827586206896552,0.0775862068965517,100,FALSE,FALSE
2018,"3","Adonyi",47.119574,18.8652611,2,25,6,12,0,0,0.0841142857142857,0,0.827586206896552,0.0775862068965517,109,FALSE,FALSE
2018,"4","Ajkai",47.1068802,17.563957,6,20,8,8,0,1563,0,9.53,0.267241379310345,0.704022988505747,118,FALSE,FALSE
2018,"5","Aszodi",47.6523763,19.4759463,6,20,8,8,0,1711,0,9.53,0.267241379310345,0.704022988505747,127,FALSE,FALSE
2018,"6","Bacsalmasi",46.123955,19.32633,8,38,7,9,0,567,0.00270676691729323,7.06857142857142,0.646551724137931,0.53735632183908,136,FALSE,FALSE
2018,"7","Bajai",46.1834182,18.9538158,4,4,5,6,663,2688,8.55571428571428,18.3357142857143,0.910919540229885,0.859195402298851,19,TRUE,TRUE
2018,"8","Baktaloranthazai",47.997697,22.0766029,9,16,8,11,0,877,0,3.07714285714286,0.267241379310345,0.204022988505747,155,FALSE,FALSE
2018,"9","Balassagyarmati",48.078798,19.2938953,6,20,8,8,0,1590,0,9.53,0.267241379310345,0.704022988505747,166,FALSE,FALSE
2018,"10","Balatonalmadi",47.0286976,18.0148627,6,20,8,8,0,1219,0,9.53,0.267241379310345,0.704022988505747,27,FALSE,FALSE
2018,"11","Balatonfoldvari",46.8497238,17.8794039,2,25,6,12,0,0,0.0841142857142857,0,0.827586206896552,0.0775862068965517,36,FALSE,FALSE
2018,"12","Balatonfuredi",46.9564612,17.8889631,8,38,7,9,0,1098,0.00270676691729323,7.06857142857142,0.646551724137931,0.53735632183908,46,FALSE,FALSE
2018,"13","Balmazujvarosi",47.612435,21.343577,7,31,8,10,0,1079,0,4.93400921658986,0.267241379310345,0.339080459770115,56,FALSE,FALSE
2018,"14","Barcsi",45.959228,17.4666786,8,38,7,9,0,749,0.00270676691729323,7.06857142857142,0.646551724137931,0.53735632183908,65,FALSE,FALSE
2018,"15","Batonyterenyei",47.989222,19.828845,7,31,8,10,0,605,0,4.93400921658986,0.267241379310345,0.339080459770115,74,FALSE,FALSE
2018,"16","Bekescsabai",46.6841987,21.0867872,5,7,8,5,0,3968,0,21.7477551020408,0.267241379310345,0.890804597701149,82,FALSE,FALSE
2018,"17","Bekesi",46.6704899,21.0434996,8,38,7,9,0,1452,0.00270676691729323,7.06857142857142,0.646551724137931,0.53735632183908,92,FALSE,FALSE
2018,"18","Belapatfalvai",48.052725,20.348591,9,16,8,11,0,277,0,3.07714285714286,0.267241379310345,0.204022988505747,98,FALSE,FALSE
2018,"19","Berettyoujfalui",47.233892,21.5340216,8,38,7,9,0,1381,0.00270676691729323,7.06857142857142,0.646551724137931,0.53735632183908,99,FALSE,FALSE
2018,"20","Bicskei",47.490759,18.6362719,1,15,8,7,0,1553,0,11.2304761904762,0.267241379310345,0.804597701149425,101,FALSE,FALSE
2018,"21","Bodrogkozi",48.263291,21.8918689,2,25,6,12,0,0,0.0841142857142857,0,0.827586206896552,0.0775862068965517,102,FALSE,FALSE
2018,"22","Bonyhadi",46.2986759,18.5305778,8,38,7,9,0,994,0.00270676691729323,7.06857142857142,0.646551724137931,0.53735632183908,103,FALSE,FALSE
2018,"23","Budaorsi",47.460753,18.9581146,2,25,6,12,368,0,0.0841142857142857,0,0.827586206896552,0.0775862068965517,22,FALSE,FALSE
2018,"24","Budapesti",47.4984056,19.0407578,11,1,1,1,205401,89516,1173.72,511.52,1,1,1,TRUE,FALSE
2018,"25","Cegledi",47.1772081,19.7980311,1,15,8,7,0,3499,0,11.2304761904762,0.267241379310345,0.804597701149425,104,FALSE,FALSE
2018,"26","Celldomolki",47.257515,17.1526399,7,31,8,10,0,757,0,4.93400921658986,0.267241379310345,0.339080459770115,105,FALSE,FALSE
2018,"27","Csengeri",47.8350105,22.6822754,9,16,8,11,0,448,0,3.07714285714286,0.267241379310345,0.204022988505747,106,FALSE,FALSE
2018,"28","Csepregi",47.401546,16.7081249,2,25,6,12,0,0,0.0841142857142857,0,0.827586206896552,0.0775862068965517,107,FALSE,FALSE
2018,"29","Csongradi",46.710833,20.144575,7,31,8,10,0,689,0,4.93400921658986,0.267241379310345,0.339080459770115,108,FALSE,FALSE
2018,"30","Csornai",47.601529,17.249978,9,16,8,11,0,1009,0,3.07714285714286,0.267241379310345,0.204022988505747,110,FALSE,FALSE
2018,"31","Csurgoi",46.260776,17.095325,7,31,8,10,0,533,0,4.93400921658986,0.267241379310345,0.339080459770115,111,FALSE,FALSE
2018,"32","Dabasi",47.192283,19.330853,1,15,8,7,0,1699,0,11.2304761904762,0.267241379310345,0.804597701149425,112,FALSE,FALSE
2018,"33","Debreceni",47.5299739,21.6393571,12,3,2,2,29679,11805,160.102857142857,59.2019047619047,0.988505747126437,0.988505747126437,2,TRUE,TRUE
2018,"34","Derecske-Letavertesi",47.3824608,21.891967,2,25,6,12,0,0,0.0841142857142857,0,0.827586206896552,0.0775862068965517,113,FALSE,FALSE
2018,"35","Devecseri",47.106397,17.437279,7,31,8,10,0,342,0,4.93400921658986,0.267241379310345,0.339080459770115,114,FALSE,FALSE
2018,"36","Dombovari",46.383295,18.131089,7,31,8,10,0,1256,0,4.93400921658986,0.267241379310345,0.339080459770115,115,FALSE,FALSE
2018,"37","Dorogi",47.7197439,18.7287817,2,25,6,12,0,0,0.0841142857142857,0,0.827586206896552,0.0775862068965517,116,FALSE,FALSE
2018,"38","Dunakeszi",47.6297228,19.1380528,13,5,8,4,0,5247,0,35.2594285714286,0.267241379310345,0.925287356321839,117,FALSE,FALSE
2018,"39","Dunaujvarosi",46.980668,18.9127069,4,4,5,6,2490,3423,8.55571428571428,18.3357142857143,0.910919540229885,0.859195402298851,18,TRUE,TRUE
2018,"40","Edelenyi",48.2966608,20.7442671,7,31,8,10,0,858,0,4.93400921658986,0.267241379310345,0.339080459770115,119,FALSE,FALSE
2018,"41","Egri",47.9031987,20.3731077,3,7,3,3,13301,5067,65.6391836734695,40.3714285714285,0.959770114942529,0.959770114942529,8,TRUE,TRUE
2018,"42","Encsi",48.330768,21.1219603,7,31,8,10,0,645,0,4.93400921658986,0.267241379310345,0.339080459770115,120,FALSE,FALSE
2018,"43","Enyingi",46.9296,18.242978,8,38,7,9,0,522,0.00270676691729323,7.06857142857142,0.646551724137931,0.53735632183908,121,FALSE,FALSE
2018,"44","Ercsi",47.24966,18.891059,2,25,6,12,0,0,0.0841142857142857,0,0.827586206896552,0.0775862068965517,122,FALSE,FALSE
2018,"45","Erdi",47.3783095,18.9217973,13,5,8,4,0,7527,0,35.2594285714286,0.267241379310345,0.925287356321839,123,FALSE,FALSE
2018,"46","Esztergomi",47.793308,18.7419333,5,7,8,5,0,3875,0,21.7477551020408,0.267241379310345,0.890804597701149,25,FALSE,FALSE
2018,"47","Fehergyarmati",47.985063,22.517104,8,38,7,9,0,1418,0.00270676691729323,7.06857142857142,0.646551724137931,0.53735632183908,124,FALSE,FALSE
2018,"48","Fonyodi",46.749197,17.5558792,8,38,7,9,0,1224,0.00270676691729323,7.06857142857142,0.646551724137931,0.53735632183908,125,FALSE,FALSE
2018,"49","Fuzesabonyi",47.750888,20.409611,8,38,7,9,0,1044,0.00270676691729323,7.06857142857142,0.646551724137931,0.53735632183908,126,FALSE,FALSE
2018,"50","Gardonyi",47.1973503,18.6091412,1,15,8,7,0,1503,0,11.2304761904762,0.267241379310345,0.804597701149425,128,FALSE,FALSE
2018,"51","Godolloi",47.5975105,19.3480017,3,7,3,3,16384,8238,65.6391836734695,40.3714285714285,0.959770114942529,0.959770114942529,5,TRUE,TRUE
2018,"52","Gyali",47.3808958,19.215712,6,20,8,8,0,1759,0,9.53,0.267241379310345,0.704022988505747,129,FALSE,FALSE
2018,"53","Gyongyosi",47.775028,19.9280689,5,7,8,5,0,3453,0,21.7477551020408,0.267241379310345,0.890804597701149,130,FALSE,FALSE
2018,"54","Gyori",47.684051,17.6351011,3,7,3,3,17761,8436,65.6391836734695,40.3714285714285,0.959770114942529,0.959770114942529,6,TRUE,TRUE
2018,"55","Gyulai",46.642498,21.268809,6,20,8,8,0,1892,0,9.53,0.267241379310345,0.704022988505747,131,FALSE,FALSE
2018,"56","Hajduboszormenyi",47.673238,21.5076172,8,38,7,9,0,1827,0.00270676691729323,7.06857142857142,0.646551724137931,0.53735632183908,132,FALSE,FALSE
2018,"57","Hajduhadhazi",47.68197,21.6685631,9,16,8,11,0,667,0,3.07714285714286,0.267241379310345,0.204022988505747,133,FALSE,FALSE
2018,"58","Hajduszoboszloi",47.443667,21.389719,8,38,7,9,0,1882,0.00270676691729323,7.06857142857142,0.646551724137931,0.53735632183908,134,FALSE,FALSE
2018,"59","Hatvani",47.668122,19.669901,1,15,8,7,0,2148,0,11.2304761904762,0.267241379310345,0.804597701149425,135,FALSE,FALSE
2018,"60","Hevesi",47.5945238,20.2882213,8,38,7,9,0,1036,0.00270676691729323,7.06857142857142,0.646551724137931,0.53735632183908,137,FALSE,FALSE
2018,"61","Hevizi",46.7905869,17.1843866,2,25,6,12,0,0,0.0841142857142857,0,0.827586206896552,0.0775862068965517,138,FALSE,FALSE
2018,"62","Hodmezovasarhelyi",46.430411,20.3188298,6,20,8,8,0,2167,0,9.53,0.267241379310345,0.704022988505747,139,FALSE,FALSE
2018,"63","Ibrany-Nagyhalaszi",48.134908,21.7187528,2,25,6,12,0,0,0.0841142857142857,0,0.827586206896552,0.0775862068965517,140,FALSE,FALSE
2018,"64","Janoshalmai",46.2967401,19.3228798,6,20,8,8,0,612,0,9.53,0.267241379310345,0.704022988505747,141,FALSE,FALSE
2018,"65","Jaszberenyi",47.5006181,19.9147188,6,20,8,8,0,2326,0,9.53,0.267241379310345,0.704022988505747,142,FALSE,FALSE
2018,"66","Kadarkuti",46.2311466,17.6157102,2,25,6,12,0,0,0.0841142857142857,0,0.827586206896552,0.0775862068965517,143,FALSE,FALSE
2018,"67","Kalocsai",46.5334145,18.9856969,8,38,7,9,0,1913,0.00270676691729323,7.06857142857142,0.646551724137931,0.53735632183908,144,FALSE,FALSE
2018,"68","Kaposvari",46.36653,17.782483,3,7,3,3,4806,4913,65.6391836734695,40.3714285714285,0.959770114942529,0.959770114942529,12,TRUE,TRUE
2018,"69","Kapuvar-Beledi",47.5935568,17.0249715,2,25,6,12,0,0,0.0841142857142857,0,0.827586206896552,0.0775862068965517,145,FALSE,FALSE
2018,"70","Karcagi",47.316632,20.9220631,8,38,7,9,0,1384,0.00270676691729323,7.06857142857142,0.646551724137931,0.53735632183908,146,FALSE,FALSE
2018,"71","Kazincbarcikai",48.25317,20.6456512,6,20,8,8,0,2139,0,9.53,0.267241379310345,0.704022988505747,147,FALSE,FALSE
2018,"72","Kecskemeti",46.9062092,19.6899774,3,7,3,3,6573,7701,65.6391836734695,40.3714285714285,0.959770114942529,0.959770114942529,14,TRUE,TRUE
2018,"73","Keszthelyi",46.7695893,17.2481444,6,20,8,8,0,2069,0,9.53,0.267241379310345,0.704022988505747,148,FALSE,FALSE
2018,"74","Kisberi",47.501673,18.0269161,7,31,8,10,0,604,0,4.93400921658986,0.267241379310345,0.339080459770115,149,FALSE,FALSE
2018,"75","Kiskorosi",46.620386,19.283827,1,15,8,7,0,1983,0,11.2304761904762,0.267241379310345,0.804597701149425,150,FALSE,FALSE
2018,"76","Kiskunfelegyhazai",46.7050953,19.8499199,2,25,6,12,0,0,0.0841142857142857,0,0.827586206896552,0.0775862068965517,151,FALSE,FALSE
2018,"77","Kiskunhalasi",46.432037,19.4885269,1,15,8,7,0,1886,0,11.2304761904762,0.267241379310345,0.804597701149425,152,FALSE,FALSE
2018,"78","Kiskunmajsai",46.492344,19.7368448,8,38,7,9,0,637,0.00270676691729323,7.06857142857142,0.646551724137931,0.53735632183908,153,FALSE,FALSE
2018,"79","Kisteleki",46.4696447,19.9803972,7,31,8,10,0,533,0,4.93400921658986,0.267241379310345,0.339080459770115,154,FALSE,FALSE
2018,"80","Kisvardai",48.2264002,22.0846211,1,15,8,7,0,3111,0,11.2304761904762,0.267241379310345,0.804597701149425,156,FALSE,FALSE
2018,"81","Komaromi",47.7434248,18.1191064,8,38,7,9,0,1439,0.00270676691729323,7.06857142857142,0.646551724137931,0.53735632183908,157,FALSE,FALSE
2018,"82","Komloi",47.600636,20.445412,8,38,7,9,0,851,0.00270676691729323,7.06857142857142,0.646551724137931,0.53735632183908,158,FALSE,FALSE
2018,"83","Kormendi",47.011113,16.6057156,9,16,8,11,0,947,0,3.07714285714286,0.267241379310345,0.204022988505747,159,FALSE,FALSE
2018,"84","Koszegi",47.381935,16.552229,7,31,8,10,0,945,0,4.93400921658986,0.267241379310345,0.339080459770115,160,FALSE,FALSE
2018,"85","Kunszentmartoni",46.841082,20.287233,8,38,7,9,0,1102,0.00270676691729323,7.06857142857142,0.646551724137931,0.53735632183908,161,FALSE,FALSE
2018,"86","Kunszentmiklosi",47.026444,19.1227831,1,15,8,7,0,875,0,11.2304761904762,0.267241379310345,0.804597701149425,162,FALSE,FALSE
2018,"87","Lengyeltoti",46.667049,17.6407711,2,25,6,12,0,0,0.0841142857142857,0,0.827586206896552,0.0775862068965517,163,FALSE,FALSE
2018,"88","Lenti",46.623785,16.546001,7,31,8,10,0,589,0,4.93400921658986,0.267241379310345,0.339080459770115,164,FALSE,FALSE
2018,"89","Letenyei",46.4337456,16.7221882,7,31,8,10,0,515,0,4.93400921658986,0.267241379310345,0.339080459770115,165,FALSE,FALSE
2018,"90","Makoi",46.21498,20.47513,8,38,7,9,0,1499,0.00270676691729323,7.06857142857142,0.646551724137931,0.53735632183908,167,FALSE,FALSE
2018,"91","Marcali",46.582815,17.4119018,8,38,7,9,0,1122,0.00270676691729323,7.06857142857142,0.646551724137931,0.53735632183908,168,FALSE,FALSE
2018,"92","Mateszalkai",47.943265,22.316904,7,31,8,10,0,2323,0,4.93400921658986,0.267241379310345,0.339080459770115,169,FALSE,FALSE
2018,"93","Mezocsati",47.823541,20.9028038,9,16,8,11,0,337,0,3.07714285714286,0.267241379310345,0.204022988505747,170,FALSE,FALSE
2018,"94","Mezokovacshazai",46.4071834,20.9241681,8,38,7,9,0,1067,0.00270676691729323,7.06857142857142,0.646551724137931,0.53735632183908,171,FALSE,FALSE
2018,"95","Mezokovesdi",47.8068796,20.5650907,8,38,7,9,0,1720,0.00270676691729323,7.06857142857142,0.646551724137931,0.53735632183908,172,FALSE,FALSE
2018,"96","Mezoturi",47.00278,20.618465,6,20,8,8,0,934,0,9.53,0.267241379310345,0.704022988505747,173,FALSE,FALSE
2018,"97","Miskolci",48.1043854,20.7913563,3,7,3,3,11549,10970,65.6391836734695,40.3714285714285,0.959770114942529,0.959770114942529,7,TRUE,TRUE
2018,"98","Mohacsi",45.9959241,18.6798279,8,38,7,9,0,1104,0.00270676691729323,7.06857142857142,0.646551724137931,0.53735632183908,174,FALSE,FALSE
2018,"99","Monori",47.34754,19.448946,1,15,8,7,0,2724,0,11.2304761904762,0.267241379310345,0.804597701149425,175,FALSE,FALSE
2018,"100","Morahalomi",46.217922,19.883719,2,25,6,12,0,0,0.0841142857142857,0,0.827586206896552,0.0775862068965517,28,FALSE,FALSE
2018,"101","Mori",47.3717781,18.2085973,6,20,8,8,0,1491,0,9.53,0.267241379310345,0.704022988505747,29,FALSE,FALSE
2018,"102","Mosonmagyarovari",47.8744063,17.2693897,6,20,8,8,0,2327,0,9.53,0.267241379310345,0.704022988505747,30,FALSE,FALSE
2018,"103","Nagyatadi",46.23001,17.3574429,7,31,8,10,0,911,0,4.93400921658986,0.267241379310345,0.339080459770115,31,FALSE,FALSE
2018,"104","Nagykalloi",47.875519,21.8460521,8,38,7,9,0,1225,0.00270676691729323,7.06857142857142,0.646551724137931,0.53735632183908,32,FALSE,FALSE
2018,"105","Nagykanizsai",46.455237,16.9953419,5,7,8,5,0,2919,0,21.7477551020408,0.267241379310345,0.890804597701149,33,FALSE,FALSE
2018,"106","Nagykatai",47.4181175,19.7422453,1,15,8,7,0,2665,0,11.2304761904762,0.267241379310345,0.804597701149425,34,FALSE,FALSE
2018,"107","Nyirbatori",47.835414,22.130289,8,38,7,9,0,1539,0.00270676691729323,7.06857142857142,0.646551724137931,0.53735632183908,35,FALSE,FALSE
2018,"108","Nyiregyhazai",47.9532583,21.7264647,10,3,4,12,4134,0,17.84,0,0.931034482758621,0.0775862068965517,11,TRUE,TRUE
2018,"109","Oroshazai",46.5615338,20.6619204,10,3,4,12,2031,0,17.84,0,0.931034482758621,0.0775862068965517,13,TRUE,TRUE
2018,"110","Oroszlanyi",47.4943329,18.3215448,6,20,8,8,0,1019,0,9.53,0.267241379310345,0.704022988505747,37,FALSE,FALSE
2018,"111","Ozdi",48.2195564,20.2869186,7,31,8,10,0,1323,0,4.93400921658986,0.267241379310345,0.339080459770115,38,FALSE,FALSE
2018,"112","Oriszentpeteri",46.838954,16.4211574,2,25,6,12,0,0,0.0841142857142857,0,0.827586206896552,0.0775862068965517,39,FALSE,FALSE
2018,"113","Pacsai",46.7226412,17.0096878,2,25,6,12,0,0,0.0841142857142857,0,0.827586206896552,0.0775862068965517,40,FALSE,FALSE
2018,"114","Paksi",46.626368,18.8652409,1,15,8,7,0,2214,0,11.2304761904762,0.267241379310345,0.804597701149425,41,FALSE,FALSE
2018,"115","Pannonhalmai",47.55021,17.754228,2,25,6,12,0,0,0.0841142857142857,0,0.827586206896552,0.0775862068965517,42,FALSE,FALSE
2018,"116","Papai",47.3308153,17.4660302,8,38,7,9,0,1989,0.00270676691729323,7.06857142857142,0.646551724137931,0.53735632183908,43,FALSE,FALSE
2018,"117","Pasztoi",47.919562,19.6978939,8,38,7,9,0,1074,0.00270676691729323,7.06857142857142,0.646551724137931,0.53735632183908,44,FALSE,FALSE
2018,"118","Pecsi",46.0713242,18.2331772,12,3,2,2,26138,8596,160.102857142857,59.2019047619047,0.988505747126437,0.988505747126437,4,TRUE,TRUE
2018,"119","Pecsvaradi",46.158114,18.422176,9,16,8,11,0,352,0,3.07714285714286,0.267241379310345,0.204022988505747,45,FALSE,FALSE
2018,"120","Petervasarai",48.017941,20.1019849,7,31,8,10,0,640,0,4.93400921658986,0.267241379310345,0.339080459770115,47,FALSE,FALSE
2018,"121","Pilisvorosvari",47.6212089,18.9111742,5,7,8,5,0,3585,0,21.7477551020408,0.267241379310345,0.890804597701149,48,FALSE,FALSE
2018,"122","Polgari",47.866362,21.1242449,2,25,6,12,0,0,0.0841142857142857,0,0.827586206896552,0.0775862068965517,49,FALSE,FALSE
2018,"123","Puspokladanyi",47.3176758,21.1165369,7,31,8,10,0,1324,0,4.93400921658986,0.267241379310345,0.339080459770115,50,FALSE,FALSE
2018,"124","Rackevei",47.1611023,18.9455669,1,15,8,7,0,1417,0,11.2304761904762,0.267241379310345,0.804597701149425,51,FALSE,FALSE
2018,"125","Retsagi",47.9278597,19.1372757,8,38,7,9,0,1040,0.00270676691729323,7.06857142857142,0.646551724137931,0.53735632183908,52,FALSE,FALSE
2018,"126","Salgotarjani",48.0853167,19.7869357,6,20,8,8,0,2324,0,9.53,0.267241379310345,0.704022988505747,53,FALSE,FALSE
2018,"127","Sarbogardi",46.887769,18.6193289,6,20,8,8,0,892,0,9.53,0.267241379310345,0.704022988505747,54,FALSE,FALSE
2018,"128","Sarkadi",46.746283,21.3848669,8,38,7,9,0,720,0.00270676691729323,7.06857142857142,0.646551724137931,0.53735632183908,55,FALSE,FALSE
2018,"129","Sarospataki",48.318984,21.5663738,8,38,7,9,18,1122,0.00270676691729323,7.06857142857142,0.646551724137931,0.53735632183908,24,FALSE,FALSE
2018,"130","Sarvari",47.2540616,16.9352309,7,31,8,10,0,1221,0,4.93400921658986,0.267241379310345,0.339080459770115,57,FALSE,FALSE
2018,"131","Sasdi",46.2548488,18.1060595,2,25,6,12,0,0,0.0841142857142857,0,0.827586206896552,0.0775862068965517,58,FALSE,FALSE
2018,"132","Satoraljaujhelyi",48.3941408,21.6559965,7,31,8,10,0,989,0,4.93400921658986,0.267241379310345,0.339080459770115,59,FALSE,FALSE
2018,"133","Sellyei",45.8719698,17.8460989,9,16,8,11,0,245,0,3.07714285714286,0.267241379310345,0.204022988505747,60,FALSE,FALSE
2018,"134","Siklosi",45.852147,18.2988281,9,16,8,11,0,1088,0,3.07714285714286,0.267241379310345,0.204022988505747,61,FALSE,FALSE
2018,"135","Siofoki",46.9057439,18.0525018,6,20,8,8,0,2204,0,9.53,0.267241379310345,0.704022988505747,62,FALSE,FALSE
2018,"136","Sopron-Fertodi",47.684898,16.583053,10,3,4,12,3201,0,17.84,0,0.931034482758621,0.0775862068965517,10,TRUE,TRUE
2018,"137","Sumegi",46.9775543,17.2819824,7,31,8,10,0,518,0,4.93400921658986,0.267241379310345,0.339080459770115,63,FALSE,FALSE
2018,"138","Szarvasi",46.8595081,20.5595884,8,38,7,9,0,1085,0.00270676691729323,7.06857142857142,0.646551724137931,0.53735632183908,21,FALSE,FALSE
2018,"139","Szecsenyi",48.0811488,19.5197217,1,15,8,7,0,653,0,11.2304761904762,0.267241379310345,0.804597701149425,64,FALSE,FALSE
2018,"140","Szegedi",46.2536169,20.1461345,12,3,2,2,28237,10680,160.102857142857,59.2019047619047,0.988505747126437,0.988505747126437,3,TRUE,TRUE
2018,"141","Szeghalomi",47.027309,21.166263,2,25,6,12,0,0,0.0841142857142857,0,0.827586206896552,0.0775862068965517,66,FALSE,FALSE
2018,"142","Szekesfehervari",47.1887157,18.4138088,13,5,8,4,0,7363,0,35.2594285714286,0.267241379310345,0.925287356321839,20,TRUE,TRUE
2018,"143","Szekszardi",46.3485623,18.7019205,8,38,7,9,0,2518,0.00270676691729323,7.06857142857142,0.646551724137931,0.53735632183908,67,FALSE,FALSE
2018,"144","Szentendrei",47.6734712,19.07254,13,5,8,4,0,5210,0,35.2594285714286,0.267241379310345,0.925287356321839,68,FALSE,FALSE
2018,"145","Szentesi",46.65192,20.2571842,1,15,8,7,0,1550,0,11.2304761904762,0.267241379310345,0.804597701149425,69,FALSE,FALSE
2018,"146","Szentgotthardi",46.9527524,16.2737218,9,16,8,11,0,387,0,3.07714285714286,0.267241379310345,0.204022988505747,70,FALSE,FALSE
2018,"147","Szentlorinci",46.040211,17.989775,9,16,8,11,0,421,0,3.07714285714286,0.267241379310345,0.204022988505747,71,FALSE,FALSE
2018,"148","Szerencsi",48.162418,21.205206,8,38,7,9,0,1407,0.00270676691729323,7.06857142857142,0.646551724137931,0.53735632183908,72,FALSE,FALSE
2018,"149","Szigetvari",46.0482577,17.8123125,7,31,8,10,0,779,0,4.93400921658986,0.267241379310345,0.339080459770115,73,FALSE,FALSE
2018,"150","Szikszoi",48.1949949,20.9294318,7,31,8,10,0,572,0,4.93400921658986,0.267241379310345,0.339080459770115,75,FALSE,FALSE
2018,"151","Szobi",47.818012,18.8667731,8,38,7,9,0,1013,0.00270676691729323,7.06857142857142,0.646551724137931,0.53735632183908,76,FALSE,FALSE
2018,"152","Szolnoki",47.174662,20.17628,13,5,8,4,0,5505,0,35.2594285714286,0.267241379310345,0.925287356321839,15,TRUE,TRUE
2018,"153","Szombathelyi",47.23514,16.6219178,5,7,8,5,0,4680,0,21.7477551020408,0.267241379310345,0.890804597701149,23,FALSE,FALSE
2018,"154","Tabi",46.729486,18.0329558,9,16,8,11,0,308,0,3.07714285714286,0.267241379310345,0.204022988505747,77,FALSE,FALSE
2018,"155","Tamasi",46.6295947,18.2846991,8,38,7,9,0,983,0.00270676691729323,7.06857142857142,0.646551724137931,0.53735632183908,78,FALSE,FALSE
2018,"156","Tapolcai",46.88289,17.4413581,6,20,8,8,0,1306,0,9.53,0.267241379310345,0.704022988505747,79,FALSE,FALSE
2018,"157","Tatabanyai",47.5861869,18.3947662,4,4,5,6,1219,3351,8.55571428571428,18.3357142857143,0.910919540229885,0.859195402298851,16,TRUE,TRUE
2018,"158","Tatai",47.655255,18.3285248,6,20,8,8,0,1811,0,9.53,0.267241379310345,0.704022988505747,80,FALSE,FALSE
2018,"159","Teti",47.515979,17.5168418,9,16,8,11,0,382,0,3.07714285714286,0.267241379310345,0.204022988505747,81,FALSE,FALSE
2018,"160","Tiszafuredi",47.615345,20.7617821,7,31,8,10,0,656,0,4.93400921658986,0.267241379310345,0.339080459770115,83,FALSE,FALSE
2018,"161","Tiszaujvarosi",47.92291,21.052195,7,31,8,10,0,1466,0,4.93400921658986,0.267241379310345,0.339080459770115,84,FALSE,FALSE
2018,"162","Tiszavasvari",47.9511368,21.3687867,7,31,8,10,0,822,0,4.93400921658986,0.267241379310345,0.339080459770115,85,FALSE,FALSE
2018,"163","Tokaji",48.119994,21.412563,9,16,8,11,0,495,0,3.07714285714286,0.267241379310345,0.204022988505747,86,FALSE,FALSE
2018,"164","Torokszentmiklosi",47.180736,20.4182932,8,38,7,9,0,1107,0.00270676691729323,7.06857142857142,0.646551724137931,0.53735632183908,87,FALSE,FALSE
2018,"165","Vaci",47.7754454,19.1377076,4,4,5,6,1617,3373,8.55571428571428,18.3357142857143,0.910919540229885,0.859195402298851,17,TRUE,TRUE
2018,"166","Varpalotai",47.1973949,18.1396572,8,38,7,9,0,1152,0.00270676691729323,7.06857142857142,0.646551724137931,0.53735632183908,88,FALSE,FALSE
2018,"167","Vasarosnamenyi",48.126772,22.318366,7,31,8,10,0,1374,0,4.93400921658986,0.267241379310345,0.339080459770115,89,FALSE,FALSE
2018,"168","Vasvari",47.051087,16.7985158,9,16,8,11,0,376,0,3.07714285714286,0.267241379310345,0.204022988505747,90,FALSE,FALSE
2018,"169","Veresegyhazi",47.65714,19.284962,2,25,6,12,0,0,0.0841142857142857,0,0.827586206896552,0.0775862068965517,91,FALSE,FALSE
2018,"170","Veszpremi",47.092967,17.913785,3,7,3,3,10034,4130,65.6391836734695,40.3714285714285,0.959770114942529,0.959770114942529,9,TRUE,TRUE
2018,"171","Zahonyi",48.406999,22.1745391,7,31,8,10,0,811,0,4.93400921658986,0.267241379310345,0.339080459770115,93,FALSE,FALSE
2018,"172","Zalaegerszegi",46.845412,16.8472302,5,7,8,5,0,4161,0,21.7477551020408,0.267241379310345,0.890804597701149,94,FALSE,FALSE
2018,"173","Zalakarosi",46.5605989,17.1230251,2,25,6,12,0,0,0.0841142857142857,0,0.827586206896552,0.0775862068965517,95,FALSE,FALSE
2018,"174","Zalaszentgroti",46.947143,17.0790458,7,31,8,10,0,459,0,4.93400921658986,0.267241379310345,0.339080459770115,96,FALSE,FALSE
2018,"175","Zirci",47.2630578,17.8725401,7,31,8,10,0,629,0,4.93400921658986,0.267241379310345,0.339080459770115,97,FALSE,FALSE
2019,"1","Abai",47.028736,18.517633,12,13,6,13,0,0,0,0,0.367816091954023,0.0344827586206897,26,FALSE,FALSE
2019,"2","Abauj-Hegykozi",48.471017,21.2741752,2,32,6,12,0,456,0,2.78946428571429,0.367816091954023,0.163793103448276,100,FALSE,FALSE
2019,"3","Adonyi",47.119574,18.8652611,12,13,6,13,0,0,0,0,0.367816091954023,0.0344827586206897,109,FALSE,FALSE
2019,"4","Ajkai",47.1068802,17.563957,5,27,5,9,0,1246,0.00486772486772489,6.77756613756614,0.816091954022989,0.528735632183908,118,FALSE,FALSE
2019,"5","Aszodi",47.6523763,19.4759463,5,27,5,9,0,1500,0.00486772486772489,6.77756613756614,0.816091954022989,0.528735632183908,127,FALSE,FALSE
2019,"6","Bacsalmasi",46.123955,19.32633,2,32,6,12,0,458,0,2.78946428571429,0.367816091954023,0.163793103448276,136,FALSE,FALSE
2019,"7","Bajai",46.1834182,18.9538158,7,4,4,5,742,2319,5.28142857142858,21.7628571428571,0.905172413793103,0.864942528735632,19,TRUE,TRUE
2019,"8","Baktaloranthazai",47.997697,22.0766029,2,32,6,12,0,608,0,2.78946428571429,0.367816091954023,0.163793103448276,155,FALSE,FALSE
2019,"9","Balassagyarmati",48.078798,19.2938953,5,27,5,9,0,1387,0.00486772486772489,6.77756613756614,0.816091954022989,0.528735632183908,166,FALSE,FALSE
2019,"10","Balatonalmadi",47.0286976,18.0148627,3,20,6,8,0,1046,0,8.06542857142857,0.367816091954023,0.663793103448276,27,FALSE,FALSE
2019,"11","Balatonfoldvari",46.8497238,17.8794039,12,13,6,13,0,0,0,0,0.367816091954023,0.0344827586206897,36,FALSE,FALSE
2019,"12","Balatonfuredi",46.9564612,17.8889631,5,27,5,9,0,958,0.00486772486772489,6.77756613756614,0.816091954022989,0.528735632183908,46,FALSE,FALSE
2019,"13","Balmazujvarosi",47.612435,21.343577,11,27,6,11,0,918,0,4.48825396825397,0.367816091954023,0.333333333333333,56,FALSE,FALSE
2019,"14","Barcsi",45.959228,17.4666786,11,27,6,11,0,551,0,4.48825396825397,0.367816091954023,0.333333333333333,65,FALSE,FALSE
2019,"15","Batonyterenyei",47.989222,19.828845,9,7,6,10,0,554,0,4.79102040816327,0.367816091954023,0.431034482758621,74,FALSE,FALSE
2019,"16","Bekescsabai",46.6841987,21.0867872,6,10,6,6,0,3299,0,18.1845714285714,0.367816091954023,0.824712643678161,82,FALSE,FALSE
2019,"17","Bekesi",46.6704899,21.0434996,3,20,6,8,0,1180,0,8.06542857142857,0.367816091954023,0.663793103448276,92,FALSE,FALSE
2019,"18","Belapatfalvai",48.052725,20.348591,2,32,6,12,0,278,0,2.78946428571429,0.367816091954023,0.163793103448276,98,FALSE,FALSE
2019,"19","Berettyoujfalui",47.233892,21.5340216,11,27,6,11,0,1245,0,4.48825396825397,0.367816091954023,0.333333333333333,99,FALSE,FALSE
2019,"20","Bicskei",47.490759,18.6362719,3,20,6,8,0,1336,0,8.06542857142857,0.367816091954023,0.663793103448276,101,FALSE,FALSE
2019,"21","Bodrogkozi",48.263291,21.8918689,2,32,6,12,0,347,0,2.78946428571429,0.367816091954023,0.163793103448276,102,FALSE,FALSE
2019,"22","Bonyhadi",46.2986759,18.5305778,2,32,6,12,0,885,0,2.78946428571429,0.367816091954023,0.163793103448276,103,FALSE,FALSE
2019,"23","Budaorsi",47.460753,18.9581146,7,4,4,5,493,6408,5.28142857142858,21.7628571428571,0.905172413793103,0.864942528735632,22,FALSE,FALSE
2019,"24","Budapesti",47.4984056,19.0407578,4,1,1,1,198272,77916,1132.98285714286,445.234285714286,1,1,1,TRUE,FALSE
2019,"25","Cegledi",47.1772081,19.7980311,13,7,6,3,0,4407,0,30.254693877551,0.367816091954023,0.942528735632184,104,FALSE,FALSE
2019,"26","Celldomolki",47.257515,17.1526399,2,32,6,12,0,673,0,2.78946428571429,0.367816091954023,0.163793103448276,105,FALSE,FALSE
2019,"27","Csengeri",47.8350105,22.6822754,2,32,6,12,0,428,0,2.78946428571429,0.367816091954023,0.163793103448276,106,FALSE,FALSE
2019,"28","Csepregi",47.401546,16.7081249,12,13,6,13,0,0,0,0,0.367816091954023,0.0344827586206897,107,FALSE,FALSE
2019,"29","Csongradi",46.710833,20.144575,11,27,6,11,0,694,0,4.48825396825397,0.367816091954023,0.333333333333333,108,FALSE,FALSE
2019,"30","Csornai",47.601529,17.249978,5,27,5,9,0,928,0.00486772486772489,6.77756613756614,0.816091954022989,0.528735632183908,110,FALSE,FALSE
2019,"31","Csurgoi",46.260776,17.095325,11,27,6,11,0,389,0,4.48825396825397,0.367816091954023,0.333333333333333,111,FALSE,FALSE
2019,"32","Dabasi",47.192283,19.330853,3,20,6,8,0,1638,0,8.06542857142857,0.367816091954023,0.663793103448276,112,FALSE,FALSE
2019,"33","Debreceni",47.5299739,21.6393571,10,6,2,2,33717,10772,127.800952380953,52.3980952380952,0.979885057471264,0.979885057471264,2,TRUE,TRUE
2019,"34","Derecske-Letavertesi",47.3824608,21.891967,11,27,6,11,0,1086,0,4.48825396825397,0.367816091954023,0.333333333333333,113,FALSE,FALSE
2019,"35","Devecseri",47.106397,17.437279,2,32,6,12,0,293,0,2.78946428571429,0.367816091954023,0.163793103448276,114,FALSE,FALSE
2019,"36","Dombovari",46.383295,18.131089,3,20,6,8,0,895,0,8.06542857142857,0.367816091954023,0.663793103448276,115,FALSE,FALSE
2019,"37","Dorogi",47.7197439,18.7287817,12,13,6,13,0,0,0,0,0.367816091954023,0.0344827586206897,116,FALSE,FALSE
2019,"38","Dunakeszi",47.6297228,19.1380528,13,7,6,3,0,4722,0,30.254693877551,0.367816091954023,0.942528735632184,117,FALSE,FALSE
2019,"39","Dunaujvarosi",46.980668,18.9127069,8,8,3,4,2470,3186,34.18,29.0892857142857,0.939655172413793,0.899425287356322,18,TRUE,TRUE
2019,"40","Edelenyi",48.2966608,20.7442671,11,27,6,11,0,898,0,4.48825396825397,0.367816091954023,0.333333333333333,119,FALSE,FALSE
2019,"41","Egri",47.9031987,20.3731077,8,8,3,4,12731,4138,34.18,29.0892857142857,0.939655172413793,0.899425287356322,8,TRUE,TRUE
2019,"42","Encsi",48.330768,21.1219603,2,32,6,12,0,566,0,2.78946428571429,0.367816091954023,0.163793103448276,120,FALSE,FALSE
2019,"43","Enyingi",46.9296,18.242978,11,27,6,11,0,408,0,4.48825396825397,0.367816091954023,0.333333333333333,121,FALSE,FALSE
2019,"44","Ercsi",47.24966,18.891059,3,20,6,8,0,1101,0,8.06542857142857,0.367816091954023,0.663793103448276,122,FALSE,FALSE
2019,"45","Erdi",47.3783095,18.9217973,13,7,6,3,0,6621,0,30.254693877551,0.367816091954023,0.942528735632184,123,FALSE,FALSE
2019,"46","Esztergomi",47.793308,18.7419333,6,10,6,6,0,3166,0,18.1845714285714,0.367816091954023,0.824712643678161,25,FALSE,FALSE
2019,"47","Fehergyarmati",47.985063,22.517104,1,13,6,7,0,1772,0,10.2448351648352,0.367816091954023,0.758620689655172,124,FALSE,FALSE
2019,"48","Fonyodi",46.749197,17.5558792,9,7,6,10,0,1010,0,4.79102040816327,0.367816091954023,0.431034482758621,125,FALSE,FALSE
2019,"49","Fuzesabonyi",47.750888,20.409611,11,27,6,11,0,690,0,4.48825396825397,0.367816091954023,0.333333333333333,126,FALSE,FALSE
2019,"50","Gardonyi",47.1973503,18.6091412,3,20,6,8,0,1533,0,8.06542857142857,0.367816091954023,0.663793103448276,128,FALSE,FALSE
2019,"51","Godolloi",47.5975105,19.3480017,10,6,2,2,16176,8434,127.800952380953,52.3980952380952,0.979885057471264,0.979885057471264,5,TRUE,TRUE
2019,"52","Gyali",47.3808958,19.215712,3,20,6,8,0,1688,0,8.06542857142857,0.367816091954023,0.663793103448276,129,FALSE,FALSE
2019,"53","Gyongyosi",47.775028,19.9280689,6,10,6,6,0,3224,0,18.1845714285714,0.367816091954023,0.824712643678161,130,FALSE,FALSE
2019,"54","Gyori",47.684051,17.6351011,10,6,2,2,18773,8249,127.800952380953,52.3980952380952,0.979885057471264,0.979885057471264,6,TRUE,TRUE
2019,"55","Gyulai",46.642498,21.268809,1,13,6,7,0,1550,0,10.2448351648352,0.367816091954023,0.758620689655172,131,FALSE,FALSE
2019,"56","Hajduboszormenyi",47.673238,21.5076172,1,13,6,7,0,2601,0,10.2448351648352,0.367816091954023,0.758620689655172,132,FALSE,FALSE
2019,"57","Hajduhadhazi",47.68197,21.6685631,3,20,6,8,0,1465,0,8.06542857142857,0.367816091954023,0.663793103448276,133,FALSE,FALSE
2019,"58","Hajduszoboszloi",47.443667,21.389719,1,13,6,7,0,1660,0,10.2448351648352,0.367816091954023,0.758620689655172,134,FALSE,FALSE
2019,"59","Hatvani",47.668122,19.669901,1,13,6,7,0,1917,0,10.2448351648352,0.367816091954023,0.758620689655172,135,FALSE,FALSE
2019,"60","Hevesi",47.5945238,20.2882213,5,27,5,9,0,804,0.00486772486772489,6.77756613756614,0.816091954022989,0.528735632183908,137,FALSE,FALSE
2019,"61","Hevizi",46.7905869,17.1843866,12,13,6,13,0,0,0,0,0.367816091954023,0.0344827586206897,138,FALSE,FALSE
2019,"62","Hodmezovasarhelyi",46.430411,20.3188298,3,20,6,8,0,1843,0,8.06542857142857,0.367816091954023,0.663793103448276,139,FALSE,FALSE
2019,"63","Ibrany-Nagyhalaszi",48.134908,21.7187528,2,32,6,12,0,655,0,2.78946428571429,0.367816091954023,0.163793103448276,140,FALSE,FALSE
2019,"64","Janoshalmai",46.2967401,19.3228798,9,7,6,10,0,516,0,4.79102040816327,0.367816091954023,0.431034482758621,141,FALSE,FALSE
2019,"65","Jaszberenyi",47.5006181,19.9147188,6,10,6,6,0,2833,0,18.1845714285714,0.367816091954023,0.824712643678161,142,FALSE,FALSE
2019,"66","Kadarkuti",46.2311466,17.6157102,12,13,6,13,0,0,0,0,0.367816091954023,0.0344827586206897,143,FALSE,FALSE
2019,"67","Kalocsai",46.5334145,18.9856969,5,27,5,9,0,1550,0.00486772486772489,6.77756613756614,0.816091954022989,0.528735632183908,144,FALSE,FALSE
2019,"68","Kaposvari",46.36653,17.782483,8,8,3,4,4169,4350,34.18,29.0892857142857,0.939655172413793,0.899425287356322,12,TRUE,TRUE
2019,"69","Kapuvar-Beledi",47.5935568,17.0249715,2,32,6,12,0,595,0,2.78946428571429,0.367816091954023,0.163793103448276,145,FALSE,FALSE
2019,"70","Karcagi",47.316632,20.9220631,5,27,5,9,0,1272,0.00486772486772489,6.77756613756614,0.816091954022989,0.528735632183908,146,FALSE,FALSE
2019,"71","Kazincbarcikai",48.25317,20.6456512,3,20,6,8,0,2006,0,8.06542857142857,0.367816091954023,0.663793103448276,147,FALSE,FALSE
2019,"72","Kecskemeti",46.9062092,19.6899774,8,8,3,4,7526,7719,34.18,29.0892857142857,0.939655172413793,0.899425287356322,14,TRUE,TRUE
2019,"73","Keszthelyi",46.7695893,17.2481444,1,13,6,7,0,1794,0,10.2448351648352,0.367816091954023,0.758620689655172,148,FALSE,FALSE
2019,"74","Kisberi",47.501673,18.0269161,11,27,6,11,0,446,0,4.48825396825397,0.367816091954023,0.333333333333333,149,FALSE,FALSE
2019,"75","Kiskorosi",46.620386,19.283827,1,13,6,7,0,1712,0,10.2448351648352,0.367816091954023,0.758620689655172,150,FALSE,FALSE
2019,"76","Kiskunfelegyhazai",46.7050953,19.8499199,3,20,6,8,0,1397,0,8.06542857142857,0.367816091954023,0.663793103448276,151,FALSE,FALSE
2019,"77","Kiskunhalasi",46.432037,19.4885269,5,27,5,9,0,1686,0.00486772486772489,6.77756613756614,0.816091954022989,0.528735632183908,152,FALSE,FALSE
2019,"78","Kiskunmajsai",46.492344,19.7368448,11,27,6,11,0,492,0,4.48825396825397,0.367816091954023,0.333333333333333,153,FALSE,FALSE
2019,"79","Kisteleki",46.4696447,19.9803972,11,27,6,11,0,422,0,4.48825396825397,0.367816091954023,0.333333333333333,154,FALSE,FALSE
2019,"80","Kisvardai",48.2264002,22.0846211,6,10,6,6,0,2575,0,18.1845714285714,0.367816091954023,0.824712643678161,156,FALSE,FALSE
2019,"81","Komaromi",47.7434248,18.1191064,5,27,5,9,0,1342,0.00486772486772489,6.77756613756614,0.816091954022989,0.528735632183908,157,FALSE,FALSE
2019,"82","Komloi",47.600636,20.445412,9,7,6,10,0,721,0,4.79102040816327,0.367816091954023,0.431034482758621,158,FALSE,FALSE
2019,"83","Kormendi",47.011113,16.6057156,11,27,6,11,0,758,0,4.48825396825397,0.367816091954023,0.333333333333333,159,FALSE,FALSE
2019,"84","Koszegi",47.381935,16.552229,2,32,6,12,0,756,0,2.78946428571429,0.367816091954023,0.163793103448276,160,FALSE,FALSE
2019,"85","Kunszentmartoni",46.841082,20.287233,3,20,6,8,0,928,0,8.06542857142857,0.367816091954023,0.663793103448276,161,FALSE,FALSE
2019,"86","Kunszentmiklosi",47.026444,19.1227831,3,20,6,8,0,844,0,8.06542857142857,0.367816091954023,0.663793103448276,162,FALSE,FALSE
2019,"87","Lengyeltoti",46.667049,17.6407711,12,13,6,13,0,0,0,0,0.367816091954023,0.0344827586206897,163,FALSE,FALSE
2019,"88","Lenti",46.623785,16.546001,2,32,6,12,0,531,0,2.78946428571429,0.367816091954023,0.163793103448276,164,FALSE,FALSE
2019,"89","Letenyei",46.4337456,16.7221882,2,32,6,12,0,383,0,2.78946428571429,0.367816091954023,0.163793103448276,165,FALSE,FALSE
2019,"90","Makoi",46.21498,20.47513,1,13,6,7,0,1343,0,10.2448351648352,0.367816091954023,0.758620689655172,167,FALSE,FALSE
2019,"91","Marcali",46.582815,17.4119018,11,27,6,11,0,883,0,4.48825396825397,0.367816091954023,0.333333333333333,168,FALSE,FALSE
2019,"92","Mateszalkai",47.943265,22.316904,1,13,6,7,0,1883,0,10.2448351648352,0.367816091954023,0.758620689655172,169,FALSE,FALSE
2019,"93","Mezocsati",47.823541,20.9028038,2,32,6,12,0,367,0,2.78946428571429,0.367816091954023,0.163793103448276,170,FALSE,FALSE
2019,"94","Mezokovacshazai",46.4071834,20.9241681,11,27,6,11,0,974,0,4.48825396825397,0.367816091954023,0.333333333333333,171,FALSE,FALSE
2019,"95","Mezokovesdi",47.8068796,20.5650907,1,13,6,7,0,1560,0,10.2448351648352,0.367816091954023,0.758620689655172,172,FALSE,FALSE
2019,"96","Mezoturi",47.00278,20.618465,5,27,5,9,0,858,0.00486772486772489,6.77756613756614,0.816091954022989,0.528735632183908,173,FALSE,FALSE
2019,"97","Miskolci",48.1043854,20.7913563,10,6,2,2,11820,10030,127.800952380953,52.3980952380952,0.979885057471264,0.979885057471264,7,TRUE,TRUE
2019,"98","Mohacsi",45.9959241,18.6798279,11,27,6,11,0,1337,0,4.48825396825397,0.367816091954023,0.333333333333333,174,FALSE,FALSE
2019,"99","Monori",47.34754,19.448946,13,7,6,3,0,4573,0,30.254693877551,0.367816091954023,0.942528735632184,175,FALSE,FALSE
2019,"100","Morahalomi",46.217922,19.883719,5,27,5,9,0,985,0.00486772486772489,6.77756613756614,0.816091954022989,0.528735632183908,28,FALSE,FALSE
2019,"101","Mori",47.3717781,18.2085973,9,7,6,10,0,1168,0,4.79102040816327,0.367816091954023,0.431034482758621,29,FALSE,FALSE
2019,"102","Mosonmagyarovari",47.8744063,17.2693897,1,13,6,7,0,2043,0,10.2448351648352,0.367816091954023,0.758620689655172,30,FALSE,FALSE
2019,"103","Nagyatadi",46.23001,17.3574429,2,32,6,12,0,708,0,2.78946428571429,0.367816091954023,0.163793103448276,31,FALSE,FALSE
2019,"104","Nagykalloi",47.875519,21.8460521,2,32,6,12,0,993,0,2.78946428571429,0.367816091954023,0.163793103448276,32,FALSE,FALSE
2019,"105","Nagykanizsai",46.455237,16.9953419,6,10,6,6,0,2562,0,18.1845714285714,0.367816091954023,0.824712643678161,33,FALSE,FALSE
2019,"106","Nagykatai",47.4181175,19.7422453,3,20,6,8,0,2159,0,8.06542857142857,0.367816091954023,0.663793103448276,34,FALSE,FALSE
2019,"107","Nyirbatori",47.835414,22.130289,5,27,5,9,0,1338,0.00486772486772489,6.77756613756614,0.816091954022989,0.528735632183908,35,FALSE,FALSE
2019,"108","Nyiregyhazai",47.9532583,21.7264647,8,8,3,4,5822,8221,34.18,29.0892857142857,0.939655172413793,0.899425287356322,11,TRUE,TRUE
2019,"109","Oroshazai",46.5615338,20.6619204,1,13,6,7,0,1648,0,10.2448351648352,0.367816091954023,0.758620689655172,13,TRUE,TRUE
2019,"110","Oroszlanyi",47.4943329,18.3215448,5,27,5,9,0,864,0.00486772486772489,6.77756613756614,0.816091954022989,0.528735632183908,37,FALSE,FALSE
2019,"111","Ozdi",48.2195564,20.2869186,5,27,5,9,0,1620,0.00486772486772489,6.77756613756614,0.816091954022989,0.528735632183908,38,FALSE,FALSE
2019,"112","Oriszentpeteri",46.838954,16.4211574,12,13,6,13,0,0,0,0,0.367816091954023,0.0344827586206897,39,FALSE,FALSE
2019,"113","Pacsai",46.7226412,17.0096878,12,13,6,13,0,0,0,0,0.367816091954023,0.0344827586206897,40,FALSE,FALSE
2019,"114","Paksi",46.626368,18.8652409,3,20,6,8,0,1837,0,8.06542857142857,0.367816091954023,0.663793103448276,41,FALSE,FALSE
2019,"115","Pannonhalmai",47.55021,17.754228,2,32,6,12,0,482,0,2.78946428571429,0.367816091954023,0.163793103448276,42,FALSE,FALSE
2019,"116","Papai",47.3308153,17.4660302,1,13,6,7,0,1824,0,10.2448351648352,0.367816091954023,0.758620689655172,43,FALSE,FALSE
2019,"117","Pasztoi",47.919562,19.6978939,5,27,5,9,0,970,0.00486772486772489,6.77756613756614,0.816091954022989,0.528735632183908,44,FALSE,FALSE
2019,"118","Pecsi",46.0713242,18.2331772,10,6,2,2,25037,7821,127.800952380953,52.3980952380952,0.979885057471264,0.979885057471264,4,TRUE,TRUE
2019,"119","Pecsvaradi",46.158114,18.422176,2,32,6,12,0,264,0,2.78946428571429,0.367816091954023,0.163793103448276,45,FALSE,FALSE
2019,"120","Petervasarai",48.017941,20.1019849,2,32,6,12,0,595,0,2.78946428571429,0.367816091954023,0.163793103448276,47,FALSE,FALSE
2019,"121","Pilisvorosvari",47.6212089,18.9111742,6,10,6,6,0,3528,0,18.1845714285714,0.367816091954023,0.824712643678161,48,FALSE,FALSE
2019,"122","Polgari",47.866362,21.1242449,12,13,6,13,0,0,0,0,0.367816091954023,0.0344827586206897,49,FALSE,FALSE
2019,"123","Puspokladanyi",47.3176758,21.1165369,11,27,6,11,0,1161,0,4.48825396825397,0.367816091954023,0.333333333333333,50,FALSE,FALSE
2019,"124","Rackevei",47.1611023,18.9455669,13,7,6,3,0,6439,0,30.254693877551,0.367816091954023,0.942528735632184,51,FALSE,FALSE
2019,"125","Retsagi",47.9278597,19.1372757,3,20,6,8,0,884,0,8.06542857142857,0.367816091954023,0.663793103448276,52,FALSE,FALSE
2019,"126","Salgotarjani",48.0853167,19.7869357,5,27,5,9,0,2245,0.00486772486772489,6.77756613756614,0.816091954022989,0.528735632183908,53,FALSE,FALSE
2019,"127","Sarbogardi",46.887769,18.6193289,5,27,5,9,0,723,0.00486772486772489,6.77756613756614,0.816091954022989,0.528735632183908,54,FALSE,FALSE
2019,"128","Sarkadi",46.746283,21.3848669,11,27,6,11,0,650,0,4.48825396825397,0.367816091954023,0.333333333333333,55,FALSE,FALSE
2019,"129","Sarospataki",48.318984,21.5663738,5,27,5,9,23,879,0.00486772486772489,6.77756613756614,0.816091954022989,0.528735632183908,24,FALSE,FALSE
2019,"130","Sarvari",47.2540616,16.9352309,11,27,6,11,0,1050,0,4.48825396825397,0.367816091954023,0.333333333333333,57,FALSE,FALSE
2019,"131","Sasdi",46.2548488,18.1060595,2,32,6,12,0,222,0,2.78946428571429,0.367816091954023,0.163793103448276,58,FALSE,FALSE
2019,"132","Satoraljaujhelyi",48.3941408,21.6559965,11,27,6,11,0,812,0,4.48825396825397,0.367816091954023,0.333333333333333,59,FALSE,FALSE
2019,"133","Sellyei",45.8719698,17.8460989,2,32,6,12,0,285,0,2.78946428571429,0.367816091954023,0.163793103448276,60,FALSE,FALSE
2019,"134","Siklosi",45.852147,18.2988281,11,27,6,11,0,896,0,4.48825396825397,0.367816091954023,0.333333333333333,61,FALSE,FALSE
2019,"135","Siofoki",46.9057439,18.0525018,3,20,6,8,0,1902,0,8.06542857142857,0.367816091954023,0.663793103448276,62,FALSE,FALSE
2019,"136","Sopron-Fertodi",47.684898,16.583053,8,8,3,4,3836,3289,34.18,29.0892857142857,0.939655172413793,0.899425287356322,10,TRUE,TRUE
2019,"137","Sumegi",46.9775543,17.2819824,2,32,6,12,0,449,0,2.78946428571429,0.367816091954023,0.163793103448276,63,FALSE,FALSE
2019,"138","Szarvasi",46.8595081,20.5595884,5,27,5,9,0,1742,0.00486772486772489,6.77756613756614,0.816091954022989,0.528735632183908,21,FALSE,FALSE
2019,"139","Szecsenyi",48.0811488,19.5197217,11,27,6,11,0,589,0,4.48825396825397,0.367816091954023,0.333333333333333,64,FALSE,FALSE
2019,"140","Szegedi",46.2536169,20.1461345,10,6,2,2,28668,9712,127.800952380953,52.3980952380952,0.979885057471264,0.979885057471264,3,TRUE,TRUE
2019,"141","Szeghalomi",47.027309,21.166263,9,7,6,10,0,763,0,4.79102040816327,0.367816091954023,0.431034482758621,66,FALSE,FALSE
2019,"142","Szekesfehervari",47.1887157,18.4138088,8,8,3,4,2627,6459,34.18,29.0892857142857,0.939655172413793,0.899425287356322,20,TRUE,TRUE
2019,"143","Szekszardi",46.3485623,18.7019205,6,10,6,6,0,2719,0,18.1845714285714,0.367816091954023,0.824712643678161,67,FALSE,FALSE
2019,"144","Szentendrei",47.6734712,19.07254,13,7,6,3,0,5216,0,30.254693877551,0.367816091954023,0.942528735632184,68,FALSE,FALSE
2019,"145","Szentesi",46.65192,20.2571842,5,27,5,9,0,1339,0.00486772486772489,6.77756613756614,0.816091954022989,0.528735632183908,69,FALSE,FALSE
2019,"146","Szentgotthardi",46.9527524,16.2737218,11,27,6,11,0,423,0,4.48825396825397,0.367816091954023,0.333333333333333,70,FALSE,FALSE
2019,"147","Szentlorinci",46.040211,17.989775,2,32,6,12,0,311,0,2.78946428571429,0.367816091954023,0.163793103448276,71,FALSE,FALSE
2019,"148","Szerencsi",48.162418,21.205206,5,27,5,9,0,1284,0.00486772486772489,6.77756613756614,0.816091954022989,0.528735632183908,72,FALSE,FALSE
2019,"149","Szigetvari",46.0482577,17.8123125,2,32,6,12,0,559,0,2.78946428571429,0.367816091954023,0.163793103448276,73,FALSE,FALSE
2019,"150","Szikszoi",48.1949949,20.9294318,2,32,6,12,0,421,0,2.78946428571429,0.367816091954023,0.163793103448276,75,FALSE,FALSE
2019,"151","Szobi",47.818012,18.8667731,5,27,5,9,0,911,0.00486772486772489,6.77756613756614,0.816091954022989,0.528735632183908,76,FALSE,FALSE
2019,"152","Szolnoki",47.174662,20.17628,13,7,6,3,0,5084,0,30.254693877551,0.367816091954023,0.942528735632184,15,TRUE,TRUE
2019,"153","Szombathelyi",47.23514,16.6219178,6,10,6,6,0,4181,0,18.1845714285714,0.367816091954023,0.824712643678161,23,FALSE,FALSE
2019,"154","Tabi",46.729486,18.0329558,2,32,6,12,0,240,0,2.78946428571429,0.367816091954023,0.163793103448276,77,FALSE,FALSE
2019,"155","Tamasi",46.6295947,18.2846991,5,27,5,9,0,840,0.00486772486772489,6.77756613756614,0.816091954022989,0.528735632183908,78,FALSE,FALSE
2019,"156","Tapolcai",46.88289,17.4413581,9,7,6,10,0,1137,0,4.79102040816327,0.367816091954023,0.431034482758621,79,FALSE,FALSE
2019,"157","Tatabanyai",47.5861869,18.3947662,7,4,4,5,944,3239,5.28142857142858,21.7628571428571,0.905172413793103,0.864942528735632,16,TRUE,TRUE
2019,"158","Tatai",47.655255,18.3285248,3,20,6,8,0,1556,0,8.06542857142857,0.367816091954023,0.663793103448276,80,FALSE,FALSE
2019,"159","Teti",47.515979,17.5168418,2,32,6,12,0,415,0,2.78946428571429,0.367816091954023,0.163793103448276,81,FALSE,FALSE
2019,"160","Tiszafuredi",47.615345,20.7617821,5,27,5,9,0,1097,0.00486772486772489,6.77756613756614,0.816091954022989,0.528735632183908,83,FALSE,FALSE
2019,"161","Tiszaujvarosi",47.92291,21.052195,11,27,6,11,0,1272,0,4.48825396825397,0.367816091954023,0.333333333333333,84,FALSE,FALSE
2019,"162","Tiszavasvari",47.9511368,21.3687867,2,32,6,12,0,662,0,2.78946428571429,0.367816091954023,0.163793103448276,85,FALSE,FALSE
2019,"163","Tokaji",48.119994,21.412563,11,27,6,11,0,437,0,4.48825396825397,0.367816091954023,0.333333333333333,86,FALSE,FALSE
2019,"164","Torokszentmiklosi",47.180736,20.4182932,11,27,6,11,0,1077,0,4.48825396825397,0.367816091954023,0.333333333333333,87,FALSE,FALSE
2019,"165","Vaci",47.7754454,19.1377076,7,4,4,5,1518,3268,5.28142857142858,21.7628571428571,0.905172413793103,0.864942528735632,17,TRUE,TRUE
2019,"166","Varpalotai",47.1973949,18.1396572,3,20,6,8,0,991,0,8.06542857142857,0.367816091954023,0.663793103448276,88,FALSE,FALSE
2019,"167","Vasarosnamenyi",48.126772,22.318366,5,27,5,9,0,1147,0.00486772486772489,6.77756613756614,0.816091954022989,0.528735632183908,89,FALSE,FALSE
2019,"168","Vasvari",47.051087,16.7985158,2,32,6,12,0,308,0,2.78946428571429,0.367816091954023,0.163793103448276,90,FALSE,FALSE
2019,"169","Veresegyhazi",47.65714,19.284962,12,13,6,13,0,0,0,0,0.367816091954023,0.0344827586206897,91,FALSE,FALSE
2019,"170","Veszpremi",47.092967,17.913785,8,8,3,4,8671,3363,34.18,29.0892857142857,0.939655172413793,0.899425287356322,9,TRUE,TRUE
2019,"171","Zahonyi",48.406999,22.1745391,11,27,6,11,0,649,0,4.48825396825397,0.367816091954023,0.333333333333333,93,FALSE,FALSE
2019,"172","Zalaegerszegi",46.845412,16.8472302,6,10,6,6,0,3736,0,18.1845714285714,0.367816091954023,0.824712643678161,94,FALSE,FALSE
2019,"173","Zalakarosi",46.5605989,17.1230251,12,13,6,13,0,0,0,0,0.367816091954023,0.0344827586206897,95,FALSE,FALSE
2019,"174","Zalaszentgroti",46.947143,17.0790458,2,32,6,12,0,428,0,2.78946428571429,0.367816091954023,0.163793103448276,96,FALSE,FALSE
2019,"175","Zirci",47.2630578,17.8725401,5,27,5,9,0,509,0.00486772486772489,6.77756613756614,0.816091954022989,0.528735632183908,97,FALSE,FALSE
2020,"1","Abai",47.028736,18.517633,9,14,5,13,0,0,0.148979591836734,0,0.859195402298851,0.0373563218390805,26,FALSE,FALSE
2020,"2","Abauj-Hegykozi",48.471017,21.2741752,7,23,7,10,0,363,0,4.28422360248447,0.347701149425287,0.396551724137931,100,FALSE,FALSE
2020,"3","Adonyi",47.119574,18.8652611,9,14,5,13,0,0,0.148979591836734,0,0.859195402298851,0.0373563218390805,109,FALSE,FALSE
2020,"4","Ajkai",47.1068802,17.563957,7,23,7,10,0,792,0,4.28422360248447,0.347701149425287,0.396551724137931,118,FALSE,FALSE
2020,"5","Aszodi",47.6523763,19.4759463,5,22,7,6,0,1206,0,9.40000000000001,0.347701149425287,0.778735632183908,127,FALSE,FALSE
2020,"6","Bacsalmasi",46.123955,19.32633,13,18,7,9,0,386,0,5.12285714285714,0.347701149425287,0.514367816091954,136,FALSE,FALSE
2020,"7","Bajai",46.1834182,18.9538158,3,4,4,5,390,1916,4.82,14.0228571428571,0.910919540229885,0.853448275862069,19,TRUE,TRUE
2020,"8","Baktaloranthazai",47.997697,22.0766029,12,23,7,12,0,435,0,2.17962732919255,0.347701149425287,0.14367816091954,155,FALSE,FALSE
2020,"9","Balassagyarmati",48.078798,19.2938953,5,22,7,6,0,1085,0,9.40000000000001,0.347701149425287,0.778735632183908,166,FALSE,FALSE
2020,"10","Balatonalmadi",47.0286976,18.0148627,1,17,7,7,0,864,0,6.67462184873949,0.347701149425287,0.666666666666667,27,FALSE,FALSE
2020,"11","Balatonfoldvari",46.8497238,17.8794039,9,14,5,13,0,0,0.148979591836734,0,0.859195402298851,0.0373563218390805,36,FALSE,FALSE
2020,"12","Balatonfuredi",46.9564612,17.8889631,1,17,7,7,0,1039,0,6.67462184873949,0.347701149425287,0.666666666666667,46,FALSE,FALSE
2020,"13","Balmazujvarosi",47.612435,21.343577,6,21,6,11,0,607,0.00299319727891156,3.00761904761905,0.758620689655172,0.270114942528736,56,FALSE,FALSE
2020,"14","Barcsi",45.959228,17.4666786,6,21,6,11,0,478,0.00299319727891156,3.00761904761905,0.758620689655172,0.270114942528736,65,FALSE,FALSE
2020,"15","Batonyterenyei",47.989222,19.828845,6,21,6,11,0,224,0.00299319727891156,3.00761904761905,0.758620689655172,0.270114942528736,74,FALSE,FALSE
2020,"16","Bekescsabai",46.6841987,21.0867872,5,22,7,6,0,2796,0,9.40000000000001,0.347701149425287,0.778735632183908,82,FALSE,FALSE
2020,"17","Bekesi",46.6704899,21.0434996,13,18,7,9,0,852,0,5.12285714285714,0.347701149425287,0.514367816091954,92,FALSE,FALSE
2020,"18","Belapatfalvai",48.052725,20.348591,12,23,7,12,0,192,0,2.17962732919255,0.347701149425287,0.14367816091954,98,FALSE,FALSE
2020,"19","Berettyoujfalui",47.233892,21.5340216,7,23,7,10,0,922,0,4.28422360248447,0.347701149425287,0.396551724137931,99,FALSE,FALSE
2020,"20","Bicskei",47.490759,18.6362719,5,22,7,6,0,1095,0,9.40000000000001,0.347701149425287,0.778735632183908,101,FALSE,FALSE
2020,"21","Bodrogkozi",48.263291,21.8918689,12,23,7,12,0,236,0,2.17962732919255,0.347701149425287,0.14367816091954,102,FALSE,FALSE
2020,"22","Bonyhadi",46.2986759,18.5305778,13,18,7,9,0,698,0,5.12285714285714,0.347701149425287,0.514367816091954,103,FALSE,FALSE
2020,"23","Budaorsi",47.460753,18.9581146,9,14,5,13,365,0,0.148979591836734,0,0.859195402298851,0.0373563218390805,22,FALSE,FALSE
2020,"24","Budapesti",47.4984056,19.0407578,2,1,1,1,171258,69812,978.617142857142,398.925714285714,1,1,1,TRUE,FALSE
2020,"25","Cegledi",47.1772081,19.7980311,11,10,7,4,0,3605,0,25.34,0.347701149425287,0.89367816091954,104,FALSE,FALSE
2020,"26","Celldomolki",47.257515,17.1526399,12,23,7,12,0,607,0,2.17962732919255,0.347701149425287,0.14367816091954,105,FALSE,FALSE
2020,"27","Csengeri",47.8350105,22.6822754,12,23,7,12,0,275,0,2.17962732919255,0.347701149425287,0.14367816091954,106,FALSE,FALSE
2020,"28","Csepregi",47.401546,16.7081249,9,14,5,13,0,0,0.148979591836734,0,0.859195402298851,0.0373563218390805,107,FALSE,FALSE
2020,"29","Csongradi",46.710833,20.144575,7,23,7,10,0,701,0,4.28422360248447,0.347701149425287,0.396551724137931,108,FALSE,FALSE
2020,"30","Csornai",47.601529,17.249978,12,23,7,12,0,738,0,2.17962732919255,0.347701149425287,0.14367816091954,110,FALSE,FALSE
2020,"31","Csurgoi",46.260776,17.095325,12,23,7,12,0,372,0,2.17962732919255,0.347701149425287,0.14367816091954,111,FALSE,FALSE
2020,"32","Dabasi",47.192283,19.330853,4,9,7,8,0,1208,0,6.15555555555555,0.347701149425287,0.591954022988506,112,FALSE,FALSE
2020,"33","Debreceni",47.5299739,21.6393571,8,3,2,2,27175,8601,141.220952380952,33.3371428571429,0.988505747126437,0.988505747126437,2,TRUE,TRUE
2020,"34","Derecske-Letavertesi",47.3824608,21.891967,12,23,7,12,0,465,0,2.17962732919255,0.347701149425287,0.14367816091954,113,FALSE,FALSE
2020,"35","Devecseri",47.106397,17.437279,12,23,7,12,0,242,0,2.17962732919255,0.347701149425287,0.14367816091954,114,FALSE,FALSE
2020,"36","Dombovari",46.383295,18.131089,5,22,7,6,0,819,0,9.40000000000001,0.347701149425287,0.778735632183908,115,FALSE,FALSE
2020,"37","Dorogi",47.7197439,18.7287817,9,14,5,13,0,0,0.148979591836734,0,0.859195402298851,0.0373563218390805,116,FALSE,FALSE
2020,"38","Dunakeszi",47.6297228,19.1380528,11,10,7,4,0,3761,0,25.34,0.347701149425287,0.89367816091954,117,FALSE,FALSE
2020,"39","Dunaujvarosi",46.980668,18.9127069,3,4,4,5,1675,2427,4.82,14.0228571428571,0.910919540229885,0.853448275862069,18,TRUE,TRUE
2020,"40","Edelenyi",48.2966608,20.7442671,7,23,7,10,0,578,0,4.28422360248447,0.347701149425287,0.396551724137931,119,FALSE,FALSE
2020,"41","Egri",47.9031987,20.3731077,10,10,3,3,8483,3390,35.3125714285715,28.8697142857143,0.951149425287356,0.951149425287356,8,TRUE,TRUE
2020,"42","Encsi",48.330768,21.1219603,5,22,7,6,0,428,0,9.40000000000001,0.347701149425287,0.778735632183908,120,FALSE,FALSE
2020,"43","Enyingi",46.9296,18.242978,1,17,7,7,0,371,0,6.67462184873949,0.347701149425287,0.666666666666667,121,FALSE,FALSE
2020,"44","Ercsi",47.24966,18.891059,4,9,7,8,0,802,0,6.15555555555555,0.347701149425287,0.591954022988506,122,FALSE,FALSE
2020,"45","Erdi",47.3783095,18.9217973,11,10,7,4,0,6325,0,25.34,0.347701149425287,0.89367816091954,123,FALSE,FALSE
2020,"46","Esztergomi",47.793308,18.7419333,5,22,7,6,0,2722,0,9.40000000000001,0.347701149425287,0.778735632183908,25,FALSE,FALSE
2020,"47","Fehergyarmati",47.985063,22.517104,7,23,7,10,0,1344,0,4.28422360248447,0.347701149425287,0.396551724137931,124,FALSE,FALSE
2020,"48","Fonyodi",46.749197,17.5558792,6,21,6,11,0,874,0.00299319727891156,3.00761904761905,0.758620689655172,0.270114942528736,125,FALSE,FALSE
2020,"49","Fuzesabonyi",47.750888,20.409611,7,23,7,10,0,664,0,4.28422360248447,0.347701149425287,0.396551724137931,126,FALSE,FALSE
2020,"50","Gardonyi",47.1973503,18.6091412,4,9,7,8,0,1099,0,6.15555555555555,0.347701149425287,0.591954022988506,128,FALSE,FALSE
2020,"51","Godolloi",47.5975105,19.3480017,10,10,3,3,10276,6995,35.3125714285715,28.8697142857143,0.951149425287356,0.951149425287356,5,TRUE,TRUE
2020,"52","Gyali",47.3808958,19.215712,5,22,7,6,0,1520,0,9.40000000000001,0.347701149425287,0.778735632183908,129,FALSE,FALSE
2020,"53","Gyongyosi",47.775028,19.9280689,5,22,7,6,0,2290,0,9.40000000000001,0.347701149425287,0.778735632183908,130,FALSE,FALSE
2020,"54","Gyori",47.684051,17.6351011,10,10,3,3,12535,5656,35.3125714285715,28.8697142857143,0.951149425287356,0.951149425287356,6,TRUE,TRUE
2020,"55","Gyulai",46.642498,21.268809,1,17,7,7,0,1267,0,6.67462184873949,0.347701149425287,0.666666666666667,131,FALSE,FALSE
2020,"56","Hajduboszormenyi",47.673238,21.5076172,5,22,7,6,0,1985,0,9.40000000000001,0.347701149425287,0.778735632183908,132,FALSE,FALSE
2020,"57","Hajduhadhazi",47.68197,21.6685631,6,21,6,11,0,1091,0.00299319727891156,3.00761904761905,0.758620689655172,0.270114942528736,133,FALSE,FALSE
2020,"58","Hajduszoboszloi",47.443667,21.389719,7,23,7,10,0,1333,0,4.28422360248447,0.347701149425287,0.396551724137931,134,FALSE,FALSE
2020,"59","Hatvani",47.668122,19.669901,5,22,7,6,0,1754,0,9.40000000000001,0.347701149425287,0.778735632183908,135,FALSE,FALSE
2020,"60","Hevesi",47.5945238,20.2882213,6,21,6,11,0,625,0.00299319727891156,3.00761904761905,0.758620689655172,0.270114942528736,137,FALSE,FALSE
2020,"61","Hevizi",46.7905869,17.1843866,9,14,5,13,0,0,0.148979591836734,0,0.859195402298851,0.0373563218390805,138,FALSE,FALSE
2020,"62","Hodmezovasarhelyi",46.430411,20.3188298,1,17,7,7,0,1574,0,6.67462184873949,0.347701149425287,0.666666666666667,139,FALSE,FALSE
2020,"63","Ibrany-Nagyhalaszi",48.134908,21.7187528,7,23,7,10,0,502,0,4.28422360248447,0.347701149425287,0.396551724137931,140,FALSE,FALSE
2020,"64","Janoshalmai",46.2967401,19.3228798,7,23,7,10,0,347,0,4.28422360248447,0.347701149425287,0.396551724137931,141,FALSE,FALSE
2020,"65","Jaszberenyi",47.5006181,19.9147188,1,17,7,7,0,2222,0,6.67462184873949,0.347701149425287,0.666666666666667,142,FALSE,FALSE
2020,"66","Kadarkuti",46.2311466,17.6157102,9,14,5,13,0,0,0.148979591836734,0,0.859195402298851,0.0373563218390805,143,FALSE,FALSE
2020,"67","Kalocsai",46.5334145,18.9856969,4,9,7,8,0,1396,0,6.15555555555555,0.347701149425287,0.591954022988506,144,FALSE,FALSE
2020,"68","Kaposvari",46.36653,17.782483,10,10,3,3,2751,3656,35.3125714285715,28.8697142857143,0.951149425287356,0.951149425287356,12,TRUE,TRUE
2020,"69","Kapuvar-Beledi",47.5935568,17.0249715,12,23,7,12,0,532,0,2.17962732919255,0.347701149425287,0.14367816091954,145,FALSE,FALSE
2020,"70","Karcagi",47.316632,20.9220631,1,17,7,7,0,902,0,6.67462184873949,0.347701149425287,0.666666666666667,146,FALSE,FALSE
2020,"71","Kazincbarcikai",48.25317,20.6456512,1,17,7,7,0,1571,0,6.67462184873949,0.347701149425287,0.666666666666667,147,FALSE,FALSE
2020,"72","Kecskemeti",46.9062092,19.6899774,10,10,3,3,3832,6039,35.3125714285715,28.8697142857143,0.951149425287356,0.951149425287356,14,TRUE,TRUE
2020,"73","Keszthelyi",46.7695893,17.2481444,1,17,7,7,0,1582,0,6.67462184873949,0.347701149425287,0.666666666666667,148,FALSE,FALSE
2020,"74","Kisberi",47.501673,18.0269161,6,21,6,11,0,414,0.00299319727891156,3.00761904761905,0.758620689655172,0.270114942528736,149,FALSE,FALSE
2020,"75","Kiskorosi",46.620386,19.283827,5,22,7,6,0,1474,0,9.40000000000001,0.347701149425287,0.778735632183908,150,FALSE,FALSE
2020,"76","Kiskunfelegyhazai",46.7050953,19.8499199,5,22,7,6,0,995,0,9.40000000000001,0.347701149425287,0.778735632183908,151,FALSE,FALSE
2020,"77","Kiskunhalasi",46.432037,19.4885269,4,9,7,8,0,1347,0,6.15555555555555,0.347701149425287,0.591954022988506,152,FALSE,FALSE
2020,"78","Kiskunmajsai",46.492344,19.7368448,4,9,7,8,0,549,0,6.15555555555555,0.347701149425287,0.591954022988506,153,FALSE,FALSE
2020,"79","Kisteleki",46.4696447,19.9803972,6,21,6,11,0,462,0.00299319727891156,3.00761904761905,0.758620689655172,0.270114942528736,154,FALSE,FALSE
2020,"80","Kisvardai",48.2264002,22.0846211,13,18,7,9,0,1854,0,5.12285714285714,0.347701149425287,0.514367816091954,156,FALSE,FALSE
2020,"81","Komaromi",47.7434248,18.1191064,7,23,7,10,0,828,0,4.28422360248447,0.347701149425287,0.396551724137931,157,FALSE,FALSE
2020,"82","Komloi",47.600636,20.445412,7,23,7,10,0,631,0,4.28422360248447,0.347701149425287,0.396551724137931,158,FALSE,FALSE
2020,"83","Kormendi",47.011113,16.6057156,12,23,7,12,0,535,0,2.17962732919255,0.347701149425287,0.14367816091954,159,FALSE,FALSE
2020,"84","Koszegi",47.381935,16.552229,13,18,7,9,0,591,0,5.12285714285714,0.347701149425287,0.514367816091954,160,FALSE,FALSE
2020,"85","Kunszentmartoni",46.841082,20.287233,1,17,7,7,0,583,0,6.67462184873949,0.347701149425287,0.666666666666667,161,FALSE,FALSE
2020,"86","Kunszentmiklosi",47.026444,19.1227831,1,17,7,7,0,770,0,6.67462184873949,0.347701149425287,0.666666666666667,162,FALSE,FALSE
2020,"87","Lengyeltoti",46.667049,17.6407711,9,14,5,13,0,0,0.148979591836734,0,0.859195402298851,0.0373563218390805,163,FALSE,FALSE
2020,"88","Lenti",46.623785,16.546001,12,23,7,12,0,466,0,2.17962732919255,0.347701149425287,0.14367816091954,164,FALSE,FALSE
2020,"89","Letenyei",46.4337456,16.7221882,12,23,7,12,0,348,0,2.17962732919255,0.347701149425287,0.14367816091954,165,FALSE,FALSE
2020,"90","Makoi",46.21498,20.47513,13,18,7,9,0,1045,0,5.12285714285714,0.347701149425287,0.514367816091954,167,FALSE,FALSE
2020,"91","Marcali",46.582815,17.4119018,6,21,6,11,0,672,0.00299319727891156,3.00761904761905,0.758620689655172,0.270114942528736,168,FALSE,FALSE
2020,"92","Mateszalkai",47.943265,22.316904,5,22,7,6,0,1379,0,9.40000000000001,0.347701149425287,0.778735632183908,169,FALSE,FALSE
2020,"93","Mezocsati",47.823541,20.9028038,12,23,7,12,0,251,0,2.17962732919255,0.347701149425287,0.14367816091954,170,FALSE,FALSE
2020,"94","Mezokovacshazai",46.4071834,20.9241681,7,23,7,10,0,738,0,4.28422360248447,0.347701149425287,0.396551724137931,171,FALSE,FALSE
2020,"95","Mezokovesdi",47.8068796,20.5650907,13,18,7,9,0,1184,0,5.12285714285714,0.347701149425287,0.514367816091954,172,FALSE,FALSE
2020,"96","Mezoturi",47.00278,20.618465,13,18,7,9,0,634,0,5.12285714285714,0.347701149425287,0.514367816091954,173,FALSE,FALSE
2020,"97","Miskolci",48.1043854,20.7913563,10,10,3,3,9000,7344,35.3125714285715,28.8697142857143,0.951149425287356,0.951149425287356,7,TRUE,TRUE
2020,"98","Mohacsi",45.9959241,18.6798279,5,22,7,6,0,1088,0,9.40000000000001,0.347701149425287,0.778735632183908,174,FALSE,FALSE
2020,"99","Monori",47.34754,19.448946,11,10,7,4,0,3767,0,25.34,0.347701149425287,0.89367816091954,175,FALSE,FALSE
2020,"100","Morahalomi",46.217922,19.883719,13,18,7,9,0,785,0,5.12285714285714,0.347701149425287,0.514367816091954,28,FALSE,FALSE
2020,"101","Mori",47.3717781,18.2085973,4,9,7,8,0,933,0,6.15555555555555,0.347701149425287,0.591954022988506,29,FALSE,FALSE
2020,"102","Mosonmagyarovari",47.8744063,17.2693897,1,17,7,7,0,1760,0,6.67462184873949,0.347701149425287,0.666666666666667,30,FALSE,FALSE
2020,"103","Nagyatadi",46.23001,17.3574429,6,21,6,11,0,555,0.00299319727891156,3.00761904761905,0.758620689655172,0.270114942528736,31,FALSE,FALSE
2020,"104","Nagykalloi",47.875519,21.8460521,7,23,7,10,0,734,0,4.28422360248447,0.347701149425287,0.396551724137931,32,FALSE,FALSE
2020,"105","Nagykanizsai",46.455237,16.9953419,5,22,7,6,0,2128,0,9.40000000000001,0.347701149425287,0.778735632183908,33,FALSE,FALSE
2020,"106","Nagykatai",47.4181175,19.7422453,1,17,7,7,0,1729,0,6.67462184873949,0.347701149425287,0.666666666666667,34,FALSE,FALSE
2020,"107","Nyirbatori",47.835414,22.130289,13,18,7,9,0,1021,0,5.12285714285714,0.347701149425287,0.514367816091954,35,FALSE,FALSE
2020,"108","Nyiregyhazai",47.9532583,21.7264647,10,10,3,3,3432,6185,35.3125714285715,28.8697142857143,0.951149425287356,0.951149425287356,11,TRUE,TRUE
2020,"109","Oroshazai",46.5615338,20.6619204,13,18,7,9,0,1247,0,5.12285714285714,0.347701149425287,0.514367816091954,13,TRUE,TRUE
2020,"110","Oroszlanyi",47.4943329,18.3215448,7,23,7,10,0,617,0,4.28422360248447,0.347701149425287,0.396551724137931,37,FALSE,FALSE
2020,"111","Ozdi",48.2195564,20.2869186,13,18,7,9,0,1288,0,5.12285714285714,0.347701149425287,0.514367816091954,38,FALSE,FALSE
2020,"112","Oriszentpeteri",46.838954,16.4211574,9,14,5,13,0,0,0.148979591836734,0,0.859195402298851,0.0373563218390805,39,FALSE,FALSE
2020,"113","Pacsai",46.7226412,17.0096878,9,14,5,13,0,0,0.148979591836734,0,0.859195402298851,0.0373563218390805,40,FALSE,FALSE
2020,"114","Paksi",46.626368,18.8652409,5,22,7,6,0,1460,0,9.40000000000001,0.347701149425287,0.778735632183908,41,FALSE,FALSE
2020,"115","Pannonhalmai",47.55021,17.754228,6,21,6,11,0,367,0.00299319727891156,3.00761904761905,0.758620689655172,0.270114942528736,42,FALSE,FALSE
2020,"116","Papai",47.3308153,17.4660302,5,22,7,6,0,1402,0,9.40000000000001,0.347701149425287,0.778735632183908,43,FALSE,FALSE
2020,"117","Pasztoi",47.919562,19.6978939,13,18,7,9,0,767,0,5.12285714285714,0.347701149425287,0.514367816091954,44,FALSE,FALSE
2020,"118","Pecsi",46.0713242,18.2331772,8,3,2,2,22664,1316,141.220952380952,33.3371428571429,0.988505747126437,0.988505747126437,4,TRUE,TRUE
2020,"119","Pecsvaradi",46.158114,18.422176,6,21,6,11,0,319,0.00299319727891156,3.00761904761905,0.758620689655172,0.270114942528736,45,FALSE,FALSE
2020,"120","Petervasarai",48.017941,20.1019849,6,21,6,11,0,413,0.00299319727891156,3.00761904761905,0.758620689655172,0.270114942528736,47,FALSE,FALSE
2020,"121","Pilisvorosvari",47.6212089,18.9111742,11,10,7,4,0,3359,0,25.34,0.347701149425287,0.89367816091954,48,FALSE,FALSE
2020,"122","Polgari",47.866362,21.1242449,9,14,5,13,0,0,0.148979591836734,0,0.859195402298851,0.0373563218390805,49,FALSE,FALSE
2020,"123","Puspokladanyi",47.3176758,21.1165369,7,23,7,10,0,945,0,4.28422360248447,0.347701149425287,0.396551724137931,50,FALSE,FALSE
2020,"124","Rackevei",47.1611023,18.9455669,11,10,7,4,0,5734,0,25.34,0.347701149425287,0.89367816091954,51,FALSE,FALSE
2020,"125","Retsagi",47.9278597,19.1372757,7,23,7,10,0,591,0,4.28422360248447,0.347701149425287,0.396551724137931,52,FALSE,FALSE
2020,"126","Salgotarjani",48.0853167,19.7869357,5,22,7,6,0,1535,0,9.40000000000001,0.347701149425287,0.778735632183908,53,FALSE,FALSE
2020,"127","Sarbogardi",46.887769,18.6193289,7,23,7,10,0,537,0,4.28422360248447,0.347701149425287,0.396551724137931,54,FALSE,FALSE
2020,"128","Sarkadi",46.746283,21.3848669,6,21,6,11,0,445,0.00299319727891156,3.00761904761905,0.758620689655172,0.270114942528736,55,FALSE,FALSE
2020,"129","Sarospataki",48.318984,21.5663738,6,21,6,11,11,750,0.00299319727891156,3.00761904761905,0.758620689655172,0.270114942528736,24,FALSE,FALSE
2020,"130","Sarvari",47.2540616,16.9352309,7,23,7,10,0,877,0,4.28422360248447,0.347701149425287,0.396551724137931,57,FALSE,FALSE
2020,"131","Sasdi",46.2548488,18.1060595,11,10,7,4,0,5819,0,25.34,0.347701149425287,0.89367816091954,58,FALSE,FALSE
2020,"132","Satoraljaujhelyi",48.3941408,21.6559965,6,21,6,11,0,617,0.00299319727891156,3.00761904761905,0.758620689655172,0.270114942528736,59,FALSE,FALSE
2020,"133","Sellyei",45.8719698,17.8460989,6,21,6,11,0,197,0.00299319727891156,3.00761904761905,0.758620689655172,0.270114942528736,60,FALSE,FALSE
2020,"134","Siklosi",45.852147,18.2988281,7,23,7,10,0,653,0,4.28422360248447,0.347701149425287,0.396551724137931,61,FALSE,FALSE
2020,"135","Siofoki",46.9057439,18.0525018,5,22,7,6,0,1685,0,9.40000000000001,0.347701149425287,0.778735632183908,62,FALSE,FALSE
2020,"136","Sopron-Fertodi",47.684898,16.583053,10,10,3,3,2650,2858,35.3125714285715,28.8697142857143,0.951149425287356,0.951149425287356,10,TRUE,TRUE
2020,"137","Sumegi",46.9775543,17.2819824,12,23,7,12,0,307,0,2.17962732919255,0.347701149425287,0.14367816091954,63,FALSE,FALSE
2020,"138","Szarvasi",46.8595081,20.5595884,1,17,7,7,0,1237,0,6.67462184873949,0.347701149425287,0.666666666666667,21,FALSE,FALSE
2020,"139","Szecsenyi",48.0811488,19.5197217,13,18,7,9,0,374,0,5.12285714285714,0.347701149425287,0.514367816091954,64,FALSE,FALSE
2020,"140","Szegedi",46.2536169,20.1461345,8,3,2,2,24302,7585,141.220952380952,33.3371428571429,0.988505747126437,0.988505747126437,3,TRUE,TRUE
2020,"141","Szeghalomi",47.027309,21.166263,1,17,7,7,0,646,0,6.67462184873949,0.347701149425287,0.666666666666667,66,FALSE,FALSE
2020,"142","Szekesfehervari",47.1887157,18.4138088,10,10,3,3,2207,5543,35.3125714285715,28.8697142857143,0.951149425287356,0.951149425287356,20,TRUE,TRUE
2020,"143","Szekszardi",46.3485623,18.7019205,5,22,7,6,0,2217,0,9.40000000000001,0.347701149425287,0.778735632183908,67,FALSE,FALSE
2020,"144","Szentendrei",47.6734712,19.07254,11,10,7,4,0,4498,0,25.34,0.347701149425287,0.89367816091954,68,FALSE,FALSE
2020,"145","Szentesi",46.65192,20.2571842,7,23,7,10,0,1115,0,4.28422360248447,0.347701149425287,0.396551724137931,69,FALSE,FALSE
2020,"146","Szentgotthardi",46.9527524,16.2737218,12,23,7,12,0,330,0,2.17962732919255,0.347701149425287,0.14367816091954,70,FALSE,FALSE
2020,"147","Szentlorinci",46.040211,17.989775,6,21,6,11,0,253,0.00299319727891156,3.00761904761905,0.758620689655172,0.270114942528736,71,FALSE,FALSE
2020,"148","Szerencsi",48.162418,21.205206,13,18,7,9,0,946,0,5.12285714285714,0.347701149425287,0.514367816091954,72,FALSE,FALSE
2020,"149","Szigetvari",46.0482577,17.8123125,12,23,7,12,0,506,0,2.17962732919255,0.347701149425287,0.14367816091954,73,FALSE,FALSE
2020,"150","Szikszoi",48.1949949,20.9294318,7,23,7,10,0,358,0,4.28422360248447,0.347701149425287,0.396551724137931,75,FALSE,FALSE
2020,"151","Szobi",47.818012,18.8667731,13,18,7,9,0,748,0,5.12285714285714,0.347701149425287,0.514367816091954,76,FALSE,FALSE
2020,"152","Szolnoki",47.174662,20.17628,11,10,7,4,0,3844,0,25.34,0.347701149425287,0.89367816091954,15,TRUE,TRUE
2020,"153","Szombathelyi",47.23514,16.6219178,11,10,7,4,0,3633,0,25.34,0.347701149425287,0.89367816091954,23,FALSE,FALSE
2020,"154","Tabi",46.729486,18.0329558,12,23,7,12,0,256,0,2.17962732919255,0.347701149425287,0.14367816091954,77,FALSE,FALSE
2020,"155","Tamasi",46.6295947,18.2846991,13,18,7,9,0,869,0,5.12285714285714,0.347701149425287,0.514367816091954,78,FALSE,FALSE
2020,"156","Tapolcai",46.88289,17.4413581,4,9,7,8,0,875,0,6.15555555555555,0.347701149425287,0.591954022988506,79,FALSE,FALSE
2020,"157","Tatabanyai",47.5861869,18.3947662,3,4,4,5,559,2892,4.82,14.0228571428571,0.910919540229885,0.853448275862069,16,TRUE,TRUE
2020,"158","Tatai",47.655255,18.3285248,4,9,7,8,0,1486,0,6.15555555555555,0.347701149425287,0.591954022988506,80,FALSE,FALSE
2020,"159","Teti",47.515979,17.5168418,12,23,7,12,0,255,0,2.17962732919255,0.347701149425287,0.14367816091954,81,FALSE,FALSE
2020,"160","Tiszafuredi",47.615345,20.7617821,13,18,7,9,0,848,0,5.12285714285714,0.347701149425287,0.514367816091954,83,FALSE,FALSE
2020,"161","Tiszaujvarosi",47.92291,21.052195,7,23,7,10,0,1074,0,4.28422360248447,0.347701149425287,0.396551724137931,84,FALSE,FALSE
2020,"162","Tiszavasvari",47.9511368,21.3687867,6,21,6,11,0,489,0.00299319727891156,3.00761904761905,0.758620689655172,0.270114942528736,85,FALSE,FALSE
2020,"163","Tokaji",48.119994,21.412563,12,23,7,12,0,349,0,2.17962732919255,0.347701149425287,0.14367816091954,86,FALSE,FALSE
2020,"164","Torokszentmiklosi",47.180736,20.4182932,1,17,7,7,0,864,0,6.67462184873949,0.347701149425287,0.666666666666667,87,FALSE,FALSE
2020,"165","Vaci",47.7754454,19.1377076,3,4,4,5,750,2581,4.82,14.0228571428571,0.910919540229885,0.853448275862069,17,TRUE,TRUE
2020,"166","Varpalotai",47.1973949,18.1396572,1,17,7,7,0,876,0,6.67462184873949,0.347701149425287,0.666666666666667,88,FALSE,FALSE
2020,"167","Vasarosnamenyi",48.126772,22.318366,6,21,6,11,0,793,0.00299319727891156,3.00761904761905,0.758620689655172,0.270114942528736,89,FALSE,FALSE
2020,"168","Vasvari",47.051087,16.7985158,12,23,7,12,0,216,0,2.17962732919255,0.347701149425287,0.14367816091954,90,FALSE,FALSE
2020,"169","Veresegyhazi",47.65714,19.284962,9,14,5,13,0,0,0.148979591836734,0,0.859195402298851,0.0373563218390805,91,FALSE,FALSE
2020,"170","Veszpremi",47.092967,17.913785,10,10,3,3,6631,2856,35.3125714285715,28.8697142857143,0.951149425287356,0.951149425287356,9,TRUE,TRUE
2020,"171","Zahonyi",48.406999,22.1745391,12,23,7,12,0,519,0,2.17962732919255,0.347701149425287,0.14367816091954,93,FALSE,FALSE
2020,"172","Zalaegerszegi",46.845412,16.8472302,5,22,7,6,0,3127,0,9.40000000000001,0.347701149425287,0.778735632183908,94,FALSE,FALSE
2020,"173","Zalakarosi",46.5605989,17.1230251,9,14,5,13,0,0,0.148979591836734,0,0.859195402298851,0.0373563218390805,95,FALSE,FALSE
2020,"174","Zalaszentgroti",46.947143,17.0790458,12,23,7,12,0,341,0,2.17962732919255,0.347701149425287,0.14367816091954,96,FALSE,FALSE
2020,"175","Zirci",47.2630578,17.8725401,6,21,6,11,0,408,0.00299319727891156,3.00761904761905,0.758620689655172,0.270114942528736,97,FALSE,FALSE
2021,"1","Abai",47.028736,18.517633,13,25,7,12,0,0,0,0,0.396551724137931,0.0775862068965517,26,FALSE,FALSE
2021,"2","Abauj-Hegykozi",48.471017,21.2741752,13,25,7,12,0,0,0,0,0.396551724137931,0.0775862068965517,100,FALSE,FALSE
2021,"3","Adonyi",47.119574,18.8652611,13,25,7,12,0,0,0,0,0.396551724137931,0.0775862068965517,109,FALSE,FALSE
2021,"4","Ajkai",47.1068802,17.563957,3,31,7,8,0,1090,0,6.74433179723502,0.396551724137931,0.655172413793103,118,FALSE,FALSE
2021,"5","Aszodi",47.6523763,19.4759463,3,31,7,8,0,1496,0,6.74433179723502,0.396551724137931,0.655172413793103,127,FALSE,FALSE
2021,"6","Bacsalmasi",46.123955,19.32633,1,23,7,9,0,332,0,5.94186335403727,0.396551724137931,0.5,136,FALSE,FALSE
2021,"7","Bajai",46.1834182,18.9538158,7,3,5,6,440,1983,4.09904761904762,15.2685714285714,0.908045977011494,0.85632183908046,19,TRUE,TRUE
2021,"8","Baktaloranthazai",47.997697,22.0766029,5,16,7,11,0,522,0,2.03107142857143,0.396551724137931,0.204022988505747,155,FALSE,FALSE
2021,"9","Balassagyarmati",48.078798,19.2938953,3,31,7,8,0,1124,0,6.74433179723502,0.396551724137931,0.655172413793103,166,FALSE,FALSE
2021,"10","Balatonalmadi",47.0286976,18.0148627,9,32,7,10,0,1041,0,3.98892857142857,0.396551724137931,0.341954022988506,27,FALSE,FALSE
2021,"11","Balatonfoldvari",46.8497238,17.8794039,13,25,7,12,0,0,0,0,0.396551724137931,0.0775862068965517,36,FALSE,FALSE
2021,"12","Balatonfuredi",46.9564612,17.8889631,1,23,7,9,0,1009,0,5.94186335403727,0.396551724137931,0.5,46,FALSE,FALSE
2021,"13","Balmazujvarosi",47.612435,21.343577,9,32,7,10,0,850,0,3.98892857142857,0.396551724137931,0.341954022988506,56,FALSE,FALSE
2021,"14","Barcsi",45.959228,17.4666786,9,32,7,10,0,503,0,3.98892857142857,0.396551724137931,0.341954022988506,65,FALSE,FALSE
2021,"15","Batonyterenyei",47.989222,19.828845,5,16,7,11,0,370,0,2.03107142857143,0.396551724137931,0.204022988505747,74,FALSE,FALSE
2021,"16","Bekescsabai",46.6841987,21.0867872,6,9,7,5,0,2740,0,20.3396825396825,0.396551724137931,0.890804597701149,82,FALSE,FALSE
2021,"17","Bekesi",46.6704899,21.0434996,1,23,7,9,0,1060,0,5.94186335403727,0.396551724137931,0.5,92,FALSE,FALSE
2021,"18","Belapatfalvai",48.052725,20.348591,5,16,7,11,0,219,0,2.03107142857143,0.396551724137931,0.204022988505747,98,FALSE,FALSE
2021,"19","Berettyoujfalui",47.233892,21.5340216,1,23,7,9,0,1057,0,5.94186335403727,0.396551724137931,0.5,99,FALSE,FALSE
2021,"20","Bicskei",47.490759,18.6362719,2,18,6,7,0,1300,0.00730158730158731,7.90698412698412,0.847701149425287,0.795977011494253,101,FALSE,FALSE
2021,"21","Bodrogkozi",48.263291,21.8918689,13,25,7,12,0,0,0,0,0.396551724137931,0.0775862068965517,102,FALSE,FALSE
2021,"22","Bonyhadi",46.2986759,18.5305778,1,23,7,9,0,862,0,5.94186335403727,0.396551724137931,0.5,103,FALSE,FALSE
2021,"23","Budaorsi",47.460753,18.9581146,8,3,4,12,255,0,10.0228571428571,0,0.925287356321839,0.0775862068965517,22,FALSE,FALSE
2021,"24","Budapesti",47.4984056,19.0407578,12,1,1,1,185288,84308,1058.78857142857,481.76,1,1,1,TRUE,FALSE
2021,"25","Cegledi",47.1772081,19.7980311,6,9,7,5,0,3339,0,20.3396825396825,0.396551724137931,0.890804597701149,104,FALSE,FALSE
2021,"26","Celldomolki",47.257515,17.1526399,9,32,7,10,0,678,0,3.98892857142857,0.396551724137931,0.341954022988506,105,FALSE,FALSE
2021,"27","Csengeri",47.8350105,22.6822754,5,16,7,11,0,323,0,2.03107142857143,0.396551724137931,0.204022988505747,106,FALSE,FALSE
2021,"28","Csepregi",47.401546,16.7081249,13,25,7,12,0,0,0,0,0.396551724137931,0.0775862068965517,107,FALSE,FALSE
2021,"29","Csongradi",46.710833,20.144575,2,18,6,7,0,599,0.00730158730158731,7.90698412698412,0.847701149425287,0.795977011494253,108,FALSE,FALSE
2021,"30","Csornai",47.601529,17.249978,9,32,7,10,0,808,0,3.98892857142857,0.396551724137931,0.341954022988506,110,FALSE,FALSE
2021,"31","Csurgoi",46.260776,17.095325,9,32,7,10,0,431,0,3.98892857142857,0.396551724137931,0.341954022988506,111,FALSE,FALSE
2021,"32","Dabasi",47.192283,19.330853,2,18,6,7,0,1589,0.00730158730158731,7.90698412698412,0.847701149425287,0.795977011494253,112,FALSE,FALSE
2021,"33","Debreceni",47.5299739,21.6393571,10,5,2,2,27654,10238,120.875428571428,49.1897142857143,0.982758620689655,0.982758620689655,2,TRUE,TRUE
2021,"34","Derecske-Letavertesi",47.3824608,21.891967,13,25,7,12,0,0,0,0,0.396551724137931,0.0775862068965517,113,FALSE,FALSE
2021,"35","Devecseri",47.106397,17.437279,5,16,7,11,0,305,0,2.03107142857143,0.396551724137931,0.204022988505747,114,FALSE,FALSE
2021,"36","Dombovari",46.383295,18.131089,9,32,7,10,0,824,0,3.98892857142857,0.396551724137931,0.341954022988506,115,FALSE,FALSE
2021,"37","Dorogi",47.7197439,18.7287817,13,25,7,12,0,0,0,0,0.396551724137931,0.0775862068965517,116,FALSE,FALSE
2021,"38","Dunakeszi",47.6297228,19.1380528,4,3,7,3,0,5196,0,34.2704761904762,0.396551724137931,0.959770114942529,117,FALSE,FALSE
2021,"39","Dunaujvarosi",46.980668,18.9127069,11,6,3,4,2030,2901,30.9533333333333,30.632380952381,0.951149425287356,0.933908045977011,18,TRUE,TRUE
2021,"40","Edelenyi",48.2966608,20.7442671,9,32,7,10,0,693,0,3.98892857142857,0.396551724137931,0.341954022988506,119,FALSE,FALSE
2021,"41","Egri",47.9031987,20.3731077,11,6,3,4,8905,4148,30.9533333333333,30.632380952381,0.951149425287356,0.933908045977011,8,TRUE,TRUE
2021,"42","Encsi",48.330768,21.1219603,5,16,7,11,0,494,0,2.03107142857143,0.396551724137931,0.204022988505747,120,FALSE,FALSE
2021,"43","Enyingi",46.9296,18.242978,9,32,7,10,0,388,0,3.98892857142857,0.396551724137931,0.341954022988506,121,FALSE,FALSE
2021,"44","Ercsi",47.24966,18.891059,13,25,7,12,0,0,0,0,0.396551724137931,0.0775862068965517,122,FALSE,FALSE
2021,"45","Erdi",47.3783095,18.9217973,4,3,7,3,0,7149,0,34.2704761904762,0.396551724137931,0.959770114942529,123,FALSE,FALSE
2021,"46","Esztergomi",47.793308,18.7419333,6,9,7,5,0,3332,0,20.3396825396825,0.396551724137931,0.890804597701149,25,FALSE,FALSE
2021,"47","Fehergyarmati",47.985063,22.517104,2,18,6,7,0,978,0.00730158730158731,7.90698412698412,0.847701149425287,0.795977011494253,124,FALSE,FALSE
2021,"48","Fonyodi",46.749197,17.5558792,3,31,7,8,0,930,0,6.74433179723502,0.396551724137931,0.655172413793103,125,FALSE,FALSE
2021,"49","Fuzesabonyi",47.750888,20.409611,1,23,7,9,0,766,0,5.94186335403727,0.396551724137931,0.5,126,FALSE,FALSE
2021,"50","Gardonyi",47.1973503,18.6091412,2,18,6,7,0,1361,0.00730158730158731,7.90698412698412,0.847701149425287,0.795977011494253,128,FALSE,FALSE
2021,"51","Godolloi",47.5975105,19.3480017,10,5,2,2,15942,8522,120.875428571428,49.1897142857143,0.982758620689655,0.982758620689655,5,TRUE,TRUE
2021,"52","Gyali",47.3808958,19.215712,3,31,7,8,0,1502,0,6.74433179723502,0.396551724137931,0.655172413793103,129,FALSE,FALSE
2021,"53","Gyongyosi",47.775028,19.9280689,6,9,7,5,0,2680,0,20.3396825396825,0.396551724137931,0.890804597701149,130,FALSE,FALSE
2021,"54","Gyori",47.684051,17.6351011,10,5,2,2,13703,7798,120.875428571428,49.1897142857143,0.982758620689655,0.982758620689655,6,TRUE,TRUE
2021,"55","Gyulai",46.642498,21.268809,9,32,7,10,0,1450,0,3.98892857142857,0.396551724137931,0.341954022988506,131,FALSE,FALSE
2021,"56","Hajduboszormenyi",47.673238,21.5076172,1,23,7,9,0,1477,0,5.94186335403727,0.396551724137931,0.5,132,FALSE,FALSE
2021,"57","Hajduhadhazi",47.68197,21.6685631,9,32,7,10,0,598,0,3.98892857142857,0.396551724137931,0.341954022988506,133,FALSE,FALSE
2021,"58","Hajduszoboszloi",47.443667,21.389719,9,32,7,10,0,1548,0,3.98892857142857,0.396551724137931,0.341954022988506,134,FALSE,FALSE
2021,"59","Hatvani",47.668122,19.669901,3,31,7,8,0,1778,0,6.74433179723502,0.396551724137931,0.655172413793103,135,FALSE,FALSE
2021,"60","Hevesi",47.5945238,20.2882213,1,23,7,9,0,722,0,5.94186335403727,0.396551724137931,0.5,137,FALSE,FALSE
2021,"61","Hevizi",46.7905869,17.1843866,13,25,7,12,0,0,0,0,0.396551724137931,0.0775862068965517,138,FALSE,FALSE
2021,"62","Hodmezovasarhelyi",46.430411,20.3188298,1,23,7,9,0,1830,0,5.94186335403727,0.396551724137931,0.5,139,FALSE,FALSE
2021,"63","Ibrany-Nagyhalaszi",48.134908,21.7187528,13,25,7,12,0,0,0,0,0.396551724137931,0.0775862068965517,140,FALSE,FALSE
2021,"64","Janoshalmai",46.2967401,19.3228798,1,23,7,9,0,348,0,5.94186335403727,0.396551724137931,0.5,141,FALSE,FALSE
2021,"65","Jaszberenyi",47.5006181,19.9147188,2,18,6,7,0,1985,0.00730158730158731,7.90698412698412,0.847701149425287,0.795977011494253,142,FALSE,FALSE
2021,"66","Kadarkuti",46.2311466,17.6157102,13,25,7,12,0,0,0,0,0.396551724137931,0.0775862068965517,143,FALSE,FALSE
2021,"67","Kalocsai",46.5334145,18.9856969,3,31,7,8,0,1459,0,6.74433179723502,0.396551724137931,0.655172413793103,144,FALSE,FALSE
2021,"68","Kaposvari",46.36653,17.782483,6,9,7,5,0,3821,0,20.3396825396825,0.396551724137931,0.890804597701149,12,TRUE,TRUE
2021,"69","Kapuvar-Beledi",47.5935568,17.0249715,13,25,7,12,0,0,0,0,0.396551724137931,0.0775862068965517,145,FALSE,FALSE
2021,"70","Karcagi",47.316632,20.9220631,1,23,7,9,0,1031,0,5.94186335403727,0.396551724137931,0.5,146,FALSE,FALSE
2021,"71","Kazincbarcikai",48.25317,20.6456512,3,31,7,8,0,1904,0,6.74433179723502,0.396551724137931,0.655172413793103,147,FALSE,FALSE
2021,"72","Kecskemeti",46.9062092,19.6899774,11,6,3,4,3335,6608,30.9533333333333,30.632380952381,0.951149425287356,0.933908045977011,14,TRUE,TRUE
2021,"73","Keszthelyi",46.7695893,17.2481444,1,23,7,9,0,1656,0,5.94186335403727,0.396551724137931,0.5,148,FALSE,FALSE
2021,"74","Kisberi",47.501673,18.0269161,1,23,7,9,0,456,0,5.94186335403727,0.396551724137931,0.5,149,FALSE,FALSE
2021,"75","Kiskorosi",46.620386,19.283827,2,18,6,7,0,1368,0.00730158730158731,7.90698412698412,0.847701149425287,0.795977011494253,150,FALSE,FALSE
2021,"76","Kiskunfelegyhazai",46.7050953,19.8499199,13,25,7,12,0,0,0,0,0.396551724137931,0.0775862068965517,151,FALSE,FALSE
2021,"77","Kiskunhalasi",46.432037,19.4885269,2,18,6,7,0,1379,0.00730158730158731,7.90698412698412,0.847701149425287,0.795977011494253,152,FALSE,FALSE
2021,"78","Kiskunmajsai",46.492344,19.7368448,3,31,7,8,0,462,0,6.74433179723502,0.396551724137931,0.655172413793103,153,FALSE,FALSE
2021,"79","Kisteleki",46.4696447,19.9803972,9,32,7,10,0,468,0,3.98892857142857,0.396551724137931,0.341954022988506,154,FALSE,FALSE
2021,"80","Kisvardai",48.2264002,22.0846211,3,31,7,8,0,2019,0,6.74433179723502,0.396551724137931,0.655172413793103,156,FALSE,FALSE
2021,"81","Komaromi",47.7434248,18.1191064,1,23,7,9,0,1315,0,5.94186335403727,0.396551724137931,0.5,157,FALSE,FALSE
2021,"82","Komloi",47.600636,20.445412,9,32,7,10,0,670,0,3.98892857142857,0.396551724137931,0.341954022988506,158,FALSE,FALSE
2021,"83","Kormendi",47.011113,16.6057156,9,32,7,10,0,638,0,3.98892857142857,0.396551724137931,0.341954022988506,159,FALSE,FALSE
2021,"84","Koszegi",47.381935,16.552229,9,32,7,10,0,735,0,3.98892857142857,0.396551724137931,0.341954022988506,160,FALSE,FALSE
2021,"85","Kunszentmartoni",46.841082,20.287233,3,31,7,8,0,780,0,6.74433179723502,0.396551724137931,0.655172413793103,161,FALSE,FALSE
2021,"86","Kunszentmiklosi",47.026444,19.1227831,2,18,6,7,0,750,0.00730158730158731,7.90698412698412,0.847701149425287,0.795977011494253,162,FALSE,FALSE
2021,"87","Lengyeltoti",46.667049,17.6407711,13,25,7,12,0,0,0,0,0.396551724137931,0.0775862068965517,163,FALSE,FALSE
2021,"88","Lenti",46.623785,16.546001,5,16,7,11,0,448,0,2.03107142857143,0.396551724137931,0.204022988505747,164,FALSE,FALSE
2021,"89","Letenyei",46.4337456,16.7221882,5,16,7,11,0,348,0,2.03107142857143,0.396551724137931,0.204022988505747,165,FALSE,FALSE
2021,"90","Makoi",46.21498,20.47513,2,18,6,7,0,1140,0.00730158730158731,7.90698412698412,0.847701149425287,0.795977011494253,167,FALSE,FALSE
2021,"91","Marcali",46.582815,17.4119018,9,32,7,10,0,825,0,3.98892857142857,0.396551724137931,0.341954022988506,168,FALSE,FALSE
2021,"92","Mateszalkai",47.943265,22.316904,1,23,7,9,0,1653,0,5.94186335403727,0.396551724137931,0.5,169,FALSE,FALSE
2021,"93","Mezocsati",47.823541,20.9028038,9,32,7,10,0,339,0,3.98892857142857,0.396551724137931,0.341954022988506,170,FALSE,FALSE
2021,"94","Mezokovacshazai",46.4071834,20.9241681,9,32,7,10,0,790,0,3.98892857142857,0.396551724137931,0.341954022988506,171,FALSE,FALSE
2021,"95","Mezokovesdi",47.8068796,20.5650907,1,23,7,9,0,1391,0,5.94186335403727,0.396551724137931,0.5,172,FALSE,FALSE
2021,"96","Mezoturi",47.00278,20.618465,9,32,7,10,0,794,0,3.98892857142857,0.396551724137931,0.341954022988506,173,FALSE,FALSE
2021,"97","Miskolci",48.1043854,20.7913563,11,6,3,4,9206,8984,30.9533333333333,30.632380952381,0.951149425287356,0.933908045977011,7,TRUE,TRUE
2021,"98","Mohacsi",45.9959241,18.6798279,1,23,7,9,0,943,0,5.94186335403727,0.396551724137931,0.5,174,FALSE,FALSE
2021,"99","Monori",47.34754,19.448946,2,18,6,7,0,2447,0.00730158730158731,7.90698412698412,0.847701149425287,0.795977011494253,175,FALSE,FALSE
2021,"100","Morahalomi",46.217922,19.883719,13,25,7,12,0,0,0,0,0.396551724137931,0.0775862068965517,28,FALSE,FALSE
2021,"101","Mori",47.3717781,18.2085973,3,31,7,8,0,1211,0,6.74433179723502,0.396551724137931,0.655172413793103,29,FALSE,FALSE
2021,"102","Mosonmagyarovari",47.8744063,17.2693897,3,31,7,8,0,2183,0,6.74433179723502,0.396551724137931,0.655172413793103,30,FALSE,FALSE
2021,"103","Nagyatadi",46.23001,17.3574429,9,32,7,10,0,624,0,3.98892857142857,0.396551724137931,0.341954022988506,31,FALSE,FALSE
2021,"104","Nagykalloi",47.875519,21.8460521,9,32,7,10,0,853,0,3.98892857142857,0.396551724137931,0.341954022988506,32,FALSE,FALSE
2021,"105","Nagykanizsai",46.455237,16.9953419,1,23,7,9,0,2245,0,5.94186335403727,0.396551724137931,0.5,33,FALSE,FALSE
2021,"106","Nagykatai",47.4181175,19.7422453,2,18,6,7,0,1940,0.00730158730158731,7.90698412698412,0.847701149425287,0.795977011494253,34,FALSE,FALSE
2021,"107","Nyirbatori",47.835414,22.130289,3,31,7,8,0,858,0,6.74433179723502,0.396551724137931,0.655172413793103,35,FALSE,FALSE
2021,"108","Nyiregyhazai",47.9532583,21.7264647,8,3,4,12,2553,0,10.0228571428571,0,0.925287356321839,0.0775862068965517,11,TRUE,TRUE
2021,"109","Oroshazai",46.5615338,20.6619204,13,25,7,12,0,0,0,0,0.396551724137931,0.0775862068965517,13,TRUE,TRUE
2021,"110","Oroszlanyi",47.4943329,18.3215448,3,31,7,8,0,802,0,6.74433179723502,0.396551724137931,0.655172413793103,37,FALSE,FALSE
2021,"111","Ozdi",48.2195564,20.2869186,3,31,7,8,0,1163,0,6.74433179723502,0.396551724137931,0.655172413793103,38,FALSE,FALSE
2021,"112","Oriszentpeteri",46.838954,16.4211574,13,25,7,12,0,0,0,0,0.396551724137931,0.0775862068965517,39,FALSE,FALSE
2021,"113","Pacsai",46.7226412,17.0096878,13,25,7,12,0,0,0,0,0.396551724137931,0.0775862068965517,40,FALSE,FALSE
2021,"114","Paksi",46.626368,18.8652409,2,18,6,7,0,1707,0.00730158730158731,7.90698412698412,0.847701149425287,0.795977011494253,41,FALSE,FALSE
2021,"115","Pannonhalmai",47.55021,17.754228,13,25,7,12,0,0,0,0,0.396551724137931,0.0775862068965517,42,FALSE,FALSE
2021,"116","Papai",47.3308153,17.4660302,3,31,7,8,0,1573,0,6.74433179723502,0.396551724137931,0.655172413793103,43,FALSE,FALSE
2021,"117","Pasztoi",47.919562,19.6978939,1,23,7,9,0,828,0,5.94186335403727,0.396551724137931,0.5,44,FALSE,FALSE
2021,"118","Pecsi",46.0713242,18.2331772,10,5,2,2,24504,7573,120.875428571428,49.1897142857143,0.982758620689655,0.982758620689655,4,TRUE,TRUE
2021,"119","Pecsvaradi",46.158114,18.422176,9,32,7,10,0,418,0,3.98892857142857,0.396551724137931,0.341954022988506,45,FALSE,FALSE
2021,"120","Petervasarai",48.017941,20.1019849,9,32,7,10,0,455,0,3.98892857142857,0.396551724137931,0.341954022988506,47,FALSE,FALSE
2021,"121","Pilisvorosvari",47.6212089,18.9111742,6,9,7,5,0,4004,0,20.3396825396825,0.396551724137931,0.890804597701149,48,FALSE,FALSE
2021,"122","Polgari",47.866362,21.1242449,13,25,7,12,0,0,0,0,0.396551724137931,0.0775862068965517,49,FALSE,FALSE
2021,"123","Puspokladanyi",47.3176758,21.1165369,3,31,7,8,0,1106,0,6.74433179723502,0.396551724137931,0.655172413793103,50,FALSE,FALSE
2021,"124","Rackevei",47.1611023,18.9455669,2,18,6,7,0,1175,0.00730158730158731,7.90698412698412,0.847701149425287,0.795977011494253,51,FALSE,FALSE
2021,"125","Retsagi",47.9278597,19.1372757,3,31,7,8,0,746,0,6.74433179723502,0.396551724137931,0.655172413793103,52,FALSE,FALSE
2021,"126","Salgotarjani",48.0853167,19.7869357,3,31,7,8,0,1804,0,6.74433179723502,0.396551724137931,0.655172413793103,53,FALSE,FALSE
2021,"127","Sarbogardi",46.887769,18.6193289,1,23,7,9,0,642,0,5.94186335403727,0.396551724137931,0.5,54,FALSE,FALSE
2021,"128","Sarkadi",46.746283,21.3848669,9,32,7,10,0,483,0,3.98892857142857,0.396551724137931,0.341954022988506,55,FALSE,FALSE
2021,"129","Sarospataki",48.318984,21.5663738,2,18,6,7,23,864,0.00730158730158731,7.90698412698412,0.847701149425287,0.795977011494253,24,FALSE,FALSE
2021,"130","Sarvari",47.2540616,16.9352309,1,23,7,9,0,958,0,5.94186335403727,0.396551724137931,0.5,57,FALSE,FALSE
2021,"131","Sasdi",46.2548488,18.1060595,13,25,7,12,0,0,0,0,0.396551724137931,0.0775862068965517,58,FALSE,FALSE
2021,"132","Satoraljaujhelyi",48.3941408,21.6559965,2,18,6,7,0,769,0.00730158730158731,7.90698412698412,0.847701149425287,0.795977011494253,59,FALSE,FALSE
2021,"133","Sellyei",45.8719698,17.8460989,5,16,7,11,0,242,0,2.03107142857143,0.396551724137931,0.204022988505747,60,FALSE,FALSE
2021,"134","Siklosi",45.852147,18.2988281,3,31,7,8,0,810,0,6.74433179723502,0.396551724137931,0.655172413793103,61,FALSE,FALSE
2021,"135","Siofoki",46.9057439,18.0525018,2,18,6,7,0,1859,0.00730158730158731,7.90698412698412,0.847701149425287,0.795977011494253,62,FALSE,FALSE
2021,"136","Sopron-Fertodi",47.684898,16.583053,8,3,4,12,2454,0,10.0228571428571,0,0.925287356321839,0.0775862068965517,10,TRUE,TRUE
2021,"137","Sumegi",46.9775543,17.2819824,5,16,7,11,0,425,0,2.03107142857143,0.396551724137931,0.204022988505747,63,FALSE,FALSE
2021,"138","Szarvasi",46.8595081,20.5595884,9,32,7,10,0,783,0,3.98892857142857,0.396551724137931,0.341954022988506,21,FALSE,FALSE
2021,"139","Szecsenyi",48.0811488,19.5197217,3,31,7,8,0,453,0,6.74433179723502,0.396551724137931,0.655172413793103,64,FALSE,FALSE
2021,"140","Szegedi",46.2536169,20.1461345,10,5,2,2,23963,8910,120.875428571428,49.1897142857143,0.982758620689655,0.982758620689655,3,TRUE,TRUE
2021,"141","Szeghalomi",47.027309,21.166263,13,25,7,12,0,0,0,0,0.396551724137931,0.0775862068965517,66,FALSE,FALSE
2021,"142","Szekesfehervari",47.1887157,18.4138088,11,6,3,4,2105,6307,30.9533333333333,30.632380952381,0.951149425287356,0.933908045977011,20,TRUE,TRUE
2021,"143","Szekszardi",46.3485623,18.7019205,3,31,7,8,0,1976,0,6.74433179723502,0.396551724137931,0.655172413793103,67,FALSE,FALSE
2021,"144","Szentendrei",47.6734712,19.07254,4,3,7,3,0,5647,0,34.2704761904762,0.396551724137931,0.959770114942529,68,FALSE,FALSE
2021,"145","Szentesi",46.65192,20.2571842,3,31,7,8,0,1105,0,6.74433179723502,0.396551724137931,0.655172413793103,69,FALSE,FALSE
2021,"146","Szentgotthardi",46.9527524,16.2737218,5,16,7,11,0,336,0,2.03107142857143,0.396551724137931,0.204022988505747,70,FALSE,FALSE
2021,"147","Szentlorinci",46.040211,17.989775,9,32,7,10,0,305,0,3.98892857142857,0.396551724137931,0.341954022988506,71,FALSE,FALSE
2021,"148","Szerencsi",48.162418,21.205206,9,32,7,10,0,1043,0,3.98892857142857,0.396551724137931,0.341954022988506,72,FALSE,FALSE
2021,"149","Szigetvari",46.0482577,17.8123125,9,32,7,10,0,554,0,3.98892857142857,0.396551724137931,0.341954022988506,73,FALSE,FALSE
2021,"150","Szikszoi",48.1949949,20.9294318,9,32,7,10,0,351,0,3.98892857142857,0.396551724137931,0.341954022988506,75,FALSE,FALSE
2021,"151","Szobi",47.818012,18.8667731,3,31,7,8,0,959,0,6.74433179723502,0.396551724137931,0.655172413793103,76,FALSE,FALSE
2021,"152","Szolnoki",47.174662,20.17628,6,9,7,5,0,4579,0,20.3396825396825,0.396551724137931,0.890804597701149,15,TRUE,TRUE
2021,"153","Szombathelyi",47.23514,16.6219178,6,9,7,5,0,4055,0,20.3396825396825,0.396551724137931,0.890804597701149,23,FALSE,FALSE
2021,"154","Tabi",46.729486,18.0329558,5,16,7,11,0,187,0,2.03107142857143,0.396551724137931,0.204022988505747,77,FALSE,FALSE
2021,"155","Tamasi",46.6295947,18.2846991,1,23,7,9,0,822,0,5.94186335403727,0.396551724137931,0.5,78,FALSE,FALSE
2021,"156","Tapolcai",46.88289,17.4413581,3,31,7,8,0,1057,0,6.74433179723502,0.396551724137931,0.655172413793103,79,FALSE,FALSE
2021,"157","Tatabanyai",47.5861869,18.3947662,7,3,5,6,680,2852,4.09904761904762,15.2685714285714,0.908045977011494,0.85632183908046,16,TRUE,TRUE
2021,"158","Tatai",47.655255,18.3285248,2,18,6,7,0,1697,0.00730158730158731,7.90698412698412,0.847701149425287,0.795977011494253,80,FALSE,FALSE
2021,"159","Teti",47.515979,17.5168418,9,32,7,10,0,373,0,3.98892857142857,0.396551724137931,0.341954022988506,81,FALSE,FALSE
2021,"160","Tiszafuredi",47.615345,20.7617821,3,31,7,8,0,564,0,6.74433179723502,0.396551724137931,0.655172413793103,83,FALSE,FALSE
2021,"161","Tiszaujvarosi",47.92291,21.052195,9,32,7,10,0,1025,0,3.98892857142857,0.396551724137931,0.341954022988506,84,FALSE,FALSE
2021,"162","Tiszavasvari",47.9511368,21.3687867,3,31,7,8,0,641,0,6.74433179723502,0.396551724137931,0.655172413793103,85,FALSE,FALSE
2021,"163","Tokaji",48.119994,21.412563,5,16,7,11,0,375,0,2.03107142857143,0.396551724137931,0.204022988505747,86,FALSE,FALSE
2021,"164","Torokszentmiklosi",47.180736,20.4182932,3,31,7,8,0,989,0,6.74433179723502,0.396551724137931,0.655172413793103,87,FALSE,FALSE
2021,"165","Vaci",47.7754454,19.1377076,7,3,5,6,1032,3181,4.09904761904762,15.2685714285714,0.908045977011494,0.85632183908046,17,TRUE,TRUE
2021,"166","Varpalotai",47.1973949,18.1396572,3,31,7,8,0,996,0,6.74433179723502,0.396551724137931,0.655172413793103,88,FALSE,FALSE
2021,"167","Vasarosnamenyi",48.126772,22.318366,3,31,7,8,0,1048,0,6.74433179723502,0.396551724137931,0.655172413793103,89,FALSE,FALSE
2021,"168","Vasvari",47.051087,16.7985158,5,16,7,11,0,239,0,2.03107142857143,0.396551724137931,0.204022988505747,90,FALSE,FALSE
2021,"169","Veresegyhazi",47.65714,19.284962,13,25,7,12,0,0,0,0,0.396551724137931,0.0775862068965517,91,FALSE,FALSE
2021,"170","Veszpremi",47.092967,17.913785,11,6,3,4,6920,3216,30.9533333333333,30.632380952381,0.951149425287356,0.933908045977011,9,TRUE,TRUE
2021,"171","Zahonyi",48.406999,22.1745391,5,16,7,11,0,523,0,2.03107142857143,0.396551724137931,0.204022988505747,93,FALSE,FALSE
2021,"172","Zalaegerszegi",46.845412,16.8472302,6,9,7,5,0,3485,0,20.3396825396825,0.396551724137931,0.890804597701149,94,FALSE,FALSE
2021,"173","Zalakarosi",46.5605989,17.1230251,13,25,7,12,0,0,0,0,0.396551724137931,0.0775862068965517,95,FALSE,FALSE
2021,"174","Zalaszentgroti",46.947143,17.0790458,5,16,7,11,0,331,0,2.03107142857143,0.396551724137931,0.204022988505747,96,FALSE,FALSE
2021,"175","Zirci",47.2630578,17.8725401,1,23,7,9,0,513,0,5.94186335403727,0.396551724137931,0.5,97,FALSE,FALSE
2022,"1","Abai",47.028736,18.517633,12,14,5,13,0,0,0.122857142857143,0,0.859195402298851,0.0373563218390805,26,FALSE,FALSE
2022,"2","Abauj-Hegykozi",48.471017,21.2741752,4,21,6,10,0,264,0,3.64897959183673,0.408045977011494,0.281609195402299,100,FALSE,FALSE
2022,"3","Adonyi",47.119574,18.8652611,12,14,5,13,0,0,0.122857142857143,0,0.859195402298851,0.0373563218390805,109,FALSE,FALSE
2022,"4","Ajkai",47.1068802,17.563957,5,18,6,9,0,1111,0,4.8152380952381,0.408045977011494,0.39367816091954,118,FALSE,FALSE
2022,"5","Aszodi",47.6523763,19.4759463,3,23,6,7,0,1411,0,7.24074534161491,0.408045977011494,0.660919540229885,127,FALSE,FALSE
2022,"6","Bacsalmasi",46.123955,19.32633,2,14,6,11,0,425,0,2.99224489795918,0.408045977011494,0.181034482758621,136,FALSE,FALSE
2022,"7","Bajai",46.1834182,18.9538158,10,4,4,5,380,2137,3.70571428571429,13.0942857142857,0.910919540229885,0.841954022988506,19,TRUE,TRUE
2022,"8","Baktaloranthazai",47.997697,22.0766029,8,11,6,12,0,451,0,1.66857142857143,0.408045977011494,0.109195402298851,155,FALSE,FALSE
2022,"9","Balassagyarmati",48.078798,19.2938953,7,18,6,6,0,1021,0,9.04666666666666,0.408045977011494,0.778735632183908,166,FALSE,FALSE
2022,"10","Balatonalmadi",47.0286976,18.0148627,3,23,6,7,0,1204,0,7.24074534161491,0.408045977011494,0.660919540229885,27,FALSE,FALSE
2022,"11","Balatonfoldvari",46.8497238,17.8794039,12,14,5,13,0,0,0.122857142857143,0,0.859195402298851,0.0373563218390805,36,FALSE,FALSE
2022,"12","Balatonfuredi",46.9564612,17.8889631,5,18,6,9,0,1117,0,4.8152380952381,0.408045977011494,0.39367816091954,46,FALSE,FALSE
2022,"13","Balmazujvarosi",47.612435,21.343577,4,21,6,10,0,685,0,3.64897959183673,0.408045977011494,0.281609195402299,56,FALSE,FALSE
2022,"14","Barcsi",45.959228,17.4666786,2,14,6,11,0,550,0,2.99224489795918,0.408045977011494,0.181034482758621,65,FALSE,FALSE
2022,"15","Batonyterenyei",47.989222,19.828845,5,18,6,9,0,468,0,4.8152380952381,0.408045977011494,0.39367816091954,74,FALSE,FALSE
2022,"16","Bekescsabai",46.6841987,21.0867872,9,26,6,8,0,2779,0,6.34505494505494,0.408045977011494,0.520114942528736,82,FALSE,FALSE
2022,"17","Bekesi",46.6704899,21.0434996,4,21,6,10,0,952,0,3.64897959183673,0.408045977011494,0.281609195402299,92,FALSE,FALSE
2022,"18","Belapatfalvai",48.052725,20.348591,8,11,6,12,0,197,0,1.66857142857143,0.408045977011494,0.109195402298851,98,FALSE,FALSE
2022,"19","Berettyoujfalui",47.233892,21.5340216,4,21,6,10,0,1050,0,3.64897959183673,0.408045977011494,0.281609195402299,99,FALSE,FALSE
2022,"20","Bicskei",47.490759,18.6362719,7,18,6,6,0,1495,0,9.04666666666666,0.408045977011494,0.778735632183908,101,FALSE,FALSE
2022,"21","Bodrogkozi",48.263291,21.8918689,8,11,6,12,0,153,0,1.66857142857143,0.408045977011494,0.109195402298851,102,FALSE,FALSE
2022,"22","Bonyhadi",46.2986759,18.5305778,3,23,6,7,0,802,0,7.24074534161491,0.408045977011494,0.660919540229885,103,FALSE,FALSE
2022,"23","Budaorsi",47.460753,18.9581146,12,14,5,13,301,0,0.122857142857143,0,0.859195402298851,0.0373563218390805,22,FALSE,FALSE
2022,"24","Budapesti",47.4984056,19.0407578,13,1,1,1,197695,81337,1129.68571428571,464.782857142857,1,1,1,TRUE,FALSE
2022,"25","Cegledi",47.1772081,19.7980311,6,12,6,4,0,4193,0,27.9252380952381,0.408045977011494,0.887931034482759,104,FALSE,FALSE
2022,"26","Celldomolki",47.257515,17.1526399,4,21,6,10,0,637,0,3.64897959183673,0.408045977011494,0.281609195402299,105,FALSE,FALSE
2022,"27","Csengeri",47.8350105,22.6822754,2,14,6,11,0,258,0,2.99224489795918,0.408045977011494,0.181034482758621,106,FALSE,FALSE
2022,"28","Csepregi",47.401546,16.7081249,12,14,5,13,0,0,0.122857142857143,0,0.859195402298851,0.0373563218390805,107,FALSE,FALSE
2022,"29","Csongradi",46.710833,20.144575,5,18,6,9,0,500,0,4.8152380952381,0.408045977011494,0.39367816091954,108,FALSE,FALSE
2022,"30","Csornai",47.601529,17.249978,4,21,6,10,0,834,0,3.64897959183673,0.408045977011494,0.281609195402299,110,FALSE,FALSE
2022,"31","Csurgoi",46.260776,17.095325,9,26,6,8,0,430,0,6.34505494505494,0.408045977011494,0.520114942528736,111,FALSE,FALSE
2022,"32","Dabasi",47.192283,19.330853,7,18,6,6,0,1357,0,9.04666666666666,0.408045977011494,0.778735632183908,112,FALSE,FALSE
2022,"33","Debreceni",47.5299739,21.6393571,11,5,2,2,30855,10028,128.758857142857,41.7348571428571,0.982758620689655,0.982758620689655,2,TRUE,TRUE
2022,"34","Derecske-Letavertesi",47.3824608,21.891967,2,14,6,11,0,444,0,2.99224489795918,0.408045977011494,0.181034482758621,113,FALSE,FALSE
2022,"35","Devecseri",47.106397,17.437279,8,11,6,12,0,226,0,1.66857142857143,0.408045977011494,0.109195402298851,114,FALSE,FALSE
2022,"36","Dombovari",46.383295,18.131089,9,26,6,8,0,841,0,6.34505494505494,0.408045977011494,0.520114942528736,115,FALSE,FALSE
2022,"37","Dorogi",47.7197439,18.7287817,12,14,5,13,0,0,0.122857142857143,0,0.859195402298851,0.0373563218390805,116,FALSE,FALSE
2022,"38","Dunakeszi",47.6297228,19.1380528,6,12,6,4,0,5024,0,27.9252380952381,0.408045977011494,0.887931034482759,117,FALSE,FALSE
2022,"39","Dunaujvarosi",46.980668,18.9127069,1,8,3,3,2223,2746,28.2757142857143,29.6742857142857,0.945402298850575,0.945402298850575,18,TRUE,TRUE
2022,"40","Edelenyi",48.2966608,20.7442671,3,23,6,7,0,723,0,7.24074534161491,0.408045977011494,0.660919540229885,119,FALSE,FALSE
2022,"41","Egri",47.9031987,20.3731077,1,8,3,3,8084,3817,28.2757142857143,29.6742857142857,0.945402298850575,0.945402298850575,8,TRUE,TRUE
2022,"42","Encsi",48.330768,21.1219603,2,14,6,11,0,386,0,2.99224489795918,0.408045977011494,0.181034482758621,120,FALSE,FALSE
2022,"43","Enyingi",46.9296,18.242978,8,11,6,12,0,360,0,1.66857142857143,0.408045977011494,0.109195402298851,121,FALSE,FALSE
2022,"44","Ercsi",47.24966,18.891059,9,26,6,8,0,1023,0,6.34505494505494,0.408045977011494,0.520114942528736,122,FALSE,FALSE
2022,"45","Erdi",47.3783095,18.9217973,6,12,6,4,0,7036,0,27.9252380952381,0.408045977011494,0.887931034482759,123,FALSE,FALSE
2022,"46","Esztergomi",47.793308,18.7419333,6,12,6,4,0,3253,0,27.9252380952381,0.408045977011494,0.887931034482759,25,FALSE,FALSE
2022,"47","Fehergyarmati",47.985063,22.517104,7,18,6,6,0,1270,0,9.04666666666666,0.408045977011494,0.778735632183908,124,FALSE,FALSE
2022,"48","Fonyodi",46.749197,17.5558792,3,23,6,7,0,1005,0,7.24074534161491,0.408045977011494,0.660919540229885,125,FALSE,FALSE
2022,"49","Fuzesabonyi",47.750888,20.409611,4,21,6,10,0,761,0,3.64897959183673,0.408045977011494,0.281609195402299,126,FALSE,FALSE
2022,"50","Gardonyi",47.1973503,18.6091412,7,18,6,6,0,1671,0,9.04666666666666,0.408045977011494,0.778735632183908,128,FALSE,FALSE
2022,"51","Godolloi",47.5975105,19.3480017,11,5,2,2,12255,8626,128.758857142857,41.7348571428571,0.982758620689655,0.982758620689655,5,TRUE,TRUE
2022,"52","Gyali",47.3808958,19.215712,7,18,6,6,0,1667,0,9.04666666666666,0.408045977011494,0.778735632183908,129,FALSE,FALSE
2022,"53","Gyongyosi",47.775028,19.9280689,7,18,6,6,0,2535,0,9.04666666666666,0.408045977011494,0.778735632183908,130,FALSE,FALSE
2022,"54","Gyori",47.684051,17.6351011,11,5,2,2,14704,7585,128.758857142857,41.7348571428571,0.982758620689655,0.982758620689655,6,TRUE,TRUE
2022,"55","Gyulai",46.642498,21.268809,3,23,6,7,0,1455,0,7.24074534161491,0.408045977011494,0.660919540229885,131,FALSE,FALSE
2022,"56","Hajduboszormenyi",47.673238,21.5076172,5,18,6,9,0,2165,0,4.8152380952381,0.408045977011494,0.39367816091954,132,FALSE,FALSE
2022,"57","Hajduhadhazi",47.68197,21.6685631,5,18,6,9,0,1248,0,4.8152380952381,0.408045977011494,0.39367816091954,133,FALSE,FALSE
2022,"58","Hajduszoboszloi",47.443667,21.389719,9,26,6,8,0,1465,0,6.34505494505494,0.408045977011494,0.520114942528736,134,FALSE,FALSE
2022,"59","Hatvani",47.668122,19.669901,7,18,6,6,0,1791,0,9.04666666666666,0.408045977011494,0.778735632183908,135,FALSE,FALSE
2022,"60","Hevesi",47.5945238,20.2882213,5,18,6,9,0,642,0,4.8152380952381,0.408045977011494,0.39367816091954,137,FALSE,FALSE
2022,"61","Hevizi",46.7905869,17.1843866,12,14,5,13,0,0,0.122857142857143,0,0.859195402298851,0.0373563218390805,138,FALSE,FALSE
2022,"62","Hodmezovasarhelyi",46.430411,20.3188298,9,26,6,8,0,1766,0,6.34505494505494,0.408045977011494,0.520114942528736,139,FALSE,FALSE
2022,"63","Ibrany-Nagyhalaszi",48.134908,21.7187528,9,26,6,8,0,522,0,6.34505494505494,0.408045977011494,0.520114942528736,140,FALSE,FALSE
2022,"64","Janoshalmai",46.2967401,19.3228798,5,18,6,9,0,314,0,4.8152380952381,0.408045977011494,0.39367816091954,141,FALSE,FALSE
2022,"65","Jaszberenyi",47.5006181,19.9147188,7,18,6,6,0,2470,0,9.04666666666666,0.408045977011494,0.778735632183908,142,FALSE,FALSE
2022,"66","Kadarkuti",46.2311466,17.6157102,12,14,5,13,0,0,0.122857142857143,0,0.859195402298851,0.0373563218390805,143,FALSE,FALSE
2022,"67","Kalocsai",46.5334145,18.9856969,3,23,6,7,0,1363,0,7.24074534161491,0.408045977011494,0.660919540229885,144,FALSE,FALSE
2022,"68","Kaposvari",46.36653,17.782483,3,23,6,7,0,3728,0,7.24074534161491,0.408045977011494,0.660919540229885,12,TRUE,TRUE
2022,"69","Kapuvar-Beledi",47.5935568,17.0249715,8,11,6,12,0,396,0,1.66857142857143,0.408045977011494,0.109195402298851,145,FALSE,FALSE
2022,"70","Karcagi",47.316632,20.9220631,5,18,6,9,0,1038,0,4.8152380952381,0.408045977011494,0.39367816091954,146,FALSE,FALSE
2022,"71","Kazincbarcikai",48.25317,20.6456512,3,23,6,7,0,1800,0,7.24074534161491,0.408045977011494,0.660919540229885,147,FALSE,FALSE
2022,"72","Kecskemeti",46.9062092,19.6899774,1,8,3,3,4156,6969,28.2757142857143,29.6742857142857,0.945402298850575,0.945402298850575,14,TRUE,TRUE
2022,"73","Keszthelyi",46.7695893,17.2481444,7,18,6,6,0,1737,0,9.04666666666666,0.408045977011494,0.778735632183908,148,FALSE,FALSE
2022,"74","Kisberi",47.501673,18.0269161,2,14,6,11,0,463,0,2.99224489795918,0.408045977011494,0.181034482758621,149,FALSE,FALSE
2022,"75","Kiskorosi",46.620386,19.283827,9,26,6,8,0,1432,0,6.34505494505494,0.408045977011494,0.520114942528736,150,FALSE,FALSE
2022,"76","Kiskunfelegyhazai",46.7050953,19.8499199,3,23,6,7,0,1331,0,7.24074534161491,0.408045977011494,0.660919540229885,151,FALSE,FALSE
2022,"77","Kiskunhalasi",46.432037,19.4885269,3,23,6,7,0,1224,0,7.24074534161491,0.408045977011494,0.660919540229885,152,FALSE,FALSE
2022,"78","Kiskunmajsai",46.492344,19.7368448,3,23,6,7,0,489,0,7.24074534161491,0.408045977011494,0.660919540229885,153,FALSE,FALSE
2022,"79","Kisteleki",46.4696447,19.9803972,2,14,6,11,0,449,0,2.99224489795918,0.408045977011494,0.181034482758621,154,FALSE,FALSE
2022,"80","Kisvardai",48.2264002,22.0846211,4,21,6,10,0,2132,0,3.64897959183673,0.408045977011494,0.281609195402299,156,FALSE,FALSE
2022,"81","Komaromi",47.7434248,18.1191064,3,23,6,7,0,1170,0,7.24074534161491,0.408045977011494,0.660919540229885,157,FALSE,FALSE
2022,"82","Komloi",47.600636,20.445412,9,26,6,8,0,704,0,6.34505494505494,0.408045977011494,0.520114942528736,158,FALSE,FALSE
2022,"83","Kormendi",47.011113,16.6057156,4,21,6,10,0,681,0,3.64897959183673,0.408045977011494,0.281609195402299,159,FALSE,FALSE
2022,"84","Koszegi",47.381935,16.552229,3,23,6,7,0,850,0,7.24074534161491,0.408045977011494,0.660919540229885,160,FALSE,FALSE
2022,"85","Kunszentmartoni",46.841082,20.287233,3,23,6,7,0,713,0,7.24074534161491,0.408045977011494,0.660919540229885,161,FALSE,FALSE
2022,"86","Kunszentmiklosi",47.026444,19.1227831,3,23,6,7,0,708,0,7.24074534161491,0.408045977011494,0.660919540229885,162,FALSE,FALSE
2022,"87","Lengyeltoti",46.667049,17.6407711,12,14,5,13,0,0,0.122857142857143,0,0.859195402298851,0.0373563218390805,163,FALSE,FALSE
2022,"88","Lenti",46.623785,16.546001,5,18,6,9,0,542,0,4.8152380952381,0.408045977011494,0.39367816091954,164,FALSE,FALSE
2022,"89","Letenyei",46.4337456,16.7221882,5,18,6,9,0,340,0,4.8152380952381,0.408045977011494,0.39367816091954,165,FALSE,FALSE
2022,"90","Makoi",46.21498,20.47513,5,18,6,9,0,1105,0,4.8152380952381,0.408045977011494,0.39367816091954,167,FALSE,FALSE
2022,"91","Marcali",46.582815,17.4119018,5,18,6,9,0,736,0,4.8152380952381,0.408045977011494,0.39367816091954,168,FALSE,FALSE
2022,"92","Mateszalkai",47.943265,22.316904,9,26,6,8,0,1540,0,6.34505494505494,0.408045977011494,0.520114942528736,169,FALSE,FALSE
2022,"93","Mezocsati",47.823541,20.9028038,8,11,6,12,0,281,0,1.66857142857143,0.408045977011494,0.109195402298851,170,FALSE,FALSE
2022,"94","Mezokovacshazai",46.4071834,20.9241681,5,18,6,9,0,809,0,4.8152380952381,0.408045977011494,0.39367816091954,171,FALSE,FALSE
2022,"95","Mezokovesdi",47.8068796,20.5650907,9,26,6,8,0,1187,0,6.34505494505494,0.408045977011494,0.520114942528736,172,FALSE,FALSE
2022,"96","Mezoturi",47.00278,20.618465,4,21,6,10,0,745,0,3.64897959183673,0.408045977011494,0.281609195402299,173,FALSE,FALSE
2022,"97","Miskolci",48.1043854,20.7913563,1,8,3,3,9522,8924,28.2757142857143,29.6742857142857,0.945402298850575,0.945402298850575,7,TRUE,TRUE
2022,"98","Mohacsi",45.9959241,18.6798279,9,26,6,8,0,1115,0,6.34505494505494,0.408045977011494,0.520114942528736,174,FALSE,FALSE
2022,"99","Monori",47.34754,19.448946,6,12,6,4,0,4756,0,27.9252380952381,0.408045977011494,0.887931034482759,175,FALSE,FALSE
2022,"100","Morahalomi",46.217922,19.883719,2,14,6,11,0,742,0,2.99224489795918,0.408045977011494,0.181034482758621,28,FALSE,FALSE
2022,"101","Mori",47.3717781,18.2085973,7,18,6,6,0,1184,0,9.04666666666666,0.408045977011494,0.778735632183908,29,FALSE,FALSE
2022,"102","Mosonmagyarovari",47.8744063,17.2693897,9,26,6,8,0,2162,0,6.34505494505494,0.408045977011494,0.520114942528736,30,FALSE,FALSE
2022,"103","Nagyatadi",46.23001,17.3574429,2,14,6,11,0,607,0,2.99224489795918,0.408045977011494,0.181034482758621,31,FALSE,FALSE
2022,"104","Nagykalloi",47.875519,21.8460521,4,21,6,10,0,784,0,3.64897959183673,0.408045977011494,0.281609195402299,32,FALSE,FALSE
2022,"105","Nagykanizsai",46.455237,16.9953419,9,26,6,8,0,2210,0,6.34505494505494,0.408045977011494,0.520114942528736,33,FALSE,FALSE
2022,"106","Nagykatai",47.4181175,19.7422453,7,18,6,6,0,2027,0,9.04666666666666,0.408045977011494,0.778735632183908,34,FALSE,FALSE
2022,"107","Nyirbatori",47.835414,22.130289,5,18,6,9,0,876,0,4.8152380952381,0.408045977011494,0.39367816091954,35,FALSE,FALSE
2022,"108","Nyiregyhazai",47.9532583,21.7264647,1,8,3,3,4359,6536,28.2757142857143,29.6742857142857,0.945402298850575,0.945402298850575,11,TRUE,TRUE
2022,"109","Oroshazai",46.5615338,20.6619204,3,23,6,7,0,1270,0,7.24074534161491,0.408045977011494,0.660919540229885,13,TRUE,TRUE
2022,"110","Oroszlanyi",47.4943329,18.3215448,9,26,6,8,0,713,0,6.34505494505494,0.408045977011494,0.520114942528736,37,FALSE,FALSE
2022,"111","Ozdi",48.2195564,20.2869186,3,23,6,7,0,1185,0,7.24074534161491,0.408045977011494,0.660919540229885,38,FALSE,FALSE
2022,"112","Oriszentpeteri",46.838954,16.4211574,12,14,5,13,0,0,0.122857142857143,0,0.859195402298851,0.0373563218390805,39,FALSE,FALSE
2022,"113","Pacsai",46.7226412,17.0096878,12,14,5,13,0,0,0.122857142857143,0,0.859195402298851,0.0373563218390805,40,FALSE,FALSE
2022,"114","Paksi",46.626368,18.8652409,7,18,6,6,0,1459,0,9.04666666666666,0.408045977011494,0.778735632183908,41,FALSE,FALSE
2022,"115","Pannonhalmai",47.55021,17.754228,2,14,6,11,0,352,0,2.99224489795918,0.408045977011494,0.181034482758621,42,FALSE,FALSE
2022,"116","Papai",47.3308153,17.4660302,7,18,6,6,0,1552,0,9.04666666666666,0.408045977011494,0.778735632183908,43,FALSE,FALSE
2022,"117","Pasztoi",47.919562,19.6978939,9,26,6,8,0,862,0,6.34505494505494,0.408045977011494,0.520114942528736,44,FALSE,FALSE
2022,"118","Pecsi",46.0713242,18.2331772,11,5,2,2,26912,1534,128.758857142857,41.7348571428571,0.982758620689655,0.982758620689655,4,TRUE,TRUE
2022,"119","Pecsvaradi",46.158114,18.422176,4,21,6,10,0,319,0,3.64897959183673,0.408045977011494,0.281609195402299,45,FALSE,FALSE
2022,"120","Petervasarai",48.017941,20.1019849,9,26,6,8,0,446,0,6.34505494505494,0.408045977011494,0.520114942528736,47,FALSE,FALSE
2022,"121","Pilisvorosvari",47.6212089,18.9111742,6,12,6,4,0,3636,0,27.9252380952381,0.408045977011494,0.887931034482759,48,FALSE,FALSE
2022,"122","Polgari",47.866362,21.1242449,12,14,5,13,0,0,0.122857142857143,0,0.859195402298851,0.0373563218390805,49,FALSE,FALSE
2022,"123","Puspokladanyi",47.3176758,21.1165369,9,26,6,8,0,956,0,6.34505494505494,0.408045977011494,0.520114942528736,50,FALSE,FALSE
2022,"124","Rackevei",47.1611023,18.9455669,6,12,6,4,0,7257,0,27.9252380952381,0.408045977011494,0.887931034482759,51,FALSE,FALSE
2022,"125","Retsagi",47.9278597,19.1372757,7,18,6,6,0,746,0,9.04666666666666,0.408045977011494,0.778735632183908,52,FALSE,FALSE
2022,"126","Salgotarjani",48.0853167,19.7869357,7,18,6,6,0,1667,0,9.04666666666666,0.408045977011494,0.778735632183908,53,FALSE,FALSE
2022,"127","Sarbogardi",46.887769,18.6193289,5,18,6,9,0,643,0,4.8152380952381,0.408045977011494,0.39367816091954,54,FALSE,FALSE
2022,"128","Sarkadi",46.746283,21.3848669,4,21,6,10,0,536,0,3.64897959183673,0.408045977011494,0.281609195402299,55,FALSE,FALSE
2022,"129","Sarospataki",48.318984,21.5663738,10,4,4,5,657,826,3.70571428571429,13.0942857142857,0.910919540229885,0.841954022988506,24,FALSE,FALSE
2022,"130","Sarvari",47.2540616,16.9352309,9,26,6,8,0,1016,0,6.34505494505494,0.408045977011494,0.520114942528736,57,FALSE,FALSE
2022,"131","Sasdi",46.2548488,18.1060595,6,12,6,4,0,5936,0,27.9252380952381,0.408045977011494,0.887931034482759,58,FALSE,FALSE
2022,"132","Satoraljaujhelyi",48.3941408,21.6559965,9,26,6,8,0,685,0,6.34505494505494,0.408045977011494,0.520114942528736,59,FALSE,FALSE
2022,"133","Sellyei",45.8719698,17.8460989,8,11,6,12,0,196,0,1.66857142857143,0.408045977011494,0.109195402298851,60,FALSE,FALSE
2022,"134","Siklosi",45.852147,18.2988281,9,26,6,8,0,883,0,6.34505494505494,0.408045977011494,0.520114942528736,61,FALSE,FALSE
2022,"135","Siofoki",46.9057439,18.0525018,7,18,6,6,0,1937,0,9.04666666666666,0.408045977011494,0.778735632183908,62,FALSE,FALSE
2022,"136","Sopron-Fertodi",47.684898,16.583053,1,8,3,3,2723,3048,28.2757142857143,29.6742857142857,0.945402298850575,0.945402298850575,10,TRUE,TRUE
2022,"137","Sumegi",46.9775543,17.2819824,4,21,6,10,0,350,0,3.64897959183673,0.408045977011494,0.281609195402299,63,FALSE,FALSE
2022,"138","Szarvasi",46.8595081,20.5595884,2,14,6,11,0,1252,0,2.99224489795918,0.408045977011494,0.181034482758621,21,FALSE,FALSE
2022,"139","Szecsenyi",48.0811488,19.5197217,4,21,6,10,0,375,0,3.64897959183673,0.408045977011494,0.281609195402299,64,FALSE,FALSE
2022,"140","Szegedi",46.2536169,20.1461345,11,5,2,2,27938,8745,128.758857142857,41.7348571428571,0.982758620689655,0.982758620689655,3,TRUE,TRUE
2022,"141","Szeghalomi",47.027309,21.166263,9,26,6,8,0,584,0,6.34505494505494,0.408045977011494,0.520114942528736,66,FALSE,FALSE
2022,"142","Szekesfehervari",47.1887157,18.4138088,1,8,3,3,1996,6364,28.2757142857143,29.6742857142857,0.945402298850575,0.945402298850575,20,TRUE,TRUE
2022,"143","Szekszardi",46.3485623,18.7019205,3,23,6,7,0,2446,0,7.24074534161491,0.408045977011494,0.660919540229885,67,FALSE,FALSE
2022,"144","Szentendrei",47.6734712,19.07254,6,12,6,4,0,5786,0,27.9252380952381,0.408045977011494,0.887931034482759,68,FALSE,FALSE
2022,"145","Szentesi",46.65192,20.2571842,9,26,6,8,0,1041,0,6.34505494505494,0.408045977011494,0.520114942528736,69,FALSE,FALSE
2022,"146","Szentgotthardi",46.9527524,16.2737218,8,11,6,12,0,410,0,1.66857142857143,0.408045977011494,0.109195402298851,70,FALSE,FALSE
2022,"147","Szentlorinci",46.040211,17.989775,8,11,6,12,0,263,0,1.66857142857143,0.408045977011494,0.109195402298851,71,FALSE,FALSE
2022,"148","Szerencsi",48.162418,21.205206,5,18,6,9,0,1016,0,4.8152380952381,0.408045977011494,0.39367816091954,72,FALSE,FALSE
2022,"149","Szigetvari",46.0482577,17.8123125,4,21,6,10,0,436,0,3.64897959183673,0.408045977011494,0.281609195402299,73,FALSE,FALSE
2022,"150","Szikszoi",48.1949949,20.9294318,2,14,6,11,0,353,0,2.99224489795918,0.408045977011494,0.181034482758621,75,FALSE,FALSE
2022,"151","Szobi",47.818012,18.8667731,9,26,6,8,0,888,0,6.34505494505494,0.408045977011494,0.520114942528736,76,FALSE,FALSE
2022,"152","Szolnoki",47.174662,20.17628,6,12,6,4,0,4548,0,27.9252380952381,0.408045977011494,0.887931034482759,15,TRUE,TRUE
2022,"153","Szombathelyi",47.23514,16.6219178,6,12,6,4,0,3870,0,27.9252380952381,0.408045977011494,0.887931034482759,23,FALSE,FALSE
2022,"154","Tabi",46.729486,18.0329558,4,21,6,10,0,194,0,3.64897959183673,0.408045977011494,0.281609195402299,77,FALSE,FALSE
2022,"155","Tamasi",46.6295947,18.2846991,9,26,6,8,0,695,0,6.34505494505494,0.408045977011494,0.520114942528736,78,FALSE,FALSE
2022,"156","Tapolcai",46.88289,17.4413581,7,18,6,6,0,911,0,9.04666666666666,0.408045977011494,0.778735632183908,79,FALSE,FALSE
2022,"157","Tatabanyai",47.5861869,18.3947662,10,4,4,5,744,3128,3.70571428571429,13.0942857142857,0.910919540229885,0.841954022988506,16,TRUE,TRUE
2022,"158","Tatai",47.655255,18.3285248,3,23,6,7,0,1554,0,7.24074534161491,0.408045977011494,0.660919540229885,80,FALSE,FALSE
2022,"159","Teti",47.515979,17.5168418,4,21,6,10,0,396,0,3.64897959183673,0.408045977011494,0.281609195402299,81,FALSE,FALSE
2022,"160","Tiszafuredi",47.615345,20.7617821,2,14,6,11,0,704,0,2.99224489795918,0.408045977011494,0.181034482758621,83,FALSE,FALSE
2022,"161","Tiszaujvarosi",47.92291,21.052195,3,23,6,7,0,971,0,7.24074534161491,0.408045977011494,0.660919540229885,84,FALSE,FALSE
2022,"162","Tiszavasvari",47.9511368,21.3687867,5,18,6,9,0,498,0,4.8152380952381,0.408045977011494,0.39367816091954,85,FALSE,FALSE
2022,"163","Tokaji",48.119994,21.412563,2,14,6,11,0,346,0,2.99224489795918,0.408045977011494,0.181034482758621,86,FALSE,FALSE
2022,"164","Torokszentmiklosi",47.180736,20.4182932,3,23,6,7,0,876,0,7.24074534161491,0.408045977011494,0.660919540229885,87,FALSE,FALSE
2022,"165","Vaci",47.7754454,19.1377076,10,4,4,5,813,3075,3.70571428571429,13.0942857142857,0.910919540229885,0.841954022988506,17,TRUE,TRUE
2022,"166","Varpalotai",47.1973949,18.1396572,3,23,6,7,0,866,0,7.24074534161491,0.408045977011494,0.660919540229885,88,FALSE,FALSE
2022,"167","Vasarosnamenyi",48.126772,22.318366,9,26,6,8,0,925,0,6.34505494505494,0.408045977011494,0.520114942528736,89,FALSE,FALSE
2022,"168","Vasvari",47.051087,16.7985158,8,11,6,12,0,279,0,1.66857142857143,0.408045977011494,0.109195402298851,90,FALSE,FALSE
2022,"169","Veresegyhazi",47.65714,19.284962,12,14,5,13,0,0,0.122857142857143,0,0.859195402298851,0.0373563218390805,91,FALSE,FALSE
2022,"170","Veszpremi",47.092967,17.913785,1,8,3,3,6523,3140,28.2757142857143,29.6742857142857,0.945402298850575,0.945402298850575,9,TRUE,TRUE
2022,"171","Zahonyi",48.406999,22.1745391,4,21,6,10,0,518,0,3.64897959183673,0.408045977011494,0.281609195402299,93,FALSE,FALSE
2022,"172","Zalaegerszegi",46.845412,16.8472302,6,12,6,4,0,3348,0,27.9252380952381,0.408045977011494,0.887931034482759,94,FALSE,FALSE
2022,"173","Zalakarosi",46.5605989,17.1230251,12,14,5,13,0,0,0.122857142857143,0,0.859195402298851,0.0373563218390805,95,FALSE,FALSE
2022,"174","Zalaszentgroti",46.947143,17.0790458,4,21,6,10,0,321,0,3.64897959183673,0.408045977011494,0.281609195402299,96,FALSE,FALSE
2022,"175","Zirci",47.2630578,17.8725401,4,21,6,10,0,440,0,3.64897959183673,0.408045977011494,0.281609195402299,97,FALSE,FALSE
2023,"1","Abai",47.028736,18.517633,7,14,5,13,0,0,0.212244897959184,0,0.859195402298851,0.0373563218390805,26,FALSE,FALSE
2023,"2","Abauj-Hegykozi",48.471017,21.2741752,2,15,6,11,0,331,0,3.3847619047619,0.408045977011494,0.172413793103448,100,FALSE,FALSE
2023,"3","Adonyi",47.119574,18.8652611,7,14,5,13,0,0,0.212244897959184,0,0.859195402298851,0.0373563218390805,109,FALSE,FALSE
2023,"4","Ajkai",47.1068802,17.563957,12,27,6,7,0,1405,0,10.5661375661376,0.408045977011494,0.580459770114943,118,FALSE,FALSE
2023,"5","Aszodi",47.6523763,19.4759463,8,32,6,6,0,2059,0,12.0319642857143,0.408045977011494,0.75,127,FALSE,FALSE
2023,"6","Bacsalmasi",46.123955,19.32633,3,24,6,8,0,640,0,6.58190476190476,0.408045977011494,0.433908045977011,136,FALSE,FALSE
2023,"7","Bajai",46.1834182,18.9538158,5,4,4,5,1149,2603,9.26142857142857,17.0957142857143,0.910919540229885,0.853448275862069,19,TRUE,TRUE
2023,"8","Baktaloranthazai",47.997697,22.0766029,4,9,6,12,0,531,0,2.8247619047619,0.408045977011494,0.103448275862069,155,FALSE,FALSE
2023,"9","Balassagyarmati",48.078798,19.2938953,8,32,6,6,0,1642,0,12.0319642857143,0.408045977011494,0.75,166,FALSE,FALSE
2023,"10","Balatonalmadi",47.0286976,18.0148627,12,27,6,7,0,1502,0,10.5661375661376,0.408045977011494,0.580459770114943,27,FALSE,FALSE
2023,"11","Balatonfoldvari",46.8497238,17.8794039,7,14,5,13,0,0,0.212244897959184,0,0.859195402298851,0.0373563218390805,36,FALSE,FALSE
2023,"12","Balatonfuredi",46.9564612,17.8889631,3,24,6,8,0,1490,0,6.58190476190476,0.408045977011494,0.433908045977011,46,FALSE,FALSE
2023,"13","Balmazujvarosi",47.612435,21.343577,3,24,6,8,0,965,0,6.58190476190476,0.408045977011494,0.433908045977011,56,FALSE,FALSE
2023,"14","Barcsi",45.959228,17.4666786,2,15,6,11,0,604,0,3.3847619047619,0.408045977011494,0.172413793103448,65,FALSE,FALSE
2023,"15","Batonyterenyei",47.989222,19.828845,13,12,6,9,0,548,0,5.67095238095238,0.408045977011494,0.330459770114943,74,FALSE,FALSE
2023,"16","Bekescsabai",46.6841987,21.0867872,8,32,6,6,0,3753,0,12.0319642857143,0.408045977011494,0.75,82,FALSE,FALSE
2023,"17","Bekesi",46.6704899,21.0434996,3,24,6,8,0,1289,0,6.58190476190476,0.408045977011494,0.433908045977011,92,FALSE,FALSE
2023,"18","Belapatfalvai",48.052725,20.348591,2,15,6,11,0,276,0,3.3847619047619,0.408045977011494,0.172413793103448,98,FALSE,FALSE
2023,"19","Berettyoujfalui",47.233892,21.5340216,3,24,6,8,0,1344,0,6.58190476190476,0.408045977011494,0.433908045977011,99,FALSE,FALSE
2023,"20","Bicskei",47.490759,18.6362719,8,32,6,6,0,2049,0,12.0319642857143,0.408045977011494,0.75,101,FALSE,FALSE
2023,"21","Bodrogkozi",48.263291,21.8918689,13,12,6,9,0,342,0,5.67095238095238,0.408045977011494,0.330459770114943,102,FALSE,FALSE
2023,"22","Bonyhadi",46.2986759,18.5305778,13,12,6,9,0,1045,0,5.67095238095238,0.408045977011494,0.330459770114943,103,FALSE,FALSE
2023,"23","Budaorsi",47.460753,18.9581146,7,14,5,13,520,0,0.212244897959184,0,0.859195402298851,0.0373563218390805,22,FALSE,FALSE
2023,"24","Budapesti",47.4984056,19.0407578,10,1,1,1,242582,100406,1386.18285714286,573.748571428571,1,1,1,TRUE,FALSE
2023,"25","Cegledi",47.1772081,19.7980311,11,10,6,4,0,5423,0,37.9348571428571,0.408045977011494,0.89367816091954,104,FALSE,FALSE
2023,"26","Celldomolki",47.257515,17.1526399,3,24,6,8,0,769,0,6.58190476190476,0.408045977011494,0.433908045977011,105,FALSE,FALSE
2023,"27","Csengeri",47.8350105,22.6822754,4,9,6,12,0,481,0,2.8247619047619,0.408045977011494,0.103448275862069,106,FALSE,FALSE
2023,"28","Csepregi",47.401546,16.7081249,7,14,5,13,0,0,0.212244897959184,0,0.859195402298851,0.0373563218390805,107,FALSE,FALSE
2023,"29","Csongradi",46.710833,20.144575,12,27,6,7,0,803,0,10.5661375661376,0.408045977011494,0.580459770114943,108,FALSE,FALSE
2023,"30","Csornai",47.601529,17.249978,13,12,6,9,0,1156,0,5.67095238095238,0.408045977011494,0.330459770114943,110,FALSE,FALSE
2023,"31","Csurgoi",46.260776,17.095325,9,14,6,10,0,499,0,4.40448979591837,0.408045977011494,0.255747126436782,111,FALSE,FALSE
2023,"32","Dabasi",47.192283,19.330853,8,32,6,6,0,2064,0,12.0319642857143,0.408045977011494,0.75,112,FALSE,FALSE
2023,"33","Debreceni",47.5299739,21.6393571,6,4,2,2,40187,11962,187.041428571428,51.3271428571428,0.985632183908046,0.985632183908046,2,TRUE,TRUE
2023,"34","Derecske-Letavertesi",47.3824608,21.891967,9,14,6,10,0,822,0,4.40448979591837,0.408045977011494,0.255747126436782,113,FALSE,FALSE
2023,"35","Devecseri",47.106397,17.437279,9,14,6,10,0,370,0,4.40448979591837,0.408045977011494,0.255747126436782,114,FALSE,FALSE
2023,"36","Dombovari",46.383295,18.131089,13,12,6,9,0,1170,0,5.67095238095238,0.408045977011494,0.330459770114943,115,FALSE,FALSE
2023,"37","Dorogi",47.7197439,18.7287817,7,14,5,13,0,0,0.212244897959184,0,0.859195402298851,0.0373563218390805,116,FALSE,FALSE
2023,"38","Dunakeszi",47.6297228,19.1380528,11,10,6,4,0,6486,0,37.9348571428571,0.408045977011494,0.89367816091954,117,FALSE,FALSE
2023,"39","Dunaujvarosi",46.980668,18.9127069,1,9,3,3,4848,4341,51.5650793650794,41.9422222222222,0.948275862068966,0.948275862068966,18,TRUE,TRUE
2023,"40","Edelenyi",48.2966608,20.7442671,3,24,6,8,0,962,0,6.58190476190476,0.408045977011494,0.433908045977011,119,FALSE,FALSE
2023,"41","Egri",47.9031987,20.3731077,1,9,3,3,11916,4849,51.5650793650794,41.9422222222222,0.948275862068966,0.948275862068966,8,TRUE,TRUE
2023,"42","Encsi",48.330768,21.1219603,4,9,6,12,0,674,0,2.8247619047619,0.408045977011494,0.103448275862069,120,FALSE,FALSE
2023,"43","Enyingi",46.9296,18.242978,3,24,6,8,0,630,0,6.58190476190476,0.408045977011494,0.433908045977011,121,FALSE,FALSE
2023,"44","Ercsi",47.24966,18.891059,8,32,6,6,0,1408,0,12.0319642857143,0.408045977011494,0.75,122,FALSE,FALSE
2023,"45","Erdi",47.3783095,18.9217973,11,10,6,4,0,8973,0,37.9348571428571,0.408045977011494,0.89367816091954,123,FALSE,FALSE
2023,"46","Esztergomi",47.793308,18.7419333,11,10,6,4,0,4457,0,37.9348571428571,0.408045977011494,0.89367816091954,25,FALSE,FALSE
2023,"47","Fehergyarmati",47.985063,22.517104,3,24,6,8,0,1934,0,6.58190476190476,0.408045977011494,0.433908045977011,124,FALSE,FALSE
2023,"48","Fonyodi",46.749197,17.5558792,8,32,6,6,0,1194,0,12.0319642857143,0.408045977011494,0.75,125,FALSE,FALSE
2023,"49","Fuzesabonyi",47.750888,20.409611,9,14,6,10,0,1110,0,4.40448979591837,0.408045977011494,0.255747126436782,126,FALSE,FALSE
2023,"50","Gardonyi",47.1973503,18.6091412,12,27,6,7,0,2091,0,10.5661375661376,0.408045977011494,0.580459770114943,128,FALSE,FALSE
2023,"51","Godolloi",47.5975105,19.3480017,1,9,3,3,17184,11135,51.5650793650794,41.9422222222222,0.948275862068966,0.948275862068966,5,TRUE,TRUE
2023,"52","Gyali",47.3808958,19.215712,8,32,6,6,0,2409,0,12.0319642857143,0.408045977011494,0.75,129,FALSE,FALSE
2023,"53","Gyongyosi",47.775028,19.9280689,12,27,6,7,0,3592,0,10.5661375661376,0.408045977011494,0.580459770114943,130,FALSE,FALSE
2023,"54","Gyori",47.684051,17.6351011,6,4,2,2,20991,10313,187.041428571428,51.3271428571428,0.985632183908046,0.985632183908046,6,TRUE,TRUE
2023,"55","Gyulai",46.642498,21.268809,8,32,6,6,0,1771,0,12.0319642857143,0.408045977011494,0.75,131,FALSE,FALSE
2023,"56","Hajduboszormenyi",47.673238,21.5076172,8,32,6,6,0,2860,0,12.0319642857143,0.408045977011494,0.75,132,FALSE,FALSE
2023,"57","Hajduhadhazi",47.68197,21.6685631,12,27,6,7,0,1719,0,10.5661375661376,0.408045977011494,0.580459770114943,133,FALSE,FALSE
2023,"58","Hajduszoboszloi",47.443667,21.389719,8,32,6,6,0,2128,0,12.0319642857143,0.408045977011494,0.75,134,FALSE,FALSE
2023,"59","Hatvani",47.668122,19.669901,8,32,6,6,0,2479,0,12.0319642857143,0.408045977011494,0.75,135,FALSE,FALSE
2023,"60","Hevesi",47.5945238,20.2882213,13,12,6,9,0,957,0,5.67095238095238,0.408045977011494,0.330459770114943,137,FALSE,FALSE
2023,"61","Hevizi",46.7905869,17.1843866,7,14,5,13,0,0,0.212244897959184,0,0.859195402298851,0.0373563218390805,138,FALSE,FALSE
2023,"62","Hodmezovasarhelyi",46.430411,20.3188298,8,32,6,6,0,2266,0,12.0319642857143,0.408045977011494,0.75,139,FALSE,FALSE
2023,"63","Ibrany-Nagyhalaszi",48.134908,21.7187528,2,15,6,11,0,705,0,3.3847619047619,0.408045977011494,0.172413793103448,140,FALSE,FALSE
2023,"64","Janoshalmai",46.2967401,19.3228798,9,14,6,10,0,500,0,4.40448979591837,0.408045977011494,0.255747126436782,141,FALSE,FALSE
2023,"65","Jaszberenyi",47.5006181,19.9147188,12,27,6,7,0,3324,0,10.5661375661376,0.408045977011494,0.580459770114943,142,FALSE,FALSE
2023,"66","Kadarkuti",46.2311466,17.6157102,7,14,5,13,0,0,0.212244897959184,0,0.859195402298851,0.0373563218390805,143,FALSE,FALSE
2023,"67","Kalocsai",46.5334145,18.9856969,3,24,6,8,0,1737,0,6.58190476190476,0.408045977011494,0.433908045977011,144,FALSE,FALSE
2023,"68","Kaposvari",46.36653,17.782483,12,27,6,7,0,4930,0,10.5661375661376,0.408045977011494,0.580459770114943,12,TRUE,TRUE
2023,"69","Kapuvar-Beledi",47.5935568,17.0249715,2,15,6,11,0,691,0,3.3847619047619,0.408045977011494,0.172413793103448,145,FALSE,FALSE
2023,"70","Karcagi",47.316632,20.9220631,12,27,6,7,0,1424,0,10.5661375661376,0.408045977011494,0.580459770114943,146,FALSE,FALSE
2023,"71","Kazincbarcikai",48.25317,20.6456512,12,27,6,7,0,2239,0,10.5661375661376,0.408045977011494,0.580459770114943,147,FALSE,FALSE
2023,"72","Kecskemeti",46.9062092,19.6899774,1,9,3,3,7029,8935,51.5650793650794,41.9422222222222,0.948275862068966,0.948275862068966,14,TRUE,TRUE
2023,"73","Keszthelyi",46.7695893,17.2481444,12,27,6,7,0,2140,0,10.5661375661376,0.408045977011494,0.580459770114943,148,FALSE,FALSE
2023,"74","Kisberi",47.501673,18.0269161,3,24,6,8,0,545,0,6.58190476190476,0.408045977011494,0.433908045977011,149,FALSE,FALSE
2023,"75","Kiskorosi",46.620386,19.283827,8,32,6,6,0,1822,0,12.0319642857143,0.408045977011494,0.75,150,FALSE,FALSE
2023,"76","Kiskunfelegyhazai",46.7050953,19.8499199,8,32,6,6,0,1791,0,12.0319642857143,0.408045977011494,0.75,151,FALSE,FALSE
2023,"77","Kiskunhalasi",46.432037,19.4885269,8,32,6,6,0,1810,0,12.0319642857143,0.408045977011494,0.75,152,FALSE,FALSE
2023,"78","Kiskunmajsai",46.492344,19.7368448,8,32,6,6,0,685,0,12.0319642857143,0.408045977011494,0.75,153,FALSE,FALSE
2023,"79","Kisteleki",46.4696447,19.9803972,12,27,6,7,0,636,0,10.5661375661376,0.408045977011494,0.580459770114943,154,FALSE,FALSE
2023,"80","Kisvardai",48.2264002,22.0846211,8,32,6,6,0,2558,0,12.0319642857143,0.408045977011494,0.75,156,FALSE,FALSE
2023,"81","Komaromi",47.7434248,18.1191064,3,24,6,8,0,1687,0,6.58190476190476,0.408045977011494,0.433908045977011,157,FALSE,FALSE
2023,"82","Komloi",47.600636,20.445412,3,24,6,8,0,874,0,6.58190476190476,0.408045977011494,0.433908045977011,158,FALSE,FALSE
2023,"83","Kormendi",47.011113,16.6057156,2,15,6,11,0,861,0,3.3847619047619,0.408045977011494,0.172413793103448,159,FALSE,FALSE
2023,"84","Koszegi",47.381935,16.552229,13,12,6,9,0,950,0,5.67095238095238,0.408045977011494,0.330459770114943,160,FALSE,FALSE
2023,"85","Kunszentmartoni",46.841082,20.287233,3,24,6,8,0,1042,0,6.58190476190476,0.408045977011494,0.433908045977011,161,FALSE,FALSE
2023,"86","Kunszentmiklosi",47.026444,19.1227831,12,27,6,7,0,950,0,10.5661375661376,0.408045977011494,0.580459770114943,162,FALSE,FALSE
2023,"87","Lengyeltoti",46.667049,17.6407711,7,14,5,13,0,0,0.212244897959184,0,0.859195402298851,0.0373563218390805,163,FALSE,FALSE
2023,"88","Lenti",46.623785,16.546001,2,15,6,11,0,624,0,3.3847619047619,0.408045977011494,0.172413793103448,164,FALSE,FALSE
2023,"89","Letenyei",46.4337456,16.7221882,2,15,6,11,0,359,0,3.3847619047619,0.408045977011494,0.172413793103448,165,FALSE,FALSE
2023,"90","Makoi",46.21498,20.47513,12,27,6,7,0,1693,0,10.5661375661376,0.408045977011494,0.580459770114943,167,FALSE,FALSE
2023,"91","Marcali",46.582815,17.4119018,9,14,6,10,0,902,0,4.40448979591837,0.408045977011494,0.255747126436782,168,FALSE,FALSE
2023,"92","Mateszalkai",47.943265,22.316904,13,12,6,9,0,2089,0,5.67095238095238,0.408045977011494,0.330459770114943,169,FALSE,FALSE
2023,"93","Mezocsati",47.823541,20.9028038,9,14,6,10,0,407,0,4.40448979591837,0.408045977011494,0.255747126436782,170,FALSE,FALSE
2023,"94","Mezokovacshazai",46.4071834,20.9241681,9,14,6,10,0,977,0,4.40448979591837,0.408045977011494,0.255747126436782,171,FALSE,FALSE
2023,"95","Mezokovesdi",47.8068796,20.5650907,3,24,6,8,0,1611,0,6.58190476190476,0.408045977011494,0.433908045977011,172,FALSE,FALSE
2023,"96","Mezoturi",47.00278,20.618465,3,24,6,8,0,1098,0,6.58190476190476,0.408045977011494,0.433908045977011,173,FALSE,FALSE
2023,"97","Miskolci",48.1043854,20.7913563,1,9,3,3,14080,11358,51.5650793650794,41.9422222222222,0.948275862068966,0.948275862068966,7,TRUE,TRUE
2023,"98","Mohacsi",45.9959241,18.6798279,9,14,6,10,0,1591,0,4.40448979591837,0.408045977011494,0.255747126436782,174,FALSE,FALSE
2023,"99","Monori",47.34754,19.448946,11,10,6,4,0,6327,0,37.9348571428571,0.408045977011494,0.89367816091954,175,FALSE,FALSE
2023,"100","Morahalomi",46.217922,19.883719,12,27,6,7,0,1205,0,10.5661375661376,0.408045977011494,0.580459770114943,28,FALSE,FALSE
2023,"101","Mori",47.3717781,18.2085973,3,24,6,8,0,1630,0,6.58190476190476,0.408045977011494,0.433908045977011,29,FALSE,FALSE
2023,"102","Mosonmagyarovari",47.8744063,17.2693897,8,32,6,6,0,2771,0,12.0319642857143,0.408045977011494,0.75,30,FALSE,FALSE
2023,"103","Nagyatadi",46.23001,17.3574429,3,24,6,8,0,823,0,6.58190476190476,0.408045977011494,0.433908045977011,31,FALSE,FALSE
2023,"104","Nagykalloi",47.875519,21.8460521,2,15,6,11,0,1044,0,3.3847619047619,0.408045977011494,0.172413793103448,32,FALSE,FALSE
2023,"105","Nagykanizsai",46.455237,16.9953419,8,32,6,6,0,2787,0,12.0319642857143,0.408045977011494,0.75,33,FALSE,FALSE
2023,"106","Nagykatai",47.4181175,19.7422453,8,32,6,6,0,2751,0,12.0319642857143,0.408045977011494,0.75,34,FALSE,FALSE
2023,"107","Nyirbatori",47.835414,22.130289,8,32,6,6,0,1584,0,12.0319642857143,0.408045977011494,0.75,35,FALSE,FALSE
2023,"108","Nyiregyhazai",47.9532583,21.7264647,1,9,3,3,7661,8522,51.5650793650794,41.9422222222222,0.948275862068966,0.948275862068966,11,TRUE,TRUE
2023,"109","Oroshazai",46.5615338,20.6619204,12,27,6,7,0,1727,0,10.5661375661376,0.408045977011494,0.580459770114943,13,TRUE,TRUE
2023,"110","Oroszlanyi",47.4943329,18.3215448,12,27,6,7,0,1103,0,10.5661375661376,0.408045977011494,0.580459770114943,37,FALSE,FALSE
2023,"111","Ozdi",48.2195564,20.2869186,13,12,6,9,0,1626,0,5.67095238095238,0.408045977011494,0.330459770114943,38,FALSE,FALSE
2023,"112","Oriszentpeteri",46.838954,16.4211574,7,14,5,13,0,0,0.212244897959184,0,0.859195402298851,0.0373563218390805,39,FALSE,FALSE
2023,"113","Pacsai",46.7226412,17.0096878,7,14,5,13,0,0,0.212244897959184,0,0.859195402298851,0.0373563218390805,40,FALSE,FALSE
2023,"114","Paksi",46.626368,18.8652409,8,32,6,6,0,2120,0,12.0319642857143,0.408045977011494,0.75,41,FALSE,FALSE
2023,"115","Pannonhalmai",47.55021,17.754228,4,9,6,12,0,626,0,2.8247619047619,0.408045977011494,0.103448275862069,42,FALSE,FALSE
2023,"116","Papai",47.3308153,17.4660302,12,27,6,7,0,1930,0,10.5661375661376,0.408045977011494,0.580459770114943,43,FALSE,FALSE
2023,"117","Pasztoi",47.919562,19.6978939,12,27,6,7,0,1070,0,10.5661375661376,0.408045977011494,0.580459770114943,44,FALSE,FALSE
2023,"118","Pecsi",46.0713242,18.2331772,6,4,2,2,31882,2097,187.041428571428,51.3271428571428,0.985632183908046,0.985632183908046,4,TRUE,TRUE
2023,"119","Pecsvaradi",46.158114,18.422176,4,9,6,12,0,461,0,2.8247619047619,0.408045977011494,0.103448275862069,45,FALSE,FALSE
2023,"120","Petervasarai",48.017941,20.1019849,9,14,6,10,0,650,0,4.40448979591837,0.408045977011494,0.255747126436782,47,FALSE,FALSE
2023,"121","Pilisvorosvari",47.6212089,18.9111742,11,10,6,4,0,4854,0,37.9348571428571,0.408045977011494,0.89367816091954,48,FALSE,FALSE
2023,"122","Polgari",47.866362,21.1242449,7,14,5,13,0,0,0.212244897959184,0,0.859195402298851,0.0373563218390805,49,FALSE,FALSE
2023,"123","Puspokladanyi",47.3176758,21.1165369,12,27,6,7,0,1344,0,10.5661375661376,0.408045977011494,0.580459770114943,50,FALSE,FALSE
2023,"124","Rackevei",47.1611023,18.9455669,11,10,6,4,0,9487,0,37.9348571428571,0.408045977011494,0.89367816091954,51,FALSE,FALSE
2023,"125","Retsagi",47.9278597,19.1372757,12,27,6,7,0,971,0,10.5661375661376,0.408045977011494,0.580459770114943,52,FALSE,FALSE
2023,"126","Salgotarjani",48.0853167,19.7869357,8,32,6,6,0,2251,0,12.0319642857143,0.408045977011494,0.75,53,FALSE,FALSE
2023,"127","Sarbogardi",46.887769,18.6193289,8,32,6,6,0,940,0,12.0319642857143,0.408045977011494,0.75,54,FALSE,FALSE
2023,"128","Sarkadi",46.746283,21.3848669,2,15,6,11,0,634,0,3.3847619047619,0.408045977011494,0.172413793103448,55,FALSE,FALSE
2023,"129","Sarospataki",48.318984,21.5663738,5,4,4,5,1680,1057,9.26142857142857,17.0957142857143,0.910919540229885,0.853448275862069,24,FALSE,FALSE
2023,"130","Sarvari",47.2540616,16.9352309,2,15,6,11,0,1211,0,3.3847619047619,0.408045977011494,0.172413793103448,57,FALSE,FALSE
2023,"131","Sasdi",46.2548488,18.1060595,11,10,6,4,0,7497,0,37.9348571428571,0.408045977011494,0.89367816091954,58,FALSE,FALSE
2023,"132","Satoraljaujhelyi",48.3941408,21.6559965,9,14,6,10,0,1014,0,4.40448979591837,0.408045977011494,0.255747126436782,59,FALSE,FALSE
2023,"133","Sellyei",45.8719698,17.8460989,2,15,6,11,0,247,0,3.3847619047619,0.408045977011494,0.172413793103448,60,FALSE,FALSE
2023,"134","Siklosi",45.852147,18.2988281,3,24,6,8,0,1083,0,6.58190476190476,0.408045977011494,0.433908045977011,61,FALSE,FALSE
2023,"135","Siofoki",46.9057439,18.0525018,8,32,6,6,0,2361,0,12.0319642857143,0.408045977011494,0.75,62,FALSE,FALSE
2023,"136","Sopron-Fertodi",47.684898,16.583053,1,9,3,3,4745,4032,51.5650793650794,41.9422222222222,0.948275862068966,0.948275862068966,10,TRUE,TRUE
2023,"137","Sumegi",46.9775543,17.2819824,2,15,6,11,0,436,0,3.3847619047619,0.408045977011494,0.172413793103448,63,FALSE,FALSE
2023,"138","Szarvasi",46.8595081,20.5595884,12,27,6,7,0,1575,0,10.5661375661376,0.408045977011494,0.580459770114943,21,FALSE,FALSE
2023,"139","Szecsenyi",48.0811488,19.5197217,13,12,6,9,0,623,0,5.67095238095238,0.408045977011494,0.330459770114943,64,FALSE,FALSE
2023,"140","Szegedi",46.2536169,20.1461345,6,4,2,2,37869,11557,187.041428571428,51.3271428571428,0.985632183908046,0.985632183908046,3,TRUE,TRUE
2023,"141","Szeghalomi",47.027309,21.166263,8,32,6,6,0,910,0,12.0319642857143,0.408045977011494,0.75,66,FALSE,FALSE
2023,"142","Szekesfehervari",47.1887157,18.4138088,1,9,3,3,3699,8796,51.5650793650794,41.9422222222222,0.948275862068966,0.948275862068966,20,TRUE,TRUE
2023,"143","Szekszardi",46.3485623,18.7019205,8,32,6,6,0,3169,0,12.0319642857143,0.408045977011494,0.75,67,FALSE,FALSE
2023,"144","Szentendrei",47.6734712,19.07254,11,10,6,4,0,7061,0,37.9348571428571,0.408045977011494,0.89367816091954,68,FALSE,FALSE
2023,"145","Szentesi",46.65192,20.2571842,8,32,6,6,0,1480,0,12.0319642857143,0.408045977011494,0.75,69,FALSE,FALSE
2023,"146","Szentgotthardi",46.9527524,16.2737218,2,15,6,11,0,471,0,3.3847619047619,0.408045977011494,0.172413793103448,70,FALSE,FALSE
2023,"147","Szentlorinci",46.040211,17.989775,3,24,6,8,0,479,0,6.58190476190476,0.408045977011494,0.433908045977011,71,FALSE,FALSE
2023,"148","Szerencsi",48.162418,21.205206,12,27,6,7,0,1475,0,10.5661375661376,0.408045977011494,0.580459770114943,72,FALSE,FALSE
2023,"149","Szigetvari",46.0482577,17.8123125,9,14,6,10,0,649,0,4.40448979591837,0.408045977011494,0.255747126436782,73,FALSE,FALSE
2023,"150","Szikszoi",48.1949949,20.9294318,4,9,6,12,0,509,0,2.8247619047619,0.408045977011494,0.103448275862069,75,FALSE,FALSE
2023,"151","Szobi",47.818012,18.8667731,12,27,6,7,0,1304,0,10.5661375661376,0.408045977011494,0.580459770114943,76,FALSE,FALSE
2023,"152","Szolnoki",47.174662,20.17628,11,10,6,4,0,5821,0,37.9348571428571,0.408045977011494,0.89367816091954,15,TRUE,TRUE
2023,"153","Szombathelyi",47.23514,16.6219178,12,27,6,7,0,5076,0,10.5661375661376,0.408045977011494,0.580459770114943,23,FALSE,FALSE
2023,"154","Tabi",46.729486,18.0329558,4,9,6,12,0,182,0,2.8247619047619,0.408045977011494,0.103448275862069,77,FALSE,FALSE
2023,"155","Tamasi",46.6295947,18.2846991,3,24,6,8,0,1018,0,6.58190476190476,0.408045977011494,0.433908045977011,78,FALSE,FALSE
2023,"156","Tapolcai",46.88289,17.4413581,3,24,6,8,0,1263,0,6.58190476190476,0.408045977011494,0.433908045977011,79,FALSE,FALSE
2023,"157","Tatabanyai",47.5861869,18.3947662,5,4,4,5,1534,4174,9.26142857142857,17.0957142857143,0.910919540229885,0.853448275862069,16,TRUE,TRUE
2023,"158","Tatai",47.655255,18.3285248,8,32,6,6,0,2197,0,12.0319642857143,0.408045977011494,0.75,80,FALSE,FALSE
2023,"159","Teti",47.515979,17.5168418,4,9,6,12,0,487,0,2.8247619047619,0.408045977011494,0.103448275862069,81,FALSE,FALSE
2023,"160","Tiszafuredi",47.615345,20.7617821,8,32,6,6,0,1075,0,12.0319642857143,0.408045977011494,0.75,83,FALSE,FALSE
2023,"161","Tiszaujvarosi",47.92291,21.052195,3,24,6,8,0,1522,0,6.58190476190476,0.408045977011494,0.433908045977011,84,FALSE,FALSE
2023,"162","Tiszavasvari",47.9511368,21.3687867,13,12,6,9,0,883,0,5.67095238095238,0.408045977011494,0.330459770114943,85,FALSE,FALSE
2023,"163","Tokaji",48.119994,21.412563,13,12,6,9,0,520,0,5.67095238095238,0.408045977011494,0.330459770114943,86,FALSE,FALSE
2023,"164","Torokszentmiklosi",47.180736,20.4182932,12,27,6,7,0,1280,0,10.5661375661376,0.408045977011494,0.580459770114943,87,FALSE,FALSE
2023,"165","Vaci",47.7754454,19.1377076,5,4,4,5,2120,4133,9.26142857142857,17.0957142857143,0.910919540229885,0.853448275862069,17,TRUE,TRUE
2023,"166","Varpalotai",47.1973949,18.1396572,12,27,6,7,0,1417,0,10.5661375661376,0.408045977011494,0.580459770114943,88,FALSE,FALSE
2023,"167","Vasarosnamenyi",48.126772,22.318366,3,24,6,8,0,1209,0,6.58190476190476,0.408045977011494,0.433908045977011,89,FALSE,FALSE
2023,"168","Vasvari",47.051087,16.7985158,2,15,6,11,0,391,0,3.3847619047619,0.408045977011494,0.172413793103448,90,FALSE,FALSE
2023,"169","Veresegyhazi",47.65714,19.284962,7,14,5,13,0,0,0.212244897959184,0,0.859195402298851,0.0373563218390805,91,FALSE,FALSE
2023,"170","Veszpremi",47.092967,17.913785,1,9,3,3,10053,4091,51.5650793650794,41.9422222222222,0.948275862068966,0.948275862068966,9,TRUE,TRUE
2023,"171","Zahonyi",48.406999,22.1745391,9,14,6,10,0,644,0,4.40448979591837,0.408045977011494,0.255747126436782,93,FALSE,FALSE
2023,"172","Zalaegerszegi",46.845412,16.8472302,8,32,6,6,0,4235,0,12.0319642857143,0.408045977011494,0.75,94,FALSE,FALSE
2023,"173","Zalakarosi",46.5605989,17.1230251,7,14,5,13,0,0,0.212244897959184,0,0.859195402298851,0.0373563218390805,95,FALSE,FALSE
2023,"174","Zalaszentgroti",46.947143,17.0790458,4,9,6,12,0,498,0,2.8247619047619,0.408045977011494,0.103448275862069,96,FALSE,FALSE
2023,"175","Zirci",47.2630578,17.8725401,9,14,6,10,0,656,0,4.40448979591837,0.408045977011494,0.255747126436782,97,FALSE,FALSE
2024,"1","Abai",47.028736,18.517633,6,14,5,13,0,0,0.195918367346939,0,0.859195402298851,0.0373563218390805,26,FALSE,FALSE
2024,"2","Abauj-Hegykozi",48.471017,21.2741752,7,23,6,11,0,438,0,3.59875776397516,0.408045977011494,0.21264367816092,100,FALSE,FALSE
2024,"3","Adonyi",47.119574,18.8652611,6,14,5,13,0,0,0.195918367346939,0,0.859195402298851,0.0373563218390805,109,FALSE,FALSE
2024,"4","Ajkai",47.1068802,17.563957,8,13,6,10,0,1388,0,5.03340659340659,0.408045977011494,0.316091954022989,118,FALSE,FALSE
2024,"5","Aszodi",47.6523763,19.4759463,5,27,6,7,0,1776,0,11.125291005291,0.408045977011494,0.752873563218391,127,FALSE,FALSE
2024,"6","Bacsalmasi",46.123955,19.32633,2,30,6,9,0,453,0,6.50228571428571,0.408045977011494,0.439655172413793,136,FALSE,FALSE
2024,"7","Bajai",46.1834182,18.9538158,3,4,4,6,1307,2609,10.1214285714286,16.0114285714286,0.910919540229885,0.841954022988506,19,TRUE,TRUE
2024,"8","Baktaloranthazai",47.997697,22.0766029,10,12,6,12,0,518,0,2.52,0.408045977011494,0.112068965517241,155,FALSE,FALSE
2024,"9","Balassagyarmati",48.078798,19.2938953,5,27,6,7,0,1486,0,11.125291005291,0.408045977011494,0.752873563218391,166,FALSE,FALSE
2024,"10","Balatonalmadi",47.0286976,18.0148627,2,30,6,9,0,1474,0,6.50228571428571,0.408045977011494,0.439655172413793,27,FALSE,FALSE
2024,"11","Balatonfoldvari",46.8497238,17.8794039,6,14,5,13,0,0,0.195918367346939,0,0.859195402298851,0.0373563218390805,36,FALSE,FALSE
2024,"12","Balatonfuredi",46.9564612,17.8889631,2,30,6,9,0,1403,0,6.50228571428571,0.408045977011494,0.439655172413793,46,FALSE,FALSE
2024,"13","Balmazujvarosi",47.612435,21.343577,2,30,6,9,0,810,0,6.50228571428571,0.408045977011494,0.439655172413793,56,FALSE,FALSE
2024,"14","Barcsi",45.959228,17.4666786,2,30,6,9,0,694,0,6.50228571428571,0.408045977011494,0.439655172413793,65,FALSE,FALSE
2024,"15","Batonyterenyei",47.989222,19.828845,8,13,6,10,0,599,0,5.03340659340659,0.408045977011494,0.316091954022989,74,FALSE,FALSE
2024,"16","Bekescsabai",46.6841987,21.0867872,5,27,6,7,0,3420,0,11.125291005291,0.408045977011494,0.752873563218391,82,FALSE,FALSE
2024,"17","Bekesi",46.6704899,21.0434996,2,30,6,9,0,1159,0,6.50228571428571,0.408045977011494,0.439655172413793,92,FALSE,FALSE
2024,"18","Belapatfalvai",48.052725,20.348591,10,12,6,12,0,301,0,2.52,0.408045977011494,0.112068965517241,98,FALSE,FALSE
2024,"19","Berettyoujfalui",47.233892,21.5340216,11,26,6,8,0,1374,0,9.43692307692308,0.408045977011494,0.600574712643678,99,FALSE,FALSE
2024,"20","Bicskei",47.490759,18.6362719,5,27,6,7,0,1957,0,11.125291005291,0.408045977011494,0.752873563218391,101,FALSE,FALSE
2024,"21","Bodrogkozi",48.263291,21.8918689,7,23,6,11,0,281,0,3.59875776397516,0.408045977011494,0.21264367816092,102,FALSE,FALSE
2024,"22","Bonyhadi",46.2986759,18.5305778,2,30,6,9,0,955,0,6.50228571428571,0.408045977011494,0.439655172413793,103,FALSE,FALSE
2024,"23","Budaorsi",47.460753,18.9581146,6,14,5,13,480,0,0.195918367346939,0,0.859195402298851,0.0373563218390805,22,FALSE,FALSE
2024,"24","Budapesti",47.4984056,19.0407578,13,1,1,1,233181,99612,1332.46285714286,569.211428571429,1,1,1,TRUE,FALSE
2024,"25","Cegledi",47.1772081,19.7980311,4,9,6,5,0,4677,0,29.871746031746,0.408045977011494,0.879310344827586,104,FALSE,FALSE
2024,"26","Celldomolki",47.257515,17.1526399,10,12,6,12,0,738,0,2.52,0.408045977011494,0.112068965517241,105,FALSE,FALSE
2024,"27","Csengeri",47.8350105,22.6822754,10,12,6,12,0,418,0,2.52,0.408045977011494,0.112068965517241,106,FALSE,FALSE
2024,"28","Csepregi",47.401546,16.7081249,6,14,5,13,0,0,0.195918367346939,0,0.859195402298851,0.0373563218390805,107,FALSE,FALSE
2024,"29","Csongradi",46.710833,20.144575,11,26,6,8,0,805,0,9.43692307692308,0.408045977011494,0.600574712643678,108,FALSE,FALSE
2024,"30","Csornai",47.601529,17.249978,2,30,6,9,0,1018,0,6.50228571428571,0.408045977011494,0.439655172413793,110,FALSE,FALSE
2024,"31","Csurgoi",46.260776,17.095325,7,23,6,11,0,486,0,3.59875776397516,0.408045977011494,0.21264367816092,111,FALSE,FALSE
2024,"32","Dabasi",47.192283,19.330853,5,27,6,7,0,1995,0,11.125291005291,0.408045977011494,0.752873563218391,112,FALSE,FALSE
2024,"33","Debreceni",47.5299739,21.6393571,9,3,2,3,37000,12286,193.472380952381,47.1333333333333,0.988505747126437,0.971264367816092,2,TRUE,TRUE
2024,"34","Derecske-Letavertesi",47.3824608,21.891967,10,12,6,12,0,765,0,2.52,0.408045977011494,0.112068965517241,113,FALSE,FALSE
2024,"35","Devecseri",47.106397,17.437279,10,12,6,12,0,271,0,2.52,0.408045977011494,0.112068965517241,114,FALSE,FALSE
2024,"36","Dombovari",46.383295,18.131089,2,30,6,9,0,915,0,6.50228571428571,0.408045977011494,0.439655172413793,115,FALSE,FALSE
2024,"37","Dorogi",47.7197439,18.7287817,6,14,5,13,0,0,0.195918367346939,0,0.859195402298851,0.0373563218390805,116,FALSE,FALSE
2024,"38","Dunakeszi",47.6297228,19.1380528,4,9,6,5,0,6182,0,29.871746031746,0.408045977011494,0.879310344827586,117,FALSE,FALSE
2024,"39","Dunaujvarosi",46.980668,18.9127069,12,10,3,4,4739,4126,56.5388571428571,41.4131428571429,0.951149425287356,0.933908045977011,18,TRUE,TRUE
2024,"40","Edelenyi",48.2966608,20.7442671,8,13,6,10,0,858,0,5.03340659340659,0.408045977011494,0.316091954022989,119,FALSE,FALSE
2024,"41","Egri",47.9031987,20.3731077,12,10,3,4,12071,4850,56.5388571428571,41.4131428571429,0.951149425287356,0.933908045977011,8,TRUE,TRUE
2024,"42","Encsi",48.330768,21.1219603,7,23,6,11,0,625,0,3.59875776397516,0.408045977011494,0.21264367816092,120,FALSE,FALSE
2024,"43","Enyingi",46.9296,18.242978,2,30,6,9,0,648,0,6.50228571428571,0.408045977011494,0.439655172413793,121,FALSE,FALSE
2024,"44","Ercsi",47.24966,18.891059,5,27,6,7,0,1394,0,11.125291005291,0.408045977011494,0.752873563218391,122,FALSE,FALSE
2024,"45","Erdi",47.3783095,18.9217973,1,3,6,2,0,9033,0,48.2019047619048,0.408045977011494,0.988505747126437,123,FALSE,FALSE
2024,"46","Esztergomi",47.793308,18.7419333,4,9,6,5,0,4107,0,29.871746031746,0.408045977011494,0.879310344827586,25,FALSE,FALSE
2024,"47","Fehergyarmati",47.985063,22.517104,11,26,6,8,0,1848,0,9.43692307692308,0.408045977011494,0.600574712643678,124,FALSE,FALSE
2024,"48","Fonyodi",46.749197,17.5558792,2,30,6,9,0,1333,0,6.50228571428571,0.408045977011494,0.439655172413793,125,FALSE,FALSE
2024,"49","Fuzesabonyi",47.750888,20.409611,7,23,6,11,0,855,0,3.59875776397516,0.408045977011494,0.21264367816092,126,FALSE,FALSE
2024,"50","Gardonyi",47.1973503,18.6091412,5,27,6,7,0,1978,0,11.125291005291,0.408045977011494,0.752873563218391,128,FALSE,FALSE
2024,"51","Godolloi",47.5975105,19.3480017,12,10,3,4,14221,10626,56.5388571428571,41.4131428571429,0.951149425287356,0.933908045977011,5,TRUE,TRUE
2024,"52","Gyali",47.3808958,19.215712,5,27,6,7,0,2369,0,11.125291005291,0.408045977011494,0.752873563218391,129,FALSE,FALSE
2024,"53","Gyongyosi",47.775028,19.9280689,11,26,6,8,0,3197,0,9.43692307692308,0.408045977011494,0.600574712643678,130,FALSE,FALSE
2024,"54","Gyori",47.684051,17.6351011,12,10,3,4,19888,9655,56.5388571428571,41.4131428571429,0.951149425287356,0.933908045977011,6,TRUE,TRUE
2024,"55","Gyulai",46.642498,21.268809,2,30,6,9,0,1926,0,6.50228571428571,0.408045977011494,0.439655172413793,131,FALSE,FALSE
2024,"56","Hajduboszormenyi",47.673238,21.5076172,5,27,6,7,0,2514,0,11.125291005291,0.408045977011494,0.752873563218391,132,FALSE,FALSE
2024,"57","Hajduhadhazi",47.68197,21.6685631,2,30,6,9,0,1658,0,6.50228571428571,0.408045977011494,0.439655172413793,133,FALSE,FALSE
2024,"58","Hajduszoboszloi",47.443667,21.389719,11,26,6,8,0,1876,0,9.43692307692308,0.408045977011494,0.600574712643678,134,FALSE,FALSE
2024,"59","Hatvani",47.668122,19.669901,5,27,6,7,0,2253,0,11.125291005291,0.408045977011494,0.752873563218391,135,FALSE,FALSE
2024,"60","Hevesi",47.5945238,20.2882213,2,30,6,9,0,860,0,6.50228571428571,0.408045977011494,0.439655172413793,137,FALSE,FALSE
2024,"61","Hevizi",46.7905869,17.1843866,6,14,5,13,0,0,0.195918367346939,0,0.859195402298851,0.0373563218390805,138,FALSE,FALSE
2024,"62","Hodmezovasarhelyi",46.430411,20.3188298,5,27,6,7,0,2108,0,11.125291005291,0.408045977011494,0.752873563218391,139,FALSE,FALSE
2024,"63","Ibrany-Nagyhalaszi",48.134908,21.7187528,8,13,6,10,0,648,0,5.03340659340659,0.408045977011494,0.316091954022989,140,FALSE,FALSE
2024,"64","Janoshalmai",46.2967401,19.3228798,7,23,6,11,0,508,0,3.59875776397516,0.408045977011494,0.21264367816092,141,FALSE,FALSE
2024,"65","Jaszberenyi",47.5006181,19.9147188,5,27,6,7,0,2970,0,11.125291005291,0.408045977011494,0.752873563218391,142,FALSE,FALSE
2024,"66","Kadarkuti",46.2311466,17.6157102,6,14,5,13,0,0,0.195918367346939,0,0.859195402298851,0.0373563218390805,143,FALSE,FALSE
2024,"67","Kalocsai",46.5334145,18.9856969,5,27,6,7,0,1663,0,11.125291005291,0.408045977011494,0.752873563218391,144,FALSE,FALSE
2024,"68","Kaposvari",46.36653,17.782483,4,9,6,5,0,4651,0,29.871746031746,0.408045977011494,0.879310344827586,12,TRUE,TRUE
2024,"69","Kapuvar-Beledi",47.5935568,17.0249715,7,23,6,11,0,769,0,3.59875776397516,0.408045977011494,0.21264367816092,145,FALSE,FALSE
2024,"70","Karcagi",47.316632,20.9220631,11,26,6,8,0,1329,0,9.43692307692308,0.408045977011494,0.600574712643678,146,FALSE,FALSE
2024,"71","Kazincbarcikai",48.25317,20.6456512,2,30,6,9,0,2119,0,6.50228571428571,0.408045977011494,0.439655172413793,147,FALSE,FALSE
2024,"72","Kecskemeti",46.9062092,19.6899774,12,10,3,4,6215,8255,56.5388571428571,41.4131428571429,0.951149425287356,0.933908045977011,14,TRUE,TRUE
2024,"73","Keszthelyi",46.7695893,17.2481444,11,26,6,8,0,2044,0,9.43692307692308,0.408045977011494,0.600574712643678,148,FALSE,FALSE
2024,"74","Kisberi",47.501673,18.0269161,7,23,6,11,0,611,0,3.59875776397516,0.408045977011494,0.21264367816092,149,FALSE,FALSE
2024,"75","Kiskorosi",46.620386,19.283827,5,27,6,7,0,1858,0,11.125291005291,0.408045977011494,0.752873563218391,150,FALSE,FALSE
2024,"76","Kiskunfelegyhazai",46.7050953,19.8499199,5,27,6,7,0,1430,0,11.125291005291,0.408045977011494,0.752873563218391,151,FALSE,FALSE
2024,"77","Kiskunhalasi",46.432037,19.4885269,11,26,6,8,0,1524,0,9.43692307692308,0.408045977011494,0.600574712643678,152,FALSE,FALSE
2024,"78","Kiskunmajsai",46.492344,19.7368448,11,26,6,8,0,679,0,9.43692307692308,0.408045977011494,0.600574712643678,153,FALSE,FALSE
2024,"79","Kisteleki",46.4696447,19.9803972,7,23,6,11,0,544,0,3.59875776397516,0.408045977011494,0.21264367816092,154,FALSE,FALSE
2024,"80","Kisvardai",48.2264002,22.0846211,5,27,6,7,0,2416,0,11.125291005291,0.408045977011494,0.752873563218391,156,FALSE,FALSE
2024,"81","Komaromi",47.7434248,18.1191064,2,30,6,9,0,1452,0,6.50228571428571,0.408045977011494,0.439655172413793,157,FALSE,FALSE
2024,"82","Komloi",47.600636,20.445412,2,30,6,9,0,974,0,6.50228571428571,0.408045977011494,0.439655172413793,158,FALSE,FALSE
2024,"83","Kormendi",47.011113,16.6057156,7,23,6,11,0,852,0,3.59875776397516,0.408045977011494,0.21264367816092,159,FALSE,FALSE
2024,"84","Koszegi",47.381935,16.552229,7,23,6,11,0,803,0,3.59875776397516,0.408045977011494,0.21264367816092,160,FALSE,FALSE
2024,"85","Kunszentmartoni",46.841082,20.287233,11,26,6,8,0,977,0,9.43692307692308,0.408045977011494,0.600574712643678,161,FALSE,FALSE
2024,"86","Kunszentmiklosi",47.026444,19.1227831,2,30,6,9,0,824,0,6.50228571428571,0.408045977011494,0.439655172413793,162,FALSE,FALSE
2024,"87","Lengyeltoti",46.667049,17.6407711,6,14,5,13,0,0,0.195918367346939,0,0.859195402298851,0.0373563218390805,163,FALSE,FALSE
2024,"88","Lenti",46.623785,16.546001,8,13,6,10,0,582,0,5.03340659340659,0.408045977011494,0.316091954022989,164,FALSE,FALSE
2024,"89","Letenyei",46.4337456,16.7221882,7,23,6,11,0,405,0,3.59875776397516,0.408045977011494,0.21264367816092,165,FALSE,FALSE
2024,"90","Makoi",46.21498,20.47513,11,26,6,8,0,1355,0,9.43692307692308,0.408045977011494,0.600574712643678,167,FALSE,FALSE
2024,"91","Marcali",46.582815,17.4119018,7,23,6,11,0,803,0,3.59875776397516,0.408045977011494,0.21264367816092,168,FALSE,FALSE
2024,"92","Mateszalkai",47.943265,22.316904,11,26,6,8,0,1940,0,9.43692307692308,0.408045977011494,0.600574712643678,169,FALSE,FALSE
2024,"93","Mezocsati",47.823541,20.9028038,10,12,6,12,0,339,0,2.52,0.408045977011494,0.112068965517241,170,FALSE,FALSE
2024,"94","Mezokovacshazai",46.4071834,20.9241681,11,26,6,8,0,919,0,9.43692307692308,0.408045977011494,0.600574712643678,171,FALSE,FALSE
2024,"95","Mezokovesdi",47.8068796,20.5650907,11,26,6,8,0,1592,0,9.43692307692308,0.408045977011494,0.600574712643678,172,FALSE,FALSE
2024,"96","Mezoturi",47.00278,20.618465,11,26,6,8,0,1005,0,9.43692307692308,0.408045977011494,0.600574712643678,173,FALSE,FALSE
2024,"97","Miskolci",48.1043854,20.7913563,12,10,3,4,13103,10711,56.5388571428571,41.4131428571429,0.951149425287356,0.933908045977011,7,TRUE,TRUE
2024,"98","Mohacsi",45.9959241,18.6798279,11,26,6,8,0,1645,0,9.43692307692308,0.408045977011494,0.600574712643678,174,FALSE,FALSE
2024,"99","Monori",47.34754,19.448946,4,9,6,5,0,6010,0,29.871746031746,0.408045977011494,0.879310344827586,175,FALSE,FALSE
2024,"100","Morahalomi",46.217922,19.883719,7,23,6,11,0,1042,0,3.59875776397516,0.408045977011494,0.21264367816092,28,FALSE,FALSE
2024,"101","Mori",47.3717781,18.2085973,5,27,6,7,0,1597,0,11.125291005291,0.408045977011494,0.752873563218391,29,FALSE,FALSE
2024,"102","Mosonmagyarovari",47.8744063,17.2693897,11,26,6,8,0,2584,0,9.43692307692308,0.408045977011494,0.600574712643678,30,FALSE,FALSE
2024,"103","Nagyatadi",46.23001,17.3574429,7,23,6,11,0,742,0,3.59875776397516,0.408045977011494,0.21264367816092,31,FALSE,FALSE
2024,"104","Nagykalloi",47.875519,21.8460521,8,13,6,10,0,997,0,5.03340659340659,0.408045977011494,0.316091954022989,32,FALSE,FALSE
2024,"105","Nagykanizsai",46.455237,16.9953419,2,30,6,9,0,2555,0,6.50228571428571,0.408045977011494,0.439655172413793,33,FALSE,FALSE
2024,"106","Nagykatai",47.4181175,19.7422453,5,27,6,7,0,2575,0,11.125291005291,0.408045977011494,0.752873563218391,34,FALSE,FALSE
2024,"107","Nyirbatori",47.835414,22.130289,2,30,6,9,0,1392,0,6.50228571428571,0.408045977011494,0.439655172413793,35,FALSE,FALSE
2024,"108","Nyiregyhazai",47.9532583,21.7264647,12,10,3,4,8136,8963,56.5388571428571,41.4131428571429,0.951149425287356,0.933908045977011,11,TRUE,TRUE
2024,"109","Oroshazai",46.5615338,20.6619204,2,30,6,9,0,1689,0,6.50228571428571,0.408045977011494,0.439655172413793,13,TRUE,TRUE
2024,"110","Oroszlanyi",47.4943329,18.3215448,5,27,6,7,0,932,0,11.125291005291,0.408045977011494,0.752873563218391,37,FALSE,FALSE
2024,"111","Ozdi",48.2195564,20.2869186,5,27,6,7,0,1807,0,11.125291005291,0.408045977011494,0.752873563218391,38,FALSE,FALSE
2024,"112","Oriszentpeteri",46.838954,16.4211574,6,14,5,13,0,0,0.195918367346939,0,0.859195402298851,0.0373563218390805,39,FALSE,FALSE
2024,"113","Pacsai",46.7226412,17.0096878,6,14,5,13,0,0,0.195918367346939,0,0.859195402298851,0.0373563218390805,40,FALSE,FALSE
2024,"114","Paksi",46.626368,18.8652409,11,26,6,8,0,1765,0,9.43692307692308,0.408045977011494,0.600574712643678,41,FALSE,FALSE
2024,"115","Pannonhalmai",47.55021,17.754228,8,13,6,10,0,576,0,5.03340659340659,0.408045977011494,0.316091954022989,42,FALSE,FALSE
2024,"116","Papai",47.3308153,17.4660302,11,26,6,8,0,1942,0,9.43692307692308,0.408045977011494,0.600574712643678,43,FALSE,FALSE
2024,"117","Pasztoi",47.919562,19.6978939,11,26,6,8,0,1064,0,9.43692307692308,0.408045977011494,0.600574712643678,44,FALSE,FALSE
2024,"118","Pecsi",46.0713242,18.2331772,9,3,2,3,29131,1755,193.472380952381,47.1333333333333,0.988505747126437,0.971264367816092,4,TRUE,TRUE
2024,"119","Pecsvaradi",46.158114,18.422176,7,23,6,11,0,412,0,3.59875776397516,0.408045977011494,0.21264367816092,45,FALSE,FALSE
2024,"120","Petervasarai",48.017941,20.1019849,2,30,6,9,0,625,0,6.50228571428571,0.408045977011494,0.439655172413793,47,FALSE,FALSE
2024,"121","Pilisvorosvari",47.6212089,18.9111742,4,9,6,5,0,4800,0,29.871746031746,0.408045977011494,0.879310344827586,48,FALSE,FALSE
2024,"122","Polgari",47.866362,21.1242449,6,14,5,13,0,0,0.195918367346939,0,0.859195402298851,0.0373563218390805,49,FALSE,FALSE
2024,"123","Puspokladanyi",47.3176758,21.1165369,2,30,6,9,0,1244,0,6.50228571428571,0.408045977011494,0.439655172413793,50,FALSE,FALSE
2024,"124","Rackevei",47.1611023,18.9455669,1,3,6,2,0,8604,0,48.2019047619048,0.408045977011494,0.988505747126437,51,FALSE,FALSE
2024,"125","Retsagi",47.9278597,19.1372757,11,26,6,8,0,927,0,9.43692307692308,0.408045977011494,0.600574712643678,52,FALSE,FALSE
2024,"126","Salgotarjani",48.0853167,19.7869357,5,27,6,7,0,1796,0,11.125291005291,0.408045977011494,0.752873563218391,53,FALSE,FALSE
2024,"127","Sarbogardi",46.887769,18.6193289,2,30,6,9,0,789,0,6.50228571428571,0.408045977011494,0.439655172413793,54,FALSE,FALSE
2024,"128","Sarkadi",46.746283,21.3848669,7,23,6,11,0,585,0,3.59875776397516,0.408045977011494,0.21264367816092,55,FALSE,FALSE
2024,"129","Sarospataki",48.318984,21.5663738,3,4,4,6,2089,1038,10.1214285714286,16.0114285714286,0.910919540229885,0.841954022988506,24,FALSE,FALSE
2024,"130","Sarvari",47.2540616,16.9352309,2,30,6,9,0,1167,0,6.50228571428571,0.408045977011494,0.439655172413793,57,FALSE,FALSE
2024,"131","Sasdi",46.2548488,18.1060595,1,3,6,2,0,7669,0,48.2019047619048,0.408045977011494,0.988505747126437,58,FALSE,FALSE
2024,"132","Satoraljaujhelyi",48.3941408,21.6559965,8,13,6,10,0,951,0,5.03340659340659,0.408045977011494,0.316091954022989,59,FALSE,FALSE
2024,"133","Sellyei",45.8719698,17.8460989,10,12,6,12,0,247,0,2.52,0.408045977011494,0.112068965517241,60,FALSE,FALSE
2024,"134","Siklosi",45.852147,18.2988281,2,30,6,9,0,1092,0,6.50228571428571,0.408045977011494,0.439655172413793,61,FALSE,FALSE
2024,"135","Siofoki",46.9057439,18.0525018,5,27,6,7,0,2415,0,11.125291005291,0.408045977011494,0.752873563218391,62,FALSE,FALSE
2024,"136","Sopron-Fertodi",47.684898,16.583053,12,10,3,4,4587,3835,56.5388571428571,41.4131428571429,0.951149425287356,0.933908045977011,10,TRUE,TRUE
2024,"137","Sumegi",46.9775543,17.2819824,7,23,6,11,0,427,0,3.59875776397516,0.408045977011494,0.21264367816092,63,FALSE,FALSE
2024,"138","Szarvasi",46.8595081,20.5595884,5,27,6,7,0,1869,0,11.125291005291,0.408045977011494,0.752873563218391,21,FALSE,FALSE
2024,"139","Szecsenyi",48.0811488,19.5197217,2,30,6,9,0,678,0,6.50228571428571,0.408045977011494,0.439655172413793,64,FALSE,FALSE
2024,"140","Szegedi",46.2536169,20.1461345,9,3,2,3,35442,10704,193.472380952381,47.1333333333333,0.988505747126437,0.971264367816092,3,TRUE,TRUE
2024,"141","Szeghalomi",47.027309,21.166263,8,13,6,10,0,932,0,5.03340659340659,0.408045977011494,0.316091954022989,66,FALSE,FALSE
2024,"142","Szekesfehervari",47.1887157,18.4138088,12,10,3,4,5890,7523,56.5388571428571,41.4131428571429,0.951149425287356,0.933908045977011,20,TRUE,TRUE
2024,"143","Szekszardi",46.3485623,18.7019205,11,26,6,8,0,3007,0,9.43692307692308,0.408045977011494,0.600574712643678,67,FALSE,FALSE
2024,"144","Szentendrei",47.6734712,19.07254,4,9,6,5,0,6509,0,29.871746031746,0.408045977011494,0.879310344827586,68,FALSE,FALSE
2024,"145","Szentesi",46.65192,20.2571842,5,27,6,7,0,1557,0,11.125291005291,0.408045977011494,0.752873563218391,69,FALSE,FALSE
2024,"146","Szentgotthardi",46.9527524,16.2737218,7,23,6,11,0,446,0,3.59875776397516,0.408045977011494,0.21264367816092,70,FALSE,FALSE
2024,"147","Szentlorinci",46.040211,17.989775,2,30,6,9,0,476,0,6.50228571428571,0.408045977011494,0.439655172413793,71,FALSE,FALSE
2024,"148","Szerencsi",48.162418,21.205206,2,30,6,9,0,1337,0,6.50228571428571,0.408045977011494,0.439655172413793,72,FALSE,FALSE
2024,"149","Szigetvari",46.0482577,17.8123125,10,12,6,12,0,671,0,2.52,0.408045977011494,0.112068965517241,73,FALSE,FALSE
2024,"150","Szikszoi",48.1949949,20.9294318,10,12,6,12,0,495,0,2.52,0.408045977011494,0.112068965517241,75,FALSE,FALSE
2024,"151","Szobi",47.818012,18.8667731,11,26,6,8,0,1410,0,9.43692307692308,0.408045977011494,0.600574712643678,76,FALSE,FALSE
2024,"152","Szolnoki",47.174662,20.17628,4,9,6,5,0,5164,0,29.871746031746,0.408045977011494,0.879310344827586,15,TRUE,TRUE
2024,"153","Szombathelyi",47.23514,16.6219178,4,9,6,5,0,4948,0,29.871746031746,0.408045977011494,0.879310344827586,23,FALSE,FALSE
2024,"154","Tabi",46.729486,18.0329558,10,12,6,12,0,215,0,2.52,0.408045977011494,0.112068965517241,77,FALSE,FALSE
2024,"155","Tamasi",46.6295947,18.2846991,11,26,6,8,0,927,0,9.43692307692308,0.408045977011494,0.600574712643678,78,FALSE,FALSE
2024,"156","Tapolcai",46.88289,17.4413581,7,23,6,11,0,1286,0,3.59875776397516,0.408045977011494,0.21264367816092,79,FALSE,FALSE
2024,"157","Tatabanyai",47.5861869,18.3947662,3,4,4,6,1862,3827,10.1214285714286,16.0114285714286,0.910919540229885,0.841954022988506,16,TRUE,TRUE
2024,"158","Tatai",47.655255,18.3285248,5,27,6,7,0,2238,0,11.125291005291,0.408045977011494,0.752873563218391,80,FALSE,FALSE
2024,"159","Teti",47.515979,17.5168418,7,23,6,11,0,436,0,3.59875776397516,0.408045977011494,0.21264367816092,81,FALSE,FALSE
2024,"160","Tiszafuredi",47.615345,20.7617821,5,27,6,7,0,1052,0,11.125291005291,0.408045977011494,0.752873563218391,83,FALSE,FALSE
2024,"161","Tiszaujvarosi",47.92291,21.052195,8,13,6,10,0,1349,0,5.03340659340659,0.408045977011494,0.316091954022989,84,FALSE,FALSE
2024,"162","Tiszavasvari",47.9511368,21.3687867,8,13,6,10,0,735,0,5.03340659340659,0.408045977011494,0.316091954022989,85,FALSE,FALSE
2024,"163","Tokaji",48.119994,21.412563,2,30,6,9,0,418,0,6.50228571428571,0.408045977011494,0.439655172413793,86,FALSE,FALSE
2024,"164","Torokszentmiklosi",47.180736,20.4182932,5,27,6,7,0,1142,0,11.125291005291,0.408045977011494,0.752873563218391,87,FALSE,FALSE
2024,"165","Vaci",47.7754454,19.1377076,3,4,4,6,1827,3734,10.1214285714286,16.0114285714286,0.910919540229885,0.841954022988506,17,TRUE,TRUE
2024,"166","Varpalotai",47.1973949,18.1396572,11,26,6,8,0,1297,0,9.43692307692308,0.408045977011494,0.600574712643678,88,FALSE,FALSE
2024,"167","Vasarosnamenyi",48.126772,22.318366,8,13,6,10,0,1318,0,5.03340659340659,0.408045977011494,0.316091954022989,89,FALSE,FALSE
2024,"168","Vasvari",47.051087,16.7985158,10,12,6,12,0,314,0,2.52,0.408045977011494,0.112068965517241,90,FALSE,FALSE
2024,"169","Veresegyhazi",47.65714,19.284962,6,14,5,13,0,0,0.195918367346939,0,0.859195402298851,0.0373563218390805,91,FALSE,FALSE
2024,"170","Veszpremi",47.092967,17.913785,12,10,3,4,10093,3929,56.5388571428571,41.4131428571429,0.951149425287356,0.933908045977011,9,TRUE,TRUE
2024,"171","Zahonyi",48.406999,22.1745391,8,13,6,10,0,518,0,5.03340659340659,0.408045977011494,0.316091954022989,93,FALSE,FALSE
2024,"172","Zalaegerszegi",46.845412,16.8472302,11,26,6,8,0,3906,0,9.43692307692308,0.408045977011494,0.600574712643678,94,FALSE,FALSE
2024,"173","Zalakarosi",46.5605989,17.1230251,6,14,5,13,0,0,0.195918367346939,0,0.859195402298851,0.0373563218390805,95,FALSE,FALSE
2024,"174","Zalaszentgroti",46.947143,17.0790458,7,23,6,11,0,472,0,3.59875776397516,0.408045977011494,0.21264367816092,96,FALSE,FALSE
2024,"175","Zirci",47.2630578,17.8725401,7,23,6,11,0,657,0,3.59875776397516,0.408045977011494,0.21264367816092,97,FALSE,FALSE
